2015-01-02,111.44,107.35,111.39,109.33,53204600,101.528
2015-01-05,108.65,105.41,108.29,106.25,64285500,98.668
2015-01-06,107.43,104.63,106.54,106.26,65797100,98.6773
2015-01-07,108.2,106.7,107.2,107.75,40105900,100.061
2015-01-08,112.15,108.7,109.23,111.89,59364500,103.906
2015-01-09,113.25,110.21,112.67,112.01,53699500,104.017
2015-01-12,112.63,108.8,112.6,109.25,49650800,101.454
2015-01-13,112.8,108.91,111.43,110.22,67091900,102.355
2015-01-14,110.49,108.5,109.04,109.8,48337000,101.965
2015-01-15,110.06,106.66,110,106.82,60014000,99.1973
2015-01-16,107.58,105.2,107.03,105.99,78513300,98.4265
2015-01-20,108.97,106.5,107.84,108.72,49899900,100.962
2015-01-21,111.06,108.27,108.95,109.55,48575900,101.733
2015-01-22,112.47,109.72,110.26,112.4,53796400,104.379
2015-01-23,113.75,111.53,112.3,112.98,46464800,104.918
2015-01-26,114.36,112.8,113.74,113.1,55615000,105.029
2015-01-27,112.48,109.03,112.42,109.14,95568700,101.352
2015-01-28,118.12,115.31,117.63,115.31,146477100,107.081
2015-01-29,119.19,115.56,116.32,118.9,84436400,110.415
2015-01-30,120,116.85,118.4,117.16,83745500,108.799
2015-02-02,119.17,116.08,118.05,118.63,62739100,110.165
2015-02-03,119.09,117.61,118.5,118.65,51915700,110.183
2015-02-04,120.51,118.31,118.5,119.56,70149700,111.028
2015-02-05,120.23,119.25,120.02,119.94,42246200,111.821
2015-02-06,120.25,118.45,120.02,118.93,43706600,110.879
2015-02-09,119.84,118.43,118.55,119.72,38889800,111.616
2015-02-10,122.15,120.16,120.17,122.02,62008500,113.76
2015-02-11,124.92,122.5,122.77,124.88,73561800,116.426
2015-02-12,127.48,125.57,126.06,126.46,74474500,117.899
2015-02-13,127.28,125.65,127.28,127.08,54272200,118.477
2015-02-17,128.88,126.92,127.49,127.83,63152400,119.177
2015-02-18,128.78,127.45,127.63,128.72,44891700,120.006
2015-02-19,129.03,128.33,128.48,128.45,37362400,119.755
2015-02-20,129.5,128.05,128.62,129.5,48948400,120.733
2015-02-23,133,129.66,130.02,133,70974100,123.997
2015-02-24,133.6,131.17,132.94,132.17,69228100,123.223
2015-02-25,131.6,128.15,131.56,128.79,74711700,120.072
2015-02-26,130.87,126.61,128.79,130.42,91287500,121.591
2015-02-27,130.57,128.24,130,128.46,62014800,119.764
2015-03-02,130.28,128.3,129.25,129.09,48096700,120.351
2015-03-03,129.52,128.09,128.96,129.36,37816300,120.603
2015-03-04,129.56,128.32,129.1,128.54,31666300,119.838
2015-03-05,128.75,125.76,128.58,126.41,56517100,117.853
2015-03-06,129.37,126.26,128.4,126.6,72842100,118.03
2015-03-09,129.57,125.06,127.96,127.14,88528500,118.533
2015-03-10,127.22,123.8,126.41,124.51,68856600,116.081
2015-03-11,124.77,122.11,124.75,122.24,68939000,113.965
2015-03-12,124.9,121.63,122.31,124.45,48362700,116.025
2015-03-13,125.4,122.58,124.4,123.59,51827300,115.224
2015-03-16,124.95,122.87,123.88,124.95,35874300,116.491
2015-03-17,127.32,125.65,125.9,127.04,51023100,118.44
2015-03-18,129.16,126.37,127,128.47,65270900,119.773
2015-03-19,129.25,127.4,128.75,127.5,45809500,118.869
2015-03-20,128.4,125.16,128.25,125.9,68695100,117.377
2015-03-23,127.85,126.52,127.12,127.21,37709700,118.599
2015-03-24,128.04,126.56,127.23,126.69,32842300,118.114
2015-03-25,126.82,123.38,126.54,123.38,51655200,115.028
2015-03-26,124.88,122.6,122.76,124.24,47572900,115.83
2015-03-27,124.7,122.91,124.57,123.25,39546200,114.907
2015-03-30,126.4,124,124.05,126.37,47099700,117.815
2015-03-31,126.49,124.36,126.09,124.43,42090600,116.007
2015-04-01,125.12,123.1,124.82,124.25,40621400,115.839
2015-04-02,125.56,124.19,125.03,125.32,32220100,116.836
2015-04-06,127.51,124.33,124.47,127.35,37194000,118.729
2015-04-07,128.12,125.98,127.64,126.01,35012300,117.48
2015-04-08,126.4,124.97,125.85,125.6,37329200,117.097
2015-04-09,126.58,124.66,125.85,126.56,32484000,117.992
2015-04-10,127.21,125.26,125.95,127.1,40188000,118.496
2015-04-13,128.57,126.61,128.37,126.85,36365100,118.263
2015-04-14,127.29,125.91,127,126.3,25524600,117.75
2015-04-15,127.13,126.01,126.41,126.78,28970400,118.198
2015-04-16,127.1,126.11,126.28,126.17,28369000,117.629
2015-04-17,126.14,124.46,125.55,124.75,51957000,116.305
2015-04-20,128.12,125.17,125.57,127.6,47054300,118.962
2015-04-21,128.2,126.67,128.1,126.91,32435100,118.319
2015-04-22,128.87,126.32,126.99,128.62,37654500,119.913
2015-04-23,130.42,128.14,128.3,129.67,45770900,120.892
2015-04-24,130.63,129.23,130.49,130.28,44525900,121.461
2015-04-27,133.13,131.15,132.31,132.65,96954200,123.67
2015-04-28,134.54,129.57,134.46,130.56,118924000,121.722
2015-04-29,131.59,128.3,130.16,128.64,63386100,119.932
2015-04-30,128.64,124.58,128.64,125.15,83195400,116.678
2015-05-01,130.13,125.3,126.1,128.95,58512600,120.221
2015-05-04,130.57,128.26,129.5,128.7,50988300,119.988
2015-05-05,128.45,125.78,128.15,125.8,49271400,117.284
2015-05-06,126.75,123.36,126.56,125.01,72141000,116.547
2015-05-07,126.08,124.02,124.77,125.26,43940900,117.268
2015-05-08,127.62,126.11,126.68,127.62,55550400,119.478
2015-05-11,127.56,125.63,127.39,126.32,42035800,118.261
2015-05-12,126.88,124.82,125.6,125.87,48160000,117.839
2015-05-13,127.19,125.87,126.15,126.01,34694200,117.97
2015-05-14,128.95,127.16,127.41,128.95,45203500,120.723
2015-05-15,129.49,128.21,129.07,128.77,38208000,120.554
2015-05-18,130.72,128.36,128.38,130.19,50882900,121.884
2015-05-19,130.88,129.64,130.69,130.07,44633200,121.771
2015-05-20,130.98,129.34,130,130.06,36454900,121.762
2015-05-21,131.63,129.83,130.07,131.39,39730400,123.007
2015-05-22,132.97,131.4,131.6,132.54,45596000,124.084
2015-05-26,132.91,129.12,132.6,129.62,70697600,121.35
2015-05-27,132.26,130.05,130.34,132.04,45833200,123.616
2015-05-28,131.95,131.1,131.86,131.78,30733300,123.372
2015-05-29,131.45,129.9,131.23,130.28,50884500,121.968
2015-06-01,131.39,130.05,130.28,130.54,32112800,122.211
2015-06-02,130.66,129.32,129.86,129.96,33667600,121.668
2015-06-03,130.94,129.9,130.66,130.12,30889400,121.818
2015-06-04,130.58,128.91,129.58,129.36,38450100,121.107
2015-06-05,129.69,128.36,129.5,128.65,35626800,120.442
2015-06-08,129.21,126.83,128.9,127.8,52674800,119.646
2015-06-09,128.08,125.62,126.7,127.42,56075400,119.29
2015-06-10,129.34,127.85,127.92,128.88,39087300,120.657
2015-06-11,130.18,128.48,129.18,128.59,35390900,120.386
2015-06-12,128.33,127.11,128.19,127.17,36886200,119.056
2015-06-15,127.24,125.71,126.1,126.92,43988900,118.822
2015-06-16,127.85,126.37,127.03,127.6,31494100,119.459
2015-06-17,127.88,126.74,127.72,127.3,32918100,119.178
2015-06-18,128.31,127.22,127.23,127.88,35407200,119.721
2015-06-19,127.82,126.4,127.71,126.6,54716900,118.523
2015-06-22,128.06,127.08,127.49,127.61,34039300,119.468
2015-06-23,127.61,126.88,127.48,127.03,30268900,118.925
2015-06-24,129.8,127.12,127.21,128.11,55280900,119.936
2015-06-25,129.2,127.5,128.86,127.5,31938100,119.365
2015-06-26,127.99,126.51,127.67,126.75,44066800,118.663
2015-06-29,126.47,124.48,125.46,124.53,49161400,116.585
2015-06-30,126.12,124.86,125.57,125.43,44370700,117.427
2015-07-01,126.94,125.99,126.9,126.6,30238800,118.523
2015-07-02,126.69,125.77,126.43,126.44,27211000,118.373
2015-07-06,126.23,124.85,124.94,126,28060400,117.961
2015-07-07,126.15,123.77,125.89,125.69,46946800,117.671
2015-07-08,124.64,122.54,124.48,122.57,60761600,114.75
2015-07-09,124.06,119.22,123.85,120.07,77821600,112.409
2015-07-10,123.85,121.21,121.94,123.28,61354500,115.415
2015-07-13,125.76,124.32,125.03,125.66,41440500,117.643
2015-07-14,126.37,125.04,126.04,125.61,31768100,117.596
2015-07-15,127.15,125.58,125.72,126.82,33649200,118.729
2015-07-16,128.57,127.35,127.74,128.51,36222400,120.311
2015-07-17,129.62,128.31,129.08,129.62,46164700,121.35
2015-07-20,132.97,130.7,130.97,132.07,58900200,123.644
2015-07-21,132.92,130.32,132.85,130.75,76756400,122.408
2015-07-22,125.5,121.99,121.99,125.22,115450600,117.231
2015-07-23,127.09,125.06,126.2,125.16,50999500,117.175
2015-07-24,125.74,123.9,125.32,124.5,42162300,116.557
2015-07-27,123.61,122.12,123.09,122.77,44455500,114.937
2015-07-28,123.91,122.55,123.38,123.38,33618100,115.508
2015-07-29,123.5,122.27,123.15,122.99,37011700,115.143
2015-07-30,122.57,121.71,122.32,122.37,33628300,114.563
2015-07-31,122.64,120.91,122.6,121.3,42885000,113.561
2015-08-03,122.57,117.52,121.5,118.44,69976000,110.883
2015-08-04,117.7,113.25,117.42,114.64,124138600,107.326
2015-08-05,117.44,112.1,112.95,115.4,99312600,108.037
2015-08-06,116.5,114.12,115.97,115.13,52903000,108.272
2015-08-07,116.25,114.5,114.58,115.52,38670400,108.639
2015-08-10,119.99,116.53,116.53,119.72,54951600,112.589
2015-08-11,118.18,113.33,117.81,113.49,97082800,106.73
2015-08-12,115.42,109.63,112.53,115.24,101217500,108.376
2015-08-13,116.4,114.54,116.04,115.15,48535800,108.291
2015-08-14,116.31,114.01,114.32,115.96,42929500,109.053
2015-08-17,117.65,115.5,116.04,117.16,40884700,110.182
2015-08-18,117.44,116.01,116.43,116.5,34560700,109.561
2015-08-19,116.52,114.68,116.1,115.01,47445700,108.16
2015-08-20,114.35,111.63,114.08,112.65,68501600,105.94
2015-08-21,111.9,105.65,110.43,105.76,128275500,99.4606
2015-08-24,108.8,92,94.87,103.12,162206300,96.9778
2015-08-25,111.11,103.5,111.11,103.74,103601600,97.5609
2015-08-26,109.89,105.05,107.09,109.69,96774600,103.157
2015-08-27,113.24,110.02,112.23,112.92,84616100,106.194
2015-08-28,113.31,111.54,112.17,113.29,53164400,106.542
2015-08-31,114.53,112,112.03,112.76,56229300,106.044
2015-09-01,111.88,107.36,110.15,107.72,76845900,101.304
2015-09-02,112.34,109.13,110.23,112.34,61888800,105.649
2015-09-03,112.78,110.04,112.49,110.37,53233900,103.796
2015-09-04,110.45,108.51,108.97,109.27,49996300,102.762
2015-09-08,112.56,110.32,111.75,112.31,54843600,105.62
2015-09-09,114.02,109.77,113.76,110.15,85010800,103.589
2015-09-10,113.28,109.9,110.27,112.57,62892800,105.865
2015-09-11,114.21,111.76,111.79,114.21,49915500,107.407
2015-09-14,116.89,114.86,116.58,115.31,58363400,108.442
2015-09-15,116.53,114.42,115.93,116.28,43341200,109.354
2015-09-16,116.54,115.44,116.25,116.41,37173500,109.476
2015-09-17,116.49,113.72,115.66,113.92,64112600,107.135
2015-09-18,114.3,111.87,112.21,113.45,74285300,106.693
2015-09-21,115.37,113.66,113.67,115.21,50222000,108.348
2015-09-22,114.18,112.52,113.38,113.4,50346200,106.646
2015-09-23,114.72,113.3,113.63,114.32,35756700,107.511
2015-09-24,115.5,112.37,113.25,115,50219500,108.15
2015-09-25,116.69,114.02,116.44,114.71,56151900,107.878
2015-09-28,114.57,112.44,113.85,112.44,52109000,105.743
2015-09-29,113.51,107.86,112.83,109.06,73365400,102.564
2015-09-30,111.54,108.73,110.17,110.3,66473000,103.73
2015-10-01,109.62,107.31,109.07,109.58,63929100,103.053
2015-10-02,111.01,107.55,108.01,110.38,58019800,103.805
2015-10-05,111.37,109.07,109.88,110.78,52064700,104.182
2015-10-06,111.74,109.77,110.63,111.31,48196800,104.68
2015-10-07,111.77,109.41,111.74,110.78,46765600,104.182
2015-10-08,110.19,108.21,110.19,109.5,61979600,102.978
2015-10-09,112.28,109.49,110,112.12,52766100,105.442
2015-10-12,112.75,111.44,112.73,111.6,30467200,104.953
2015-10-13,112.45,110.68,110.82,111.79,33049300,105.131
2015-10-14,111.52,109.56,111.29,110.21,44462400,103.646
2015-10-15,112.1,110.49,110.93,111.86,37673500,105.197
2015-10-16,112,110.53,111.78,111.04,39232600,104.426
2015-10-19,111.75,110.11,110.8,111.73,29759200,105.075
2015-10-20,114.17,110.82,111.34,113.77,48778800,106.993
2015-10-21,115.58,113.7,114,113.76,41795200,106.984
2015-10-22,115.5,114.1,114.33,115.5,41654100,108.62
2015-10-23,119.23,116.33,116.7,119.08,59366900,111.987
2015-10-26,118.13,114.92,118.08,115.28,66333800,108.414
2015-10-27,116.54,113.99,115.4,114.55,69884400,107.727
2015-10-28,119.3,116.06,116.93,119.27,85551400,112.166
2015-10-29,120.69,118.27,118.7,120.53,51227300,113.351
2015-10-30,121.22,119.45,120.99,119.5,49365300,112.382
2015-11-02,121.36,119.61,120.8,121.18,32203300,113.962
2015-11-03,123.49,120.7,120.79,122.57,45519000,115.269
2015-11-04,123.82,121.62,123.13,122,44886100,114.733
2015-11-05,122.69,120.18,121.85,120.92,39552700,114.204
2015-11-06,121.81,120.62,121.11,121.06,33042300,114.337
2015-11-09,121.81,120.05,120.96,120.57,33871400,113.874
2015-11-10,118.07,116.06,116.9,116.77,59127900,110.285
2015-11-11,117.42,115.21,116.37,116.11,45218000,109.662
2015-11-12,116.82,115.65,116.26,115.72,32525600,109.293
2015-11-13,115.57,112.27,115.2,112.34,45812400,106.101
2015-11-16,114.24,111,111.38,114.18,38106700,107.839
2015-11-17,115.05,113.32,114.92,113.69,27616900,107.376
2015-11-18,117.49,115.5,115.76,117.29,46674700,110.776
2015-11-19,119.75,116.76,117.64,118.78,43295800,112.183
2015-11-20,119.92,118.85,119.2,119.3,34287100,112.674
2015-11-23,119.73,117.34,119.27,117.75,32482500,111.21
2015-11-24,119.35,117.12,117.33,118.88,42803200,112.278
2015-11-25,119.23,117.92,119.21,118.03,21388300,111.475
2015-11-27,118.41,117.6,118.29,117.81,13046400,111.267
2015-11-30,119.41,117.75,117.99,118.3,39180300,111.73
2015-12-01,118.81,116.86,118.75,117.34,34852400,110.823
2015-12-02,118.11,116.08,117.34,116.28,33386600,109.822
2015-12-03,116.79,114.22,116.55,115.2,41569500,108.802
2015-12-04,119.25,115.11,115.29,119.03,57777000,112.419
2015-12-07,119.86,117.81,118.98,118.28,32084200,111.711
2015-12-08,118.6,116.86,117.52,118.23,34309500,111.664
2015-12-09,117.69,115.08,117.64,115.62,46361400,109.199
2015-12-10,116.94,115.51,116.04,116.17,29104200,109.718
2015-12-11,115.39,112.85,115.19,113.18,46886200,106.894
2015-12-14,112.68,109.79,112.18,112.48,64318700,106.233
2015-12-15,112.8,110.35,111.94,110.49,53323100,104.354
2015-12-16,111.99,108.8,111.07,111.34,56238500,105.156
2015-12-17,112.25,108.98,112.02,108.98,44772800,102.928
2015-12-18,109.52,105.81,108.91,106.03,96453300,100.141
2015-12-21,107.37,105.57,107.28,107.33,47590600,101.369
2015-12-22,107.72,106.45,107.4,107.23,32789400,101.275
2015-12-23,108.85,107.2,107.27,108.61,32657400,102.578
2015-12-24,109,107.95,109,108.03,13570400,102.03
2015-12-28,107.69,106.18,107.59,106.82,26704200,100.887
2015-12-29,109.43,106.86,106.96,108.74,30931200,102.701
2015-12-30,108.7,107.18,108.58,107.32,25213800,101.36
2015-12-31,107.03,104.82,107.01,105.26,40635300,99.4141
2016-01-04,105.37,102,102.61,105.35,67649400,99.4991
2016-01-05,105.85,102.41,105.75,102.71,55791000,97.0057
2016-01-06,102.37,99.87,100.56,100.7,68457400,95.1074
2016-01-07,100.13,96.43,98.68,96.45,81094400,91.0934
2016-01-08,99.11,96.76,98.55,96.96,70798000,91.5751
2016-01-11,99.06,97.34,98.97,98.53,49739400,93.0579
2016-01-12,100.69,98.84,100.55,99.96,49154200,94.4084
2016-01-13,101.19,97.3,100.32,97.39,62439600,91.9812
2016-01-14,100.48,95.74,97.96,99.52,63170100,93.9929
2016-01-15,97.71,95.36,96.2,97.13,79010000,91.7356
2016-01-19,98.65,95.5,98.41,96.66,53087700,91.2917
2016-01-20,98.19,93.42,95.1,96.79,72334400,91.4145
2016-01-21,97.88,94.94,97.06,96.3,52161500,90.9517
2016-01-22,101.46,98.37,98.63,101.42,65800500,95.7874
2016-01-25,101.53,99.21,101.52,99.44,51794500,93.9173
2016-01-26,100.88,98.07,99.93,99.99,75077000,94.4368
2016-01-27,96.63,93.34,96.04,93.42,133369700,88.2317
2016-01-28,94.52,92.39,93.79,94.09,55678800,88.8644
2016-01-29,97.34,94.35,94.79,97.34,64416500,91.934
2016-02-01,96.71,95.4,96.47,96.43,40943500,91.0745
2016-02-02,96.04,94.28,95.42,94.48,37357200,89.2328
2016-02-03,96.84,94.08,95,96.35,45964300,90.9989
2016-02-04,97.33,95.19,95.86,96.6,46471700,91.7301
2016-02-05,96.92,93.69,96.52,94.02,46418100,89.2802
2016-02-08,95.7,93.04,93.13,95.01,54021400,90.2203
2016-02-09,95.94,93.93,94.29,94.99,44331200,90.2013
2016-02-10,96.35,94.1,95.92,94.27,42343600,89.5176
2016-02-11,94.72,92.59,93.79,93.7,50074700,88.9763
2016-02-12,94.5,93.01,94.19,93.99,40351400,89.2517
2016-02-16,96.85,94.61,95.02,96.64,49057900,91.7681
2016-02-17,98.21,96.15,96.67,98.12,44863200,93.1735
2016-02-18,98.89,96.09,98.84,96.26,39021000,91.4073
2016-02-19,96.76,95.8,96,96.04,35374200,91.1983
2016-02-22,96.9,95.92,96.31,96.88,34280800,91.996
2016-02-23,96.5,94.55,96.4,94.69,31942600,89.9164
2016-02-24,96.38,93.32,93.98,96.1,36255700,91.2553
2016-02-25,96.76,95.25,96.05,96.76,27582700,91.8821
2016-02-26,98.02,96.58,97.2,96.91,28991100,92.0245
2016-02-29,98.23,96.65,96.86,96.69,35216300,91.8156
2016-03-01,100.77,97.42,97.65,100.53,50407100,95.462
2016-03-02,100.89,99.64,100.51,100.75,33169600,95.6709
2016-03-03,101.71,100.45,100.58,101.5,36955700,96.3831
2016-03-04,103.75,101.37,102.37,103.01,46055100,97.817
2016-03-07,102.83,100.96,102.39,101.87,35828900,96.7344
2016-03-08,101.76,100.4,100.78,101.03,31561900,95.9368
2016-03-09,101.58,100.27,101.31,101.12,27201700,96.0223
2016-03-10,102.24,100.15,101.41,101.17,33513600,96.0697
2016-03-11,102.28,101.5,102.24,102.26,27408200,97.1048
2016-03-14,102.91,101.78,101.91,102.52,25076100,97.3517
2016-03-15,105.18,103.85,103.96,104.58,40067700,99.3078
2016-03-16,106.31,104.59,104.61,105.97,38303500,100.628
2016-03-17,106.47,104.96,105.52,105.8,34420700,100.466
2016-03-18,106.5,105.19,106.34,105.92,44205200,100.58
2016-03-21,107.65,105.14,105.93,105.91,35502700,100.571
2016-03-22,107.29,105.21,105.25,106.72,32444400,101.34
2016-03-23,107.07,105.9,106.48,106.13,25703500,100.78
2016-03-24,106.25,104.89,105.47,105.67,26133000,100.343
2016-03-28,106.19,105.06,106,105.19,19411400,99.8871
2016-03-29,107.79,104.88,104.89,107.68,31190100,102.252
2016-03-30,110.42,108.6,108.65,109.56,45601100,104.037
2016-03-31,109.9,108.88,109.72,108.99,25888400,103.496
2016-04-01,110,108.2,108.78,109.99,25874000,104.445
2016-04-04,112.19,110.27,110.42,111.12,37356200,105.518
2016-04-05,110.73,109.42,109.51,109.81,26578700,104.274
2016-04-06,110.98,109.2,110.23,110.96,26404100,105.366
2016-04-07,110.42,108.12,109.95,108.54,31801900,103.068
2016-04-08,109.77,108.17,108.91,108.66,23581700,103.182
2016-04-11,110.61,108.83,108.97,109.02,29407500,103.524
2016-04-12,110.5,108.66,109.34,110.44,27232300,104.872
2016-04-13,112.34,110.8,110.8,112.04,33257300,106.392
2016-04-14,112.39,111.33,111.62,112.1,25473900,106.449
2016-04-15,112.3,109.73,112.11,109.85,46939000,104.312
2016-04-18,108.95,106.94,108.89,107.48,60834000,102.062
2016-04-19,108,106.23,107.88,106.91,32384900,101.52
2016-04-20,108.09,106.06,106.64,107.13,30611000,101.729
2016-04-21,106.93,105.52,106.93,105.97,31552500,100.628
2016-04-22,106.48,104.62,105.01,105.68,33683100,100.352
2016-04-25,105.65,104.51,105,105.08,28031600,99.7826
2016-04-26,105.3,103.91,103.91,104.35,56016200,99.0894
2016-04-27,98.71,95.68,96,97.82,114602100,92.8886
2016-04-28,97.88,94.25,97.61,94.83,82242700,90.0494
2016-04-29,94.72,92.51,93.99,93.74,68531500,89.0143
2016-05-02,94.08,92.4,93.97,93.64,48160100,88.9193
2016-05-03,95.74,93.68,94.2,95.18,56831300,90.3817
2016-05-04,95.9,93.82,95.2,94.19,41025500,89.4416
2016-05-05,94.07,92.68,94,93.24,35890500,89.0786
2016-05-06,93.45,91.85,93.37,92.72,43458200,88.5818
2016-05-09,93.77,92.59,93,92.79,32936400,88.6487
2016-05-10,93.57,92.11,93.33,93.42,33686800,89.2505
2016-05-11,93.57,92.46,93.48,92.51,28719100,88.3812
2016-05-12,92.78,89.47,92.72,90.34,76314700,86.308
2016-05-13,91.67,90,90,90.52,44392800,86.48
2016-05-16,94.39,91.65,92.39,93.88,61259800,89.69
2016-05-17,94.7,93.01,94.55,93.49,46916900,89.3174
2016-05-18,95.21,93.89,94.16,94.56,42062400,90.3397
2016-05-19,94.64,93.57,94.64,94.2,30442100,89.9957
2016-05-20,95.43,94.52,94.64,95.22,32026000,90.9702
2016-05-23,97.19,95.67,95.87,96.43,38018600,92.1262
2016-05-24,98.09,96.84,97.22,97.9,35140200,93.5306
2016-05-25,99.74,98.11,98.67,99.62,38168800,95.1738
2016-05-26,100.73,98.64,99.68,100.41,56331200,95.9286
2016-05-27,100.47,99.25,99.44,100.35,36229500,95.8712
2016-05-31,100.4,98.82,99.6,99.86,42307200,95.4031
2016-06-01,99.54,98.33,99.02,98.46,29173300,94.0656
2016-06-02,97.84,96.63,97.6,97.72,40191600,93.3586
2016-06-03,98.27,97.45,97.79,97.92,28062900,93.5497
2016-06-06,101.89,97.55,97.99,98.63,23292500,94.228
2016-06-07,99.87,98.96,99.25,99.03,22409500,94.6102
2016-06-08,99.56,98.68,99.02,98.94,20848100,94.5242
2016-06-09,99.99,98.46,98.5,99.65,26601400,95.2025
2016-06-10,99.35,98.48,98.53,98.83,31712900,94.4191
2016-06-13,99.12,97.1,98.69,97.34,38020500,92.9956
2016-06-14,98.48,96.75,97.32,97.46,31931900,93.1102
2016-06-15,98.41,97.03,97.82,97.14,29445200,92.8045
2016-06-16,97.75,96.07,96.45,97.55,31326800,93.1962
2016-06-17,96.65,95.3,96.62,95.33,61008200,91.0753
2016-06-20,96.57,95.03,96,95.1,34411900,90.8556
2016-06-21,96.35,94.68,94.94,95.91,35546400,91.6294
2016-06-22,96.89,95.35,96.25,95.55,29219100,91.2855
2016-06-23,96.29,95.25,95.94,96.1,32240200,91.811
2016-06-24,94.66,92.65,92.91,93.4,75311400,89.2314
2016-06-27,93.05,91.5,93,92.04,45489600,87.9321
2016-06-28,93.66,92.14,92.9,93.59,40444900,89.4129
2016-06-29,94.55,93.63,93.97,94.4,36531000,90.1868
2016-06-30,95.77,94.3,94.44,95.6,35836400,91.3333
2016-07-01,96.47,95.33,95.49,95.89,26026500,91.6103
2016-07-05,95.4,94.46,95.39,94.99,27705200,90.7505
2016-07-06,95.66,94.37,94.6,95.53,30949100,91.2664
2016-07-07,96.5,95.62,95.7,95.94,25139600,91.6581
2016-07-08,96.89,96.05,96.49,96.68,28912100,92.365
2016-07-11,97.65,96.73,96.75,96.98,23794900,92.6517
2016-07-12,97.7,97.12,97.17,97.42,24167500,93.072
2016-07-13,97.67,96.84,97.41,96.87,25892200,92.5466
2016-07-14,98.99,97.32,97.39,98.79,38919000,94.3809
2016-07-15,99.3,98.5,98.92,98.78,30137000,94.3713
2016-07-18,100.13,98.6,98.7,99.83,36493900,95.3745
2016-07-19,100,99.34,99.56,99.87,23779900,95.4127
2016-07-20,100.46,99.74,100,99.96,26276000,95.4987
2016-07-21,101,99.13,99.83,99.43,32702000,94.9923
2016-07-22,99.3,98.31,99.26,98.66,28313700,94.2567
2016-07-25,98.84,96.92,98.25,97.34,40382900,92.9956
2016-07-26,97.97,96.42,96.82,96.67,56239800,92.3555
2016-07-27,104.35,102.75,104.27,102.95,92344800,98.3552
2016-07-28,104.45,102.82,102.83,104.34,39869800,99.6832
2016-07-29,104.55,103.68,104.19,104.21,27733700,99.559
2016-08-01,106.15,104.41,104.41,106.05,38167900,101.317
2016-08-02,106.07,104,106.05,104.48,33816600,99.8169
2016-08-03,105.84,104.77,104.81,105.79,30202600,101.068
2016-08-04,106,105.28,105.58,105.87,27408700,101.693
2016-08-05,107.65,106.18,106.27,107.48,40553400,103.239
2016-08-08,108.37,107.16,107.52,108.37,28037200,104.094
2016-08-09,108.94,108.01,108.23,108.81,26315200,104.517
2016-08-10,108.9,107.76,108.71,108,24008500,103.739
2016-08-11,108.93,107.85,108.52,107.93,27484500,103.672
2016-08-12,108.44,107.78,107.78,108.18,18660400,103.912
2016-08-15,109.54,108.08,108.14,109.48,25868200,105.16
2016-08-16,110.23,109.21,109.63,109.38,33794400,105.064
2016-08-17,109.37,108.34,109.1,109.22,25356000,104.911
2016-08-18,109.6,109.02,109.23,109.08,21984700,104.776
2016-08-19,109.69,108.36,108.77,109.36,25368100,105.045
2016-08-22,109.1,107.85,108.86,108.51,25820200,104.229
2016-08-23,109.32,108.53,108.59,108.85,21257700,104.555
2016-08-24,108.75,107.68,108.57,108.03,23675100,103.768
2016-08-25,107.88,106.68,107.39,107.57,25086200,103.326
2016-08-26,107.95,106.31,107.41,106.94,27766300,102.721
2016-08-29,107.44,106.29,106.62,106.82,24970300,102.605
2016-08-30,106.5,105.5,105.8,106,24863900,101.818
2016-08-31,106.57,105.64,105.66,106.1,29662400,101.914
2016-09-01,106.8,105.62,106.14,106.73,26701500,102.519
2016-09-02,108,106.82,107.7,107.73,26802500,103.479
2016-09-06,108.3,107.51,107.9,107.7,26880400,103.451
2016-09-07,108.76,107.07,107.83,108.36,42364300,104.085
2016-09-08,107.27,105.24,107.25,105.52,53002000,101.357
2016-09-09,105.72,103.13,104.64,103.13,46557000,99.0609
2016-09-12,105.72,102.53,102.65,105.44,45292800,101.28
2016-09-13,108.79,107.24,107.51,107.95,62176200,103.691
2016-09-14,113.03,108.6,108.73,111.77,110888700,107.36
2016-09-15,115.73,113.49,113.86,115.57,89983600,111.01
2016-09-16,116.13,114.04,115.12,114.92,79886900,110.386
2016-09-19,116.18,113.25,115.19,113.58,47023000,109.099
2016-09-20,114.12,112.51,113.05,113.57,34514300,109.089
2016-09-21,113.99,112.44,113.85,113.55,36003200,109.07
2016-09-22,114.94,114,114.35,114.62,31074000,110.098
2016-09-23,114.79,111.55,114.42,112.71,52481200,108.263
2016-09-26,113.39,111.55,111.64,112.88,29869400,108.426
2016-09-27,113.18,112.34,113,113.09,24607400,108.628
2016-09-28,114.64,113.43,113.69,113.95,29641100,109.454
2016-09-29,113.8,111.8,113.16,112.18,35887000,107.754
2016-09-30,113.37,111.8,112.46,113.05,36379100,108.59
2016-10-03,113.05,112.28,112.71,112.52,21701800,108.08
2016-10-04,114.31,112.63,113.06,113,29736800,108.541
2016-10-05,113.66,112.69,113.4,113.05,21453100,108.59
2016-10-06,114.34,113.13,113.7,113.89,28779300,109.396
2016-10-07,114.56,113.51,114.31,114.06,24358400,109.56
2016-10-10,116.75,114.72,115.02,116.05,36236000,111.471
2016-10-11,118.69,116.2,117.7,116.3,64041000,111.711
2016-10-12,117.98,116.75,117.35,117.34,37586800,112.71
2016-10-13,117.44,115.72,116.79,116.98,35192400,112.364
2016-10-14,118.17,117.13,117.88,117.63,35652200,112.989
2016-10-17,117.84,116.78,117.33,117.55,23624900,112.912
2016-10-18,118.21,117.45,118.18,117.47,24553500,112.835
2016-10-19,117.76,113.8,117.25,117.12,20034600,112.499
2016-10-20,117.38,116.33,116.86,117.06,24125800,112.441
2016-10-21,116.91,116.28,116.81,116.6,23192700,111.999
2016-10-24,117.74,117,117.1,117.65,23538700,113.008
2016-10-25,118.36,117.31,117.95,118.25,48129000,113.584
2016-10-26,115.7,113.31,114.31,115.59,66134200,111.029
2016-10-27,115.86,114.1,115.39,114.48,34562000,109.963
2016-10-28,115.21,113.45,113.87,113.72,37861700,109.233
2016-10-31,114.23,113.2,113.65,113.54,26419400,109.06
2016-11-01,113.77,110.53,113.46,111.49,43825800,107.091
2016-11-02,112.35,111.23,111.4,111.59,28331700,107.187
2016-11-03,111.46,109.55,110.98,109.83,26932600,106.038
2016-11-04,110.25,108.11,108.53,108.84,30837000,105.082
2016-11-07,110.51,109.46,110.08,110.41,32560000,106.598
2016-11-08,111.72,109.7,110.31,111.06,24054500,107.226
2016-11-09,111.32,108.05,109.88,110.88,59176400,107.052
2016-11-10,111.09,105.83,111.09,107.79,57134500,104.069
2016-11-11,108.87,106.55,107.12,108.43,34094100,104.687
2016-11-14,107.81,104.08,107.71,105.71,51175500,102.06
2016-11-15,107.68,106.16,106.57,107.11,32264500,103.412
2016-11-16,110.23,106.6,106.7,109.99,58840500,106.193
2016-11-17,110.35,108.83,109.81,109.95,27632000,106.154
2016-11-18,110.54,109.66,109.72,110.06,28428900,106.26
2016-11-21,111.99,110.01,110.12,111.73,29264600,107.873
2016-11-22,112.42,111.4,111.95,111.8,25965500,107.94
2016-11-23,111.51,110.33,111.36,111.23,27426400,107.39
2016-11-25,111.87,110.95,111.13,111.79,11475900,107.931
2016-11-28,112.47,111.39,111.43,111.57,27194000,107.718
2016-11-29,112.03,110.07,110.78,111.46,28528800,107.612
2016-11-30,112.2,110.27,111.6,110.52,36162300,106.704
2016-12-01,110.94,109.03,110.37,109.49,37086900,105.71
2016-12-02,110.09,108.85,109.17,109.9,26528000,106.106
2016-12-05,110.03,108.25,110,109.11,34324500,105.343
2016-12-06,110.36,109.19,109.5,109.95,26195500,106.154
2016-12-07,111.19,109.16,109.26,111.03,29998700,107.197
2016-12-08,112.43,110.6,110.86,112.12,27068300,108.249
2016-12-09,114.7,112.31,112.31,113.95,34402600,110.016
2016-12-12,115,112.49,113.29,113.3,26374400,109.388
2016-12-13,115.92,113.75,113.84,115.19,43733800,111.213
2016-12-14,116.2,114.98,115.04,115.19,34031800,111.213
2016-12-15,116.73,115.23,115.38,115.82,46524500,111.821
2016-12-16,116.5,115.65,116.47,115.97,44351100,111.966
2016-12-19,117.38,115.75,115.8,116.64,27779400,112.613
2016-12-20,117.5,116.68,116.74,116.95,21425000,112.912
2016-12-21,117.4,116.78,116.8,117.06,23783200,113.019
2016-12-22,116.51,115.64,116.35,116.29,26085900,112.275
2016-12-23,116.52,115.59,115.59,116.52,14249500,112.497
2016-12-27,117.8,116.49,116.52,117.26,18296900,113.212
2016-12-28,118.02,116.2,117.52,116.76,20905900,112.729
2016-12-29,117.11,116.4,116.45,116.73,15039500,112.7
2016-12-30,117.2,115.43,116.65,115.82,30586300,111.821
2017-01-03,116.33,114.76,115.8,116.15,28781900,112.14
2017-01-04,116.51,115.75,115.85,116.02,21118100,112.015
2017-01-05,116.86,115.81,115.92,116.61,22193600,112.584
2017-01-06,118.16,116.47,116.78,117.91,31751900,113.839
2017-01-09,119.43,117.94,117.95,118.99,33561900,114.882
2017-01-10,119.38,118.3,118.77,119.11,24462100,114.998
2017-01-11,119.93,118.6,118.74,119.75,27588600,115.616
2017-01-12,119.3,118.21,118.9,119.25,27086200,115.133
2017-01-13,119.62,118.81,119.11,119.04,26111900,114.93
2017-01-17,120.24,118.22,118.34,120,34439800,115.857
2017-01-18,120.5,119.71,120,119.99,23713000,115.847
2017-01-19,120.09,119.37,119.4,119.78,25597300,115.645
2017-01-20,120.45,119.73,120.45,120,32597900,115.857
2017-01-23,120.81,119.77,120,120.08,22050200,115.934
2017-01-24,120.1,119.5,119.55,119.97,23211000,115.828
2017-01-25,122.1,120.28,120.42,121.88,32377600,117.672
2017-01-26,122.44,121.6,121.67,121.94,26337600,117.73
2017-01-27,122.35,121.6,122.14,121.95,20562900,117.74
2017-01-30,121.63,120.66,120.93,121.63,30377500,117.431
2017-01-31,121.39,120.62,121.15,121.35,49201000,117.16
2017-02-01,130.49,127.01,127.03,128.75,111985000,124.305
2017-02-02,129.39,127.78,127.98,128.53,33710400,124.093
2017-02-03,129.19,128.16,128.31,129.08,24507300,124.624
2017-02-06,130.5,128.9,129.13,130.29,26845900,125.792
2017-02-07,132.09,130.45,130.54,131.53,38183800,126.989
2017-02-08,132.22,131.22,131.35,132.04,23004100,127.481
2017-02-09,132.45,131.12,131.65,132.42,28349900,128.403
2017-02-10,132.94,132.05,132.46,132.12,20065500,128.112
2017-02-13,133.82,132.75,133.08,133.29,23035400,129.246
2017-02-14,135.09,133.25,133.47,135.02,33226200,130.924
2017-02-15,136.27,134.62,135.52,135.51,35623100,131.399
2017-02-16,135.9,134.84,135.67,135.35,22584600,131.244
2017-02-17,135.83,135.1,135.1,135.72,22198200,131.602
2017-02-21,136.75,135.98,136.23,136.7,24507200,132.553
2017-02-22,137.12,136.11,136.43,137.11,20836900,132.95
2017-02-23,137.48,136.3,137.38,136.53,20788200,132.388
2017-02-24,136.66,135.28,135.91,136.66,21776600,132.514
2017-02-27,137.44,136.28,137.14,136.93,20257400,132.776
2017-02-28,137.44,136.7,137.08,136.99,23482900,132.834
2017-03-01,140.15,137.6,137.89,139.79,36414600,135.549
2017-03-02,140.28,138.76,140,138.96,26211000,134.744
2017-03-03,139.83,138.59,138.78,139.78,21108100,135.539
2017-03-06,139.77,138.6,139.37,139.34,21750000,135.113
2017-03-07,139.98,138.79,139.06,139.52,17446300,135.287
2017-03-08,139.8,138.82,138.95,139,18707200,134.783
2017-03-09,138.79,137.05,138.74,138.68,22155900,134.473
2017-03-10,139.36,138.64,139.25,139.14,19612800,134.919
2017-03-13,139.43,138.82,138.85,139.2,17421700,134.977
2017-03-14,139.65,138.84,139.3,138.99,15309100,134.773
2017-03-15,140.75,139.03,139.41,140.46,25691800,136.199
2017-03-16,141.02,140.26,140.72,140.69,19232000,136.422
2017-03-17,141,139.89,141,139.99,43885000,135.743
2017-03-20,141.5,140.23,140.4,141.46,21542000,137.168
2017-03-21,142.8,139.73,142.11,139.84,39529900,135.598
2017-03-22,141.6,139.76,139.85,141.42,25860200,137.13
2017-03-23,141.58,140.61,141.26,140.92,20346300,136.645
2017-03-24,141.74,140.35,141.5,140.64,22395600,136.373
2017-03-27,141.22,138.62,139.39,140.88,23575100,136.606
2017-03-28,144.04,140.62,140.91,143.8,33374800,139.437
2017-03-29,144.49,143.19,143.68,144.12,29190000,139.748
2017-03-30,144.5,143.5,144.19,143.93,21207300,139.563
2017-03-31,144.27,143.01,143.72,143.66,19661700,139.302
2017-04-03,144.12,143.05,143.71,143.7,19985700,139.34
2017-04-04,144.89,143.17,143.25,144.77,19891400,140.378
2017-04-05,145.46,143.81,144.22,144.02,27717900,139.651
2017-04-06,144.52,143.45,144.29,143.66,21149000,139.302
2017-04-07,144.18,143.27,143.73,143.34,16672200,138.991
2017-04-10,143.88,142.9,143.6,143.17,18933400,138.826
2017-04-11,143.35,140.06,142.94,141.63,30379400,137.333
2017-04-12,142.15,141.01,141.6,141.8,20350000,137.498
2017-04-13,142.38,141.05,141.91,141.05,17822900,136.771
2017-04-17,141.88,140.87,141.48,141.83,16582100,137.527
2017-04-18,142.04,141.11,141.41,141.2,14697500,136.916
2017-04-19,142,140.45,141.88,140.68,17328400,136.412
2017-04-20,142.92,141.16,141.22,142.44,23319600,138.119
2017-04-21,142.68,141.85,142.44,142.27,17320900,137.954
2017-04-24,143.95,143.18,143.5,143.64,17134300,139.282
2017-04-25,144.9,143.87,143.91,144.53,18871500,140.145
2017-04-26,144.6,143.38,144.47,143.68,20041200,139.321
2017-04-27,144.16,143.31,143.92,143.79,14246300,139.428
2017-04-28,144.3,143.27,144.09,143.65,20860400,139.292
2017-05-01,147.2,144.96,145.1,146.58,33602900,142.133
2017-05-02,148.09,146.84,147.54,147.51,45352200,143.035
2017-05-03,147.49,144.27,145.59,147.06,45697000,142.598
2017-05-04,147.14,145.81,146.52,146.53,23371900,142.085
2017-05-05,148.98,146.76,146.76,148.96,27327700,144.441
2017-05-08,153.7,149.03,149.03,153.01,48752400,148.368
2017-05-09,154.88,153.45,153.87,153.99,39130400,149.318
2017-05-10,153.94,152.11,153.63,153.26,25805700,148.61
2017-05-11,154.07,152.31,152.45,153.95,27255100,149.896
2017-05-12,156.42,154.67,154.7,156.1,32527000,151.989
2017-05-15,156.65,155.05,156.01,155.7,26009700,151.6
2017-05-16,156.06,154.72,155.94,155.47,20048500,151.376
2017-05-17,154.57,149.71,153.6,150.25,50767700,146.293
2017-05-18,153.34,151.13,151.27,152.54,33568200,148.523
2017-05-19,153.98,152.63,153.38,153.06,26960800,149.029
2017-05-22,154.58,152.91,154,153.99,22966400,149.935
2017-05-23,154.9,153.31,154.9,153.8,19918900,149.75
2017-05-24,154.17,152.67,153.84,153.34,19178000,149.302
2017-05-25,154.35,153.03,153.73,153.87,19235600,149.818
2017-05-26,154.24,153.31,154,153.61,21927600,149.565
2017-05-30,154.43,153.33,153.42,153.67,20126900,149.623
2017-05-31,154.17,152.38,153.97,152.76,24451200,148.737
2017-06-01,153.33,152.22,153.17,153.18,16404100,149.146
2017-06-02,155.45,152.89,153.58,155.45,27770700,151.356
2017-06-05,154.45,153.46,154.34,153.93,25331700,149.876
2017-06-06,155.81,153.78,153.9,154.45,26624900,150.382
2017-06-07,155.98,154.48,155.02,155.37,21069600,151.278
2017-06-08,155.54,154.4,155.25,154.99,21250800,150.908
2017-06-09,155.19,146.02,155.19,148.98,64882700,145.056
2017-06-12,146.09,142.51,145.74,145.42,72307300,141.59
2017-06-13,147.45,145.15,147.16,146.59,34165400,142.729
2017-06-14,147.5,143.84,147.5,145.16,31531200,141.337
2017-06-15,144.48,142.21,143.32,144.29,32165400,140.49
2017-06-16,144.5,142.2,143.78,142.27,50361100,138.523
2017-06-19,146.74,143.66,143.66,146.34,32541400,142.486
2017-06-20,146.87,144.94,146.87,145.01,24900100,141.191
2017-06-21,146.07,144.61,145.52,145.87,21265800,142.028
2017-06-22,146.7,145.12,145.77,145.63,19106300,141.795
2017-06-23,147.16,145.11,145.13,146.28,35439400,142.428
2017-06-26,148.28,145.38,147.17,145.82,25692400,141.98
2017-06-27,146.16,143.62,145.01,143.73,24761900,139.945
2017-06-28,146.11,143.16,144.49,145.83,22082400,141.989
2017-06-29,145.13,142.28,144.71,143.68,31499400,139.896
2017-06-30,144.96,143.78,144.45,144.02,23024100,140.227
2017-07-03,145.3,143.1,144.88,143.5,14277800,139.721
2017-07-05,144.79,142.72,143.69,144.09,21569600,140.295
2017-07-06,143.5,142.41,143.02,142.73,24128800,138.971
2017-07-07,144.75,142.9,142.9,144.18,19201700,140.383
2017-07-10,145.95,143.37,144.11,145.06,21090600,141.24
2017-07-11,145.85,144.38,144.73,145.53,19781800,141.697
2017-07-12,146.18,144.82,145.87,145.74,24884500,141.902
2017-07-13,148.49,145.44,145.5,147.77,25199400,143.878
2017-07-14,149.33,147.33,147.97,149.04,20132100,145.115
2017-07-17,150.9,148.57,148.82,149.56,23793500,145.621
2017-07-18,150.13,148.67,149.2,150.08,17868800,146.128
2017-07-19,151.42,149.95,150.48,151.02,20923000,147.043
2017-07-20,151.74,150.19,151.5,150.34,17243700,146.381
2017-07-21,150.44,148.88,149.99,150.27,26252600,146.313
2017-07-24,152.44,149.9,150.58,152.09,21493200,148.085
2017-07-25,153.84,151.8,151.8,152.74,18853900,148.717
2017-07-26,153.93,153.06,153.35,153.46,15781000,149.419
2017-07-27,153.99,147.3,153.75,150.56,32476300,146.595
2017-07-28,150.23,149.19,149.89,149.5,17213700,145.563
2017-07-31,150.33,148.13,149.9,148.73,19845900,144.813
2017-08-01,150.22,148.41,149.1,150.05,35368600,146.098
2017-08-02,159.75,156.16,159.28,157.14,69936800,153.002
2017-08-03,157.21,155.02,157.05,155.57,27097300,151.473
2017-08-04,157.4,155.69,156.07,156.39,20559900,152.271
2017-08-07,158.92,156.67,157.06,158.81,21870300,154.628
2017-08-08,161.83,158.27,158.6,160.08,36205900,155.864
2017-08-09,161.27,159.11,159.26,161.06,26131500,156.818
2017-08-10,160,154.63,159.9,155.32,40804300,151.823
2017-08-11,158.57,156.07,156.6,157.48,26257100,153.935
2017-08-14,160.21,158.75,159.32,159.85,22122700,156.251
2017-08-15,162.2,160.14,160.66,161.6,29465500,157.962
2017-08-16,162.51,160.15,161.94,160.95,27671600,157.327
2017-08-17,160.71,157.84,160.52,157.86,27940600,154.306
2017-08-18,159.5,156.72,157.86,157.5,27428100,153.954
2017-08-21,157.89,155.11,157.5,157.21,26368500,153.671
2017-08-22,160,158.02,158.23,159.78,21604600,156.183
2017-08-23,160.47,158.88,159.07,159.98,19399100,156.378
2017-08-24,160.74,158.55,160.43,159.27,19818900,155.684
2017-08-25,160.56,159.27,159.65,159.86,25480100,156.261
2017-08-28,162,159.93,160.14,161.47,25966000,157.835
2017-08-29,163.12,160,160.1,162.91,29516900,159.243
2017-08-30,163.89,162.61,163.8,163.35,27269600,159.673
2017-08-31,164.52,163.48,163.64,164,26785100,160.308
2017-09-01,164.94,163.63,164.8,164.05,16591100,160.357
2017-09-05,164.25,160.56,163.75,162.08,29468500,158.431
2017-09-06,162.99,160.52,162.71,161.91,21651700,158.265
2017-09-07,162.24,160.36,162.09,161.26,21928500,157.63
2017-09-08,161.15,158.53,160.86,158.63,28611500,155.059
2017-09-11,162.05,159.89,160.5,161.5,31580800,157.864
2017-09-12,163.96,158.77,162.61,160.86,71714000,157.239
2017-09-13,159.96,157.91,159.87,159.65,44907400,156.056
2017-09-14,159.4,158.09,158.99,158.28,23760700,154.717
2017-09-15,160.97,158,158.47,159.88,49114600,156.281
2017-09-18,160.5,158,160.11,158.67,28269400,155.098
2017-09-19,159.77,158.44,159.51,158.73,20810600,155.157
2017-09-20,158.26,153.83,157.9,156.07,52951400,152.557
2017-09-21,155.8,152.75,155.8,153.39,37511700,149.937
2017-09-22,152.27,150.56,151.54,151.89,46645400,148.471
2017-09-25,151.83,149.16,149.99,150.55,44387300,147.161
2017-09-26,153.92,151.69,151.78,153.14,36660000,149.692
2017-09-27,154.72,153.54,153.8,154.23,25504200,150.758
2017-09-28,154.28,152.7,153.89,153.28,22005500,149.829
2017-09-29,154.13,152,153.21,154.12,26299800,150.65
2017-10-02,154.45,152.72,154.26,153.81,18698800,150.347
2017-10-03,155.09,153.91,154.01,154.48,16230300,151.002
2017-10-04,153.86,152.46,153.63,153.48,20163800,150.025
2017-10-05,155.44,154.05,154.18,155.39,21283800,151.892
2017-10-06,155.49,154.56,154.97,155.3,17407600,151.804
2017-10-09,156.73,155.49,155.81,155.84,16262900,152.332
2017-10-10,158,155.1,156.06,155.9,15617000,152.39
2017-10-11,156.98,155.75,155.97,156.55,16905600,153.026
2017-10-12,157.37,155.73,156.35,156,16125100,152.488
2017-10-13,157.28,156.41,156.73,156.99,16394200,153.456
2017-10-16,160,157.65,157.9,159.88,24121500,156.281
2017-10-17,160.87,159.23,159.78,160.47,18997300,156.857
2017-10-18,160.71,159.6,160.42,159.76,16374200,156.163
2017-10-19,157.08,155.02,156.75,155.98,42584200,152.469
2017-10-20,157.75,155.96,156.61,156.25,23974100,152.732
2017-10-23,157.69,155.5,156.89,156.17,21984300,152.654
2017-10-24,157.42,156.2,156.29,157.1,17757200,153.563
2017-10-25,157.55,155.27,156.91,156.41,21207100,152.889
2017-10-26,157.83,156.78,157.23,157.41,17000500,153.866
2017-10-27,163.6,158.7,159.29,163.05,44454200,159.379
2017-10-30,168.07,163.72,163.89,166.72,44700800,162.967
2017-10-31,169.65,166.94,167.9,169.04,36046800,165.235
2017-11-01,169.94,165.61,169.87,166.89,33637800,163.133
2017-11-02,168.5,165.28,166.6,168.11,41393400,164.325
2017-11-03,174.26,171.12,174,172.5,59398600,168.617
2017-11-06,174.99,171.72,172.37,174.25,34319500,170.327
2017-11-07,175.25,173.6,173.91,174.81,24361500,170.875
2017-11-08,176.24,174.33,174.66,176.24,24409500,172.272
2017-11-09,176.1,173.14,175.11,175.88,29482600,171.921
2017-11-10,175.38,174.27,175.11,174.67,25145500,171.352
2017-11-13,174.5,173.4,173.5,173.97,16982100,170.665
2017-11-14,173.48,171.18,173.04,171.34,24782500,168.085
2017-11-15,170.32,168.38,169.97,169.08,29158100,165.868
2017-11-16,171.87,170.3,171.18,171.1,23637500,167.849
2017-11-17,171.39,169.64,171.04,170.15,21899500,166.917
2017-11-20,170.56,169.56,170.29,169.98,16262400,166.751
2017-11-21,173.7,170.78,170.78,173.14,25131300,169.851
2017-11-22,175,173.05,173.36,174.96,25588900,171.636
2017-11-24,175.5,174.65,175.1,174.97,14026700,171.646
2017-11-27,175.08,173.34,175.05,174.09,20716800,170.783
2017-11-28,174.87,171.86,174.3,173.07,26428800,169.782
2017-11-29,172.92,167.16,172.63,169.48,41666400,166.26
2017-11-30,172.14,168.44,170.43,171.85,41527200,168.585
2017-12-01,171.67,168.5,169.95,171.05,39759300,167.8
2017-12-04,172.62,169.63,172.48,169.8,32542400,166.574
2017-12-05,171.52,168.4,169.06,169.64,27350200,166.417
2017-12-06,170.2,166.46,167.5,169.01,28560000,165.799
2017-12-07,170.44,168.91,169.03,169.32,25673300,166.103
2017-12-08,171,168.82,170.49,169.37,23355200,166.152
2017-12-11,172.89,168.79,169.2,172.67,35273800,169.39
2017-12-12,172.39,171.46,172.15,171.7,19409200,168.438
2017-12-13,173.54,172,172.5,172.27,23818400,168.997
2017-12-14,173.13,171.65,172.4,172.22,20476500,168.948
2017-12-15,174.17,172.46,173.63,173.97,40169300,170.665
2017-12-18,177.2,174.86,174.88,176.42,29421100,173.068
2017-12-19,175.39,174.09,175.03,174.54,27436400,171.224
2017-12-20,175.42,173.25,174.87,174.35,23475600,171.038
2017-12-21,176.02,174.1,174.17,175.01,20949900,171.685
2017-12-22,175.42,174.5,174.68,175.01,16114600,171.685
2017-12-26,171.47,169.68,170.8,170.57,33185500,167.329
2017-12-27,170.78,169.71,170.1,170.6,21498200,167.359
2017-12-28,171.85,170.48,171,171.08,16480200,167.83
2017-12-29,170.59,169.22,170.52,169.23,25884400,166.015
2018-01-02,172.3,169.26,170.16,172.26,25555900,168.987
2018-01-03,174.55,171.96,172.53,172.23,29517900,168.958
2018-01-04,173.47,172.08,172.54,173.03,22434600,169.743
2018-01-05,175.37,173.05,173.44,175,23660000,171.675
2018-01-08,175.61,173.93,174.35,174.35,20567800,171.038
2018-01-09,175.06,173.41,174.55,174.33,21584000,171.018
2018-01-10,174.3,173,173.16,174.29,23959900,170.979
2018-01-11,175.49,174.49,174.59,175.28,18667700,171.95
2018-01-12,177.36,175.65,176.18,177.09,25226000,173.726
2018-01-16,179.39,176.14,177.9,176.19,29565900,172.843
2018-01-17,179.25,175.07,176.15,179.1,34386800,175.697
2018-01-18,180.1,178.25,179.37,179.26,31193400,175.854
2018-01-19,179.58,177.41,178.61,178.46,32425100,175.07
2018-01-22,177.78,176.6,177.3,177,27108600,173.637
2018-01-23,179.44,176.82,177.3,177.04,32689100,173.677
2018-01-24,177.3,173.2,177.25,174.22,51105100,170.91
2018-01-25,174.95,170.53,174.51,171.11,41529000,167.859
2018-01-26,172,170.06,172,171.51,39143000,168.252
2018-01-29,170.16,167.07,170.16,167.96,50640400,164.769
2018-01-30,167.37,164.7,165.53,166.97,46048200,163.798
2018-01-31,168.44,166.5,166.87,167.43,32478900,164.249
2018-02-01,168.62,166.76,167.17,167.78,47230800,164.592
2018-02-02,166.8,160.1,166,160.5,86593800,157.451
2018-02-05,163.88,156,159.1,156.49,72738500,153.517
2018-02-06,163.72,154,154.83,163.03,68243800,159.933
2018-02-07,163.4,159.07,163.09,159.54,51608600,156.509
2018-02-08,161,155.03,160.29,155.15,54390500,152.202
2018-02-09,157.89,150.24,157.07,156.41,70672600,154.064
2018-02-12,163.89,157.51,158.5,162.71,60819500,160.27
2018-02-13,164.75,161.65,161.95,164.34,32549200,161.875
2018-02-14,167.54,162.88,163.04,167.37,40644900,164.86
2018-02-15,173.09,169,169.79,172.99,51147200,170.395
2018-02-16,174.82,171.77,172.36,172.43,40176100,169.844
2018-02-20,174.26,171.42,172.05,171.85,33930500,169.272
2018-02-21,174.12,171.01,172.83,171.07,37471600,168.504
2018-02-22,173.95,171.71,171.8,172.5,30991900,169.913
2018-02-23,175.65,173.54,173.67,175.5,33812400,172.868
2018-02-26,179.39,176.21,176.35,178.97,38162200,176.286
2018-02-27,180.48,178.16,179.1,178.39,38928100,175.714
2018-02-28,180.62,178.05,179.26,178.12,37782100,175.448
2018-03-01,179.78,172.66,178.54,175,48802000,172.375
2018-03-02,176.3,172.45,172.8,176.21,38454000,173.567
2018-03-05,177.74,174.52,175.21,176.82,28401400,174.168
2018-03-06,178.25,176.13,177.91,176.67,23788500,174.02
2018-03-07,175.85,174.27,174.94,175.03,31703500,172.405
2018-03-08,177.12,175.07,175.48,176.94,23774100,174.286
2018-03-09,180,177.39,177.96,179.98,32185200,177.281
2018-03-12,182.39,180.21,180.29,181.72,32207100,178.994
2018-03-13,183.5,179.24,182.59,179.97,31693500,177.271
2018-03-14,180.52,177.81,180.32,178.44,29368400,175.764
2018-03-15,180.24,178.07,178.5,178.65,22743800,175.97
2018-03-16,179.12,177.62,178.65,178.02,39404700,175.35
2018-03-19,177.47,173.66,177.32,175.3,33446800,172.671
2018-03-20,176.8,174.94,175.24,175.24,19649400,172.612
2018-03-21,175.09,171.26,175.04,171.27,36338100,168.701
2018-03-22,172.68,168.6,170,168.85,41490800,166.317
2018-03-23,169.92,164.94,168.39,164.94,41028800,162.466
2018-03-26,173.1,166.44,168.07,172.77,37541200,170.179
2018-03-27,175.15,166.92,173.68,168.34,40922600,165.815
2018-03-28,170.02,165.19,167.25,166.48,41668500,163.983
2018-03-29,171.75,166.9,167.81,167.78,38398500,165.264
2018-04-02,168.94,164.47,166.64,166.68,37586800,164.18
2018-04-03,168.75,164.88,167.64,168.39,30278000,165.864
2018-04-04,172.01,164.77,164.88,171.61,34605500,169.036
2018-04-05,174.23,172.08,172.58,172.8,26933200,170.208
2018-04-06,172.48,168.2,170.97,168.38,35005300,165.855
2018-04-09,173.09,169.85,169.88,170.05,29017700,167.499
2018-04-10,174,171.53,173,173.25,28408600,170.651
2018-04-11,173.92,171.7,172.23,172.44,22431600,169.854
2018-04-12,175,173.04,173.41,174.14,22889300,171.528
2018-04-13,175.84,173.85,174.78,174.73,25124300,172.109
2018-04-16,176.19,174.83,175.03,175.82,21578400,173.183
2018-04-17,178.94,176.41,176.49,178.24,26509000,175.567
2018-04-18,178.82,176.88,177.81,177.84,20754500,175.173
2018-04-19,175.39,172.66,173.76,172.8,34808800,170.208
2018-04-20,171.22,165.43,170.6,165.72,65491100,163.234
2018-04-23,166.92,164.09,166.83,165.24,36515500,162.762
2018-04-24,166.33,161.22,165.67,162.94,33692000,160.496
2018-04-25,165.42,162.41,162.62,163.65,28382100,161.195
2018-04-26,165.73,163.37,164.12,164.22,27963000,161.757
2018-04-27,164.33,160.63,164,162.32,35655800,159.885
2018-04-30,167.26,161.84,162.13,165.26,42427400,162.781
2018-05-01,169.2,165.27,166.41,169.1,53569400,166.564
2018-05-02,177.75,173.8,175.23,176.57,66539400,173.922
2018-05-03,177.5,174.44,175.88,176.89,34068200,174.237
2018-05-04,184.25,178.17,178.25,183.83,56201300,181.073
2018-05-07,187.67,184.75,185.18,185.16,42451400,182.383
2018-05-08,186.22,183.67,184.99,186.05,28402800,183.259
2018-05-09,187.4,185.22,186.55,187.36,23211200,184.55
2018-05-10,190.37,187.65,187.74,190.04,27989300,187.19
2018-05-11,190.06,187.45,189.49,188.59,26212200,186.478
2018-05-14,189.53,187.86,189.01,188.15,20778800,186.043
2018-05-15,187.07,185.1,186.78,186.44,23695200,184.352
2018-05-16,188.46,186,186.07,188.18,19183100,186.072
2018-05-17,188.91,186.36,188,186.99,17294000,184.896
2018-05-18,187.81,186.13,187.19,186.31,18297700,184.223
2018-05-21,189.27,186.91,188,187.63,18400800,185.528
2018-05-22,188.88,186.78,188.38,187.16,15240700,185.064
2018-05-23,188.5,185.76,186.35,188.36,20058400,186.25
2018-05-24,188.84,186.21,188.77,188.15,23234000,186.043
2018-05-25,189.65,187.65,188.23,188.58,17461000,186.468
2018-05-29,188.75,186.87,187.6,187.9,22514100,185.795
2018-05-30,188,186.78,187.72,187.5,18690500,185.4
2018-05-31,188.23,186.14,187.22,186.87,27482800,184.777
2018-06-01,190.26,187.75,187.99,190.24,23442500,188.109
2018-06-04,193.42,191.35,191.64,191.83,26266200,189.681
2018-06-05,193.94,192.36,193.07,193.31,21566000,191.145
2018-06-06,194.08,191.92,193.63,193.98,20933600,191.807
2018-06-07,194.2,192.34,194.14,193.46,21347200,191.293
2018-06-08,192,189.77,191.17,191.7,26656800,189.553
2018-06-11,191.97,190.21,191.35,191.23,18308500,189.088
2018-06-12,192.61,191.15,191.39,192.28,16911100,190.126
2018-06-13,192.88,190.44,192.42,190.7,21638400,188.564
2018-06-14,191.57,190.22,191.55,190.8,21610100,188.663
2018-06-15,190.16,188.26,190.03,188.84,61719200,186.725
2018-06-18,189.22,187.2,187.88,188.74,18484900,186.626
2018-06-19,186.33,183.45,185.14,185.69,33578500,183.61
2018-06-20,187.2,185.73,186.35,186.5,20628700,184.411
2018-06-21,188.35,184.94,187.25,185.46,25711900,183.383
2018-06-22,186.15,184.7,186.12,184.92,27200400,182.849
2018-06-25,184.92,180.73,183.4,182.17,31663100,180.13
2018-06-26,186.53,182.54,182.99,184.43,24569200,182.364
2018-06-27,187.28,184.03,185.23,184.16,25285300,182.097
2018-06-28,186.21,183.8,184.1,185.5,17365200,183.422
2018-06-29,187.19,182.91,186.29,185.11,22737700,183.037
2018-07-02,187.3,183.42,183.82,187.18,17731300,185.083
2018-07-03,187.95,183.54,187.79,183.92,13954800,181.86
2018-07-05,186.41,184.28,185.26,185.4,16604200,183.323
2018-07-06,188.43,185.2,185.42,187.97,17485200,185.865
2018-07-09,190.68,189.3,189.5,190.58,19756600,188.445
2018-07-10,191.28,190.18,190.71,190.35,15939100,188.218
2018-07-11,189.78,187.61,188.5,187.88,18831500,185.776
2018-07-12,191.41,189.31,189.53,191.03,18041100,188.89
2018-07-13,191.84,190.9,191.08,191.33,12513900,189.187
2018-07-16,192.65,190.42,191.52,190.91,15043100,188.772
2018-07-17,191.87,189.2,189.75,191.45,15534500,189.306
2018-07-18,191.8,189.93,191.78,190.4,16393400,188.267
2018-07-19,192.55,189.69,189.69,191.88,20286800,189.731
2018-07-20,192.43,190.17,191.78,191.44,20676200,189.296
2018-07-23,191.96,189.56,190.68,191.61,15989400,189.464
2018-07-24,193.66,192.05,192.45,193,18697900,190.838
2018-07-25,194.85,192.43,193.06,194.82,16709900,192.638
2018-07-26,195.96,193.61,194.61,194.21,19076000,192.035
2018-07-27,195.19,190.1,194.99,190.98,24024000,188.841
2018-07-30,192.2,189.07,191.9,189.91,21029500,187.783
2018-07-31,192.14,189.34,190.3,190.29,39373000,188.159
2018-08-01,201.76,197.31,199.13,201.5,67935700,199.243
2018-08-02,208.38,200.35,200.58,207.39,62404000,205.067
2018-08-03,208.74,205.48,207.03,207.99,33447400,205.66
2018-08-06,209.25,207.07,208,209.07,25425400,206.728
2018-08-07,209.5,206.76,209.32,207.11,25587400,204.79
2018-08-08,207.81,204.52,206.05,207.25,22525500,204.929
2018-08-09,209.78,207.2,207.28,208.88,23469200,206.54
2018-08-10,209.1,206.67,207.36,207.53,24611200,205.925
2018-08-13,210.95,207.7,207.7,208.87,25869100,207.255
2018-08-14,210.56,208.26,210.16,209.75,20748000,208.128
2018-08-15,210.74,208.33,209.22,210.24,28807600,208.614
2018-08-16,213.81,211.47,211.75,213.32,28500400,211.67
2018-08-17,217.95,213.16,213.44,217.58,35427000,215.898
2018-08-20,219.18,215.11,218.1,215.46,30287700,213.794
2018-08-21,217.19,214.03,216.8,215.04,26159800,213.377
2018-08-22,216.36,213.84,214.1,215.05,19018100,213.387
2018-08-23,217.05,214.6,214.65,215.49,18883200,213.824
2018-08-24,216.9,215.11,216.6,216.16,18476400,214.488
2018-08-27,218.74,216.33,217.15,217.94,20525100,216.255
2018-08-28,220.54,218.92,219.01,219.7,22776800,218.001
2018-08-29,223.49,219.41,220.15,222.98,27254800,221.256
2018-08-30,228.26,222.4,223.25,225.03,48793800,223.29
2018-08-31,228.87,226,226.51,227.63,43340100,225.87
2018-09-04,229.18,226.63,228.41,228.36,27390100,226.594
2018-09-05,229.67,225.1,228.99,226.87,33333000,225.116
2018-09-06,227.35,221.3,226.23,223.1,34290000,221.375
2018-09-07,225.37,220.71,221.85,221.3,37619800,219.589
2018-09-10,221.85,216.47,220.95,218.33,39516500,216.642
2018-09-11,224.3,216.56,218.01,223.85,35749000,222.119
2018-09-12,225,219.84,224.94,221.07,49278700,219.361
2018-09-13,228.35,222.57,223.52,226.41,41706400,224.659
2018-09-14,226.84,222.52,225.75,223.84,31999300,222.109
2018-09-17,222.95,217.27,222.15,217.88,37195100,216.195
2018-09-18,221.85,217.12,217.79,218.24,31571700,216.552
2018-09-19,219.62,215.3,218.5,218.37,27123800,216.681
2018-09-20,222.28,219.15,220.24,220.03,26608800,218.329
2018-09-21,221.36,217.29,220.78,217.66,96246700,215.977
2018-09-24,221.26,216.63,216.82,220.79,27693400,219.083
2018-09-25,222.82,219.7,219.75,222.19,24554400,220.472
2018-09-26,223.75,219.76,221,220.42,23984700,218.716
2018-09-27,226.44,223.54,223.82,224.95,30181200,223.211
2018-09-28,225.84,224.02,224.79,225.74,22929400,223.994
2018-10-01,229.42,226.35,227.95,227.26,23600800,225.503
2018-10-02,230,226.63,227.25,229.28,24788200,227.507
2018-10-03,233.47,229.78,230.05,232.07,28654800,230.275
2018-10-04,232.35,226.73,230.78,227.99,32042000,226.227
2018-10-05,228.41,220.58,227.96,224.29,33580500,222.556
2018-10-08,224.8,220.2,222.21,223.77,29663900,222.04
2018-10-09,227.27,222.25,223.64,226.87,26891000,225.116
2018-10-10,226.35,216.05,225.46,216.36,41990600,214.687
2018-10-11,219.5,212.32,214.52,214.45,53124400,212.792
2018-10-12,222.88,216.84,220.42,222.11,40337900,220.393
2018-10-15,221.83,217.27,221.16,217.36,30791000,215.679
2018-10-16,222.99,216.76,218.93,222.15,29184000,220.432
2018-10-17,222.64,219.34,222.3,221.19,22885400,219.48
2018-10-18,219.74,213,217.86,216.02,32581300,214.35
2018-10-19,221.26,217.43,218.06,219.31,33078700,217.614
2018-10-22,223.36,218.94,219.79,220.65,28792100,218.944
2018-10-23,223.25,214.7,215.83,222.73,38767800,221.008
2018-10-24,224.23,214.54,222.6,215.09,40925500,213.427
2018-10-25,221.38,216.75,217.71,219.8,29855800,218.1
2018-10-26,220.19,212.67,215.9,216.3,47258400,214.627
2018-10-29,219.69,206.09,219.19,212.24,45935500,210.599
2018-10-30,215.18,209.27,211.15,213.3,36660000,211.651
2018-10-31,220.45,216.62,216.88,218.86,38358900,217.168
2018-11-01,222.36,216.81,219.05,222.22,58323200,220.502
2018-11-02,213.65,205.43,209.55,207.48,91328700,205.876
2018-11-05,204.39,198.17,204.3,201.59,66163700,200.031
2018-11-06,204.72,201.69,201.92,203.77,31882900,202.194
2018-11-07,210.06,204.13,205.97,209.95,33424400,208.327
2018-11-08,210.12,206.75,209.98,208.49,25362600,207.6
2018-11-09,206.01,202.25,205.55,204.47,34365800,203.597
2018-11-12,199.85,193.79,199,194.17,51135500,193.341
2018-11-13,197.18,191.45,191.63,192.23,46882900,191.409
2018-11-14,194.48,185.93,193.9,186.8,60801000,186.002
2018-11-15,191.97,186.9,188.39,191.41,46478800,190.593
2018-11-16,194.97,189.46,190.5,193.53,36928300,192.704
2018-11-19,190.7,184.99,190,185.86,41925300,185.066
2018-11-20,181.47,175.51,178.37,176.98,67825200,176.224
2018-11-21,180.27,176.55,179.73,176.78,31124200,176.025
2018-11-23,176.6,172.1,174.94,172.29,23624000,171.554
2018-11-26,174.95,170.26,174.24,174.62,44998500,173.874
2018-11-27,174.77,170.88,171.51,174.24,41387400,173.496
2018-11-28,181.29,174.93,176.73,180.94,46062500,180.167
2018-11-29,182.8,177.7,182.66,179.55,41770000,178.783
2018-11-30,180.33,177.03,180.29,178.58,39531500,177.817
2018-12-03,184.94,181.21,184.46,184.82,40802500,184.031
2018-12-04,182.39,176.27,180.95,176.69,41344300,175.935
2018-12-06,174.78,170.42,171.76,174.72,43098400,173.974
2018-12-07,174.49,168.3,173.49,168.49,42281600,167.77
2018-12-10,170.09,163.33,165,169.6,62026000,168.876
2018-12-11,171.79,167,171.66,168.63,47281700,167.91
2018-12-12,171.92,169.02,170.4,169.1,35627700,168.378
2018-12-13,172.57,169.55,170.49,170.95,31898600,170.22
2018-12-14,169.08,165.28,169,165.48,40703700,164.773
2018-12-17,168.35,162.73,165.45,163.94,44287900,163.24
2018-12-18,167.53,164.39,165.38,166.07,33841500,165.361
2018-12-19,167.45,159.09,166,160.89,49047300,160.203
2018-12-20,162.11,155.3,160.4,156.83,64773000,156.16
2018-12-21,158.16,149.63,156.86,150.73,95744600,150.086
2018-12-24,151.55,146.59,148.15,146.83,37169200,146.203
2018-12-26,157.23,146.72,148.3,157.17,58582500,156.499
2018-12-27,156.77,150.07,155.84,156.15,53117100,155.483
2018-12-28,158.52,154.55,157.5,156.23,42291400,155.563
2018-12-31,159.36,156.48,158.53,157.74,35003500,157.066
2019-01-02,158.85,154.23,154.89,157.92,37039700,157.246
2019-01-03,145.72,142,143.98,142.19,91244100,141.583
2019-01-04,148.55,143.8,144.53,148.26,58607100,147.627
2019-01-07,148.83,145.9,148.7,147.93,54777800,147.298
2019-01-08,151.82,148.52,149.56,150.75,41025300,150.106
2019-01-09,154.53,149.63,151.29,153.31,45099100,152.655
2019-01-10,153.97,150.86,152.5,153.8,35780700,153.143
2019-01-11,153.7,151.51,152.88,152.29,27023200,151.64
2019-01-14,151.27,149.22,150.85,150,32439200,149.359
2019-01-15,153.39,150.05,150.27,153.07,28710900,152.416
2019-01-16,155.88,153,153.08,154.94,30569700,154.278
2019-01-17,157.66,153.26,154.2,155.86,29821200,155.194
2019-01-18,157.88,155.98,157.5,156.82,33751000,156.15
2019-01-22,156.73,152.62,156.41,153.3,30394000,152.645
2019-01-23,155.14,151.7,154.15,153.92,23130600,153.263
2019-01-24,154.48,151.74,154.11,152.7,25441500,152.048
2019-01-25,158.13,154.32,155.48,157.76,33535500,157.086
2019-01-28,156.33,153.66,155.79,156.3,26192100,155.633
2019-01-29,158.13,154.11,156.25,154.68,41587200,154.019
2019-01-30,166.15,160.23,163.25,165.25,61109800,164.544
2019-01-31,169,164.56,166.11,166.44,40739600,165.729
2019-02-01,168.98,165.93,166.96,166.52,32668100,165.809
2019-02-04,171.66,167.28,167.41,171.25,31495500,170.519
2019-02-05,175.08,172.35,172.86,174.18,36101600,173.436
2019-02-06,175.57,172.85,174.65,174.24,28239600,173.496
2019-02-07,173.94,170.34,172.4,170.94,31741700,170.21
2019-02-08,170.66,168.42,168.99,170.41,23820000,170.41
2019-02-11,171.21,169.25,171.05,169.43,20993400,169.43
2019-02-12,171,169.7,170.1,170.89,22283500,170.89
2019-02-13,172.48,169.92,171.39,170.18,22490200,170.18
2019-02-14,171.26,169.38,169.71,170.8,21835700,170.8
2019-02-15,171.7,169.75,171.25,170.42,24626800,170.42
2019-02-19,171.44,169.49,169.71,170.93,18972800,170.93
2019-02-20,173.32,170.99,171.19,172.03,26114400,172.03
2019-02-21,172.37,170.3,171.8,171.06,17249700,171.06
2019-02-22,173,171.38,171.58,172.97,18913200,172.97
2019-02-25,175.87,173.95,174.16,174.23,21873400,174.23
2019-02-26,175.3,173.17,173.71,174.33,17070200,174.33
2019-02-27,175,172.73,173.21,174.87,27835400,174.87
2019-02-28,174.91,172.92,174.32,173.15,28215400,173.15
2019-03-01,175.15,172.89,174.28,174.97,25886200,174.97
2019-03-04,177.75,173.97,175.69,175.85,27436200,175.85
2019-03-05,176,174.54,175.94,175.53,19737400,175.53
2019-03-06,175.49,173.94,174.67,174.52,20810400,174.52
2019-03-07,174.44,172.02,173.87,172.5,24760900,172.5
2019-03-08,173.07,169.5,170.32,172.91,23999400,172.91
2019-03-11,179.12,175.35,175.49,178.9,32011000,178.9
2019-03-12,182.67,179.37,180,180.91,32467600,180.91
2019-03-13,183.3,180.92,182.25,181.71,31032500,181.71
2019-03-14,184.1,182.56,183.9,183.73,23579500,183.73
2019-03-15,187.33,183.74,184.85,186.12,39042900,186.12
2019-03-18,188.39,185.79,185.8,188.02,26219800,188.02
2019-03-19,188.99,185.92,188.35,186.53,31646400,186.53
2019-03-20,189.49,184.73,186.23,188.16,31035200,188.16
2019-03-21,196.33,189.81,190.02,195.09,51034200,195.09
2019-03-22,197.69,190.78,195.34,191.05,42407700,191.05
2019-03-25,191.98,186.6,191.51,188.74,43845300,188.74
2019-03-26,192.88,184.58,191.66,186.79,49800500,186.79
2019-03-27,189.76,186.55,188.75,188.47,29848400,188.47
2019-03-28,189.56,187.53,188.95,188.72,20780400,188.72
2019-03-29,190.08,188.54,189.83,189.95,23564000,189.95
2019-04-01,191.68,188.38,191.64,191.24,27862000,191.24
2019-04-02,194.46,191.05,191.09,194.02,22765700,194.02
2019-04-03,196.5,193.15,193.25,195.35,23271800,195.35
2019-04-04,196.37,193.14,194.79,195.69,19114300,195.69
2019-04-05,197.1,195.93,196.45,197,18526600,197
2019-04-08,200.23,196.34,196.42,200.1,25881700,200.1
2019-04-09,202.85,199.23,200.32,199.5,35768200,199.5
2019-04-10,200.74,198.18,198.68,200.62,21695300,200.62
2019-04-11,201,198.44,200.85,198.95,20900800,198.95
2019-04-12,200.14,196.21,199.2,198.87,27760700,198.87
2019-04-15,199.85,198.01,198.58,199.23,17536600,199.23
2019-04-16,201.37,198.56,199.46,199.25,25696400,199.25
2019-04-17,203.38,198.61,199.54,203.13,28906800,203.13
2019-04-18,204.15,202.52,203.12,203.86,24195800,203.86
