2015-01-02,314.75,306.96,312.58,308.52,2783200,308.52
2015-01-05,308.38,300.85,307.01,302.19,2774200,302.19
2015-01-06,303,292.38,302.24,295.29,3519000,295.29
2015-01-07,301.28,295.33,297.5,298.42,2640300,298.42
2015-01-08,303.14,296.11,300.32,300.46,3088400,300.46
2015-01-09,302.87,296.68,301.48,296.93,2589500,296.93
2015-01-12,298.51,289.28,297.56,291.41,3421400,291.41
2015-01-13,301.5,293.23,297.48,294.74,4130900,294.74
2015-01-14,295.91,286.5,291.93,293.27,5538700,293.27
2015-01-15,296,286.82,294,286.95,4419200,286.95
2015-01-16,290.79,285.25,286.28,290.74,3478200,290.74
2015-01-20,293.36,286.39,292.59,289.44,3062500,289.44
2015-01-21,306,287.26,289.64,297.25,10065100,297.25
2015-01-22,312.25,300,300,310.32,5362600,310.32
2015-01-23,316.93,307.72,308.08,312.39,4467100,312.39
2015-01-26,313,307.52,311.82,309.66,3169700,309.66
2015-01-27,310.24,302.63,306.3,306.75,2920300,306.75
2015-01-28,311.51,303.8,309.81,303.91,3063800,303.91
2015-01-29,312.8,299.33,304.73,311.78,8656600,311.78
2015-01-30,359.5,340.74,346.32,354.53,23856100,354.53
2015-02-02,365,350.01,350.05,364.47,10231900,364.47
2015-02-03,367.82,360.21,360.29,363.55,6204100,363.55
2015-02-04,367.5,358.23,358.38,364.75,4169900,364.75
2015-02-05,378.8,365.9,366,373.89,7247600,373.89
2015-02-06,375.99,371.01,374.87,374.28,3871300,374.28
2015-02-09,374.41,367.2,371,370.56,2724600,370.56
2015-02-10,374.3,368.51,371.19,373,2287200,373
2015-02-11,377.1,371.1,371.23,375.14,2786500,375.14
2015-02-12,378.51,373.15,375.1,377.17,2791100,377.17
2015-02-13,383,377.01,378.41,381.83,3475100,381.83
2015-02-17,379.99,372.67,377.72,375.43,3673200,375.43
2015-02-18,376.74,372.85,373.78,373.37,2523500,373.37
2015-02-19,381.88,373.43,373.49,379,2953800,379
2015-02-20,383.7,375.84,378.62,383.66,3258000,383.66
2015-02-23,384.54,378,383.44,380.14,2177000,380.14
2015-02-24,380.48,376.16,378.65,378.59,1920800,378.59
2015-02-25,387.85,376.54,377.27,385.37,3174500,385.37
2015-02-26,389.37,383.28,384.07,384.8,2687100,384.8
2015-02-27,385.99,379.79,384,380.16,2532300,380.16
2015-03-02,385.9,379.48,380.85,385.66,2139200,385.66
2015-03-03,386.1,381.6,383.95,384.61,1946500,384.61
2015-03-04,387.9,382.19,385.71,382.72,2252700,382.72
2015-03-05,388.42,383.89,385.61,387.83,2693500,387.83
2015-03-06,387,378.88,385.52,380.09,2627000,380.09
2015-03-09,379.33,375.28,378.4,378.56,2311400,378.56
2015-03-10,377.77,369.18,377.45,369.51,3079600,369.51
2015-03-11,373.35,366.26,370.61,366.37,2495100,366.37
2015-03-12,375.5,367.52,368.82,374.24,2810000,374.24
2015-03-13,373.99,366.68,371.52,370.58,2611700,370.58
2015-03-16,373.94,366.72,370.38,373.35,2354100,373.35
2015-03-17,374.5,369.64,371.11,371.92,2034200,371.92
2015-03-18,375.99,366.7,369.97,375.14,2640600,375.14
2015-03-19,377.11,372.19,373.87,373.24,1915700,373.24
2015-03-20,379.37,375.92,376.29,378.49,3763600,378.49
2015-03-23,381.77,374.94,378.07,375.11,2235300,375.11
2015-03-24,375.24,372.27,373.99,374.09,2228200,374.09
2015-03-25,380.5,370.29,375.17,370.96,3429500,370.96
2015-03-26,371.4,365.65,369.59,367.35,2930000,367.35
2015-03-27,373.17,366.57,367.11,370.56,2603800,370.56
2015-03-30,376.12,371.55,371.87,374.59,1820900,374.59
2015-03-31,377.7,371.51,373.24,372.1,2506100,372.1
2015-04-01,373.16,368.34,372.1,370.26,2451100,370.26
2015-04-02,373.28,369,370.5,372.25,1875300,372.25
2015-04-06,380.2,369.36,370.1,377.04,3050700,377.04
2015-04-07,379.31,374.03,376.15,374.41,1954900,374.41
2015-04-08,381.58,374.65,374.66,381.2,2636400,381.2
2015-04-09,384.42,378.8,380.66,383.54,2392300,383.54
2015-04-10,387.12,381.32,384.31,382.65,2573500,382.65
2015-04-13,385.28,380.14,383.53,382.36,1894500,382.36
2015-04-14,387.81,381.21,383.51,385.11,2548800,385.11
2015-04-15,385.78,381.64,384.65,383.45,1933200,383.45
2015-04-16,387.45,383.55,383.69,386.04,2080400,386.04
2015-04-17,383.56,374.4,382.63,375.56,3839700,375.56
2015-04-20,391.94,377,378.55,389.51,5001400,389.51
2015-04-21,394.6,386.8,391.31,391.18,4643500,391.18
2015-04-22,394.28,388,391.91,389.8,3474700,389.8
2015-04-23,391.88,386.15,390.21,389.99,7980000,389.99
2015-04-24,452.65,439,439,445.1,17176900,445.1
2015-04-27,446.99,437.41,443.86,438.56,5430900,438.56
2015-04-28,439,428.04,438.51,429.31,4140500,429.31
2015-04-29,434.24,426.03,426.75,429.37,3621700,429.37
2015-04-30,431.75,419.24,427.11,421.78,3647900,421.78
2015-05-01,425.64,416,423.82,422.87,3565800,422.87
2015-05-04,429.77,422.42,424.8,423.04,2270400,423.04
2015-05-05,427.51,421.02,422.85,421.19,2856400,421.19
2015-05-06,422.72,414.55,421.43,419.1,2552500,419.1
2015-05-07,428.5,422.85,424.15,426.88,2766100,426.88
2015-05-08,435.2,430.17,430.75,433.69,2908800,433.69
2015-05-11,439,431.37,432.51,432.85,2393700,432.85
2015-05-12,433.25,426.71,431.08,431.02,1947800,431.02
2015-05-13,433.53,425.8,429.98,426.87,1996300,426.87
2015-05-14,433,427.01,429.45,432.28,1888500,432.28
2015-05-15,430.4,424.3,428,426,4240300,426
2015-05-18,427.27,421.46,426,425.24,2268700,425.24
2015-05-19,428.24,420.63,424.87,421.71,2464200,421.71
2015-05-20,427.1,418.36,420.6,423.86,2196200,423.86
2015-05-21,436.9,428,428,431.63,4121400,431.63
2015-05-22,432.44,427.61,431.55,427.63,2020600,427.63
2015-05-26,427,422,426.2,425.47,2244200,425.47
2015-05-27,431.85,425.01,427.45,431.42,2231100,431.42
2015-05-28,431.35,425.47,429.71,426.57,1912400,426.57
2015-05-29,432.5,427.23,427.23,429.23,3008600,429.23
2015-06-01,433.16,426.2,430.4,430.92,2253300,430.92
2015-06-02,433.23,426.25,430.07,430.99,1668900,430.99
2015-06-03,438.39,432.75,434.4,436.59,2727900,436.59
2015-06-04,436.76,429.26,434.4,430.78,2510800,430.78
2015-06-05,430.8,426.5,429.66,426.95,1907900,426.95
2015-06-08,426.8,421.43,425.62,423.5,2166900,423.5
2015-06-09,427.49,419.14,422.96,425.48,2288700,425.48
2015-06-10,432.2,425.66,426.46,430.77,2172300,430.77
2015-06-11,438.89,431.47,432.29,432.97,2922500,432.97
2015-06-12,432.36,428.26,431.25,429.92,2054400,429.92
2015-06-15,428.05,422.64,427.66,423.67,2051000,423.67
2015-06-16,427.97,422.67,424.15,427.26,2296400,427.26
2015-06-17,431.35,424.75,428.36,427.81,2185900,427.81
2015-06-18,439.73,429.41,430.3,439.39,3378400,439.39
2015-06-19,444.99,433.24,440.26,434.92,4495100,434.92
2015-06-22,439.24,434.18,437,436.29,1823600,436.29
2015-06-23,447.04,433.69,435.59,445.99,3245000,445.99
2015-06-24,446.47,440.23,444.97,440.84,2620800,440.84
2015-06-25,443.47,436.39,438.07,440.1,2237500,440.1
2015-06-26,443.49,435.06,441.76,438.1,2624500,438.1
2015-06-29,437,429,434.98,429.86,2753200,429.86
2015-06-30,435.57,430.46,434.2,434.09,2596900,434.09
2015-07-01,440,435.58,439.35,437.39,1987100,437.39
2015-07-02,438.2,433.48,437,437.71,1343400,437.71
2015-07-06,439.73,433.52,435.23,436.04,1903200,436.04
2015-07-07,437.73,425.57,435.68,436.72,3454200,436.72
2015-07-08,435.99,428.83,434.35,429.7,2383100,429.7
2015-07-09,438.72,434.15,434.9,434.39,2271400,434.39
2015-07-10,444.72,439,440.49,443.51,2401000,443.51
2015-07-13,457.87,447.54,448.29,455.57,3956800,455.57
2015-07-14,469.6,458.16,462.32,465.57,4736200,465.57
2015-07-15,464.7,460.2,463.04,461.19,2987400,461.19
2015-07-16,475.88,464.8,465.5,475.48,4095600,475.48
2015-07-17,485.42,477.25,477.7,483.01,4932200,483.01
2015-07-20,493.2,485.4,492.57,488.1,4752500,488.1
2015-07-21,488.88,482.55,487.9,488,3181800,488
2015-07-22,492.5,484.9,485.99,488.27,3114900,488.27
2015-07-23,491.66,475.7,491.66,482.18,9374400,482.18
2015-07-24,580.57,529.35,578.99,529.42,21909400,529.42
2015-07-27,544.95,526.6,527.75,531.41,7491000,531.41
2015-07-28,536.39,523.12,536,526.03,5273100,526.03
2015-07-29,532.97,525.02,530.92,529,3752600,529
2015-07-30,539.2,524.29,527.65,536.76,3743100,536.76
2015-07-31,542.84,534.52,539.09,536.15,3025600,536.15
2015-08-03,540.44,529.36,537.45,535.03,3014200,535.03
2015-08-04,536.95,529.16,529.69,531.9,2934600,531.9
2015-08-05,539.14,534.12,538.8,537.01,2889400,537.01
2015-08-06,542.74,527.52,539.3,529.46,3820500,529.46
2015-08-07,529.46,518.21,529.16,522.62,3969200,522.62
2015-08-10,532.28,523,528.52,524,2615900,524
2015-08-11,528.98,522,523.65,527.46,2657900,527.46
2015-08-12,527.5,513.06,523.75,525.91,3962300,525.91
2015-08-13,534.66,525.49,527.37,529.66,2895200,529.66
2015-08-14,534.11,528.25,528.25,531.52,1983200,531.52
2015-08-17,538.74,527.12,531.29,535.22,2581700,535.22
2015-08-18,539.49,533,535.04,535.02,2071300,535.02
2015-08-19,537.25,529,533.74,532.92,2324000,532.92
2015-08-20,533.25,515.77,530.39,515.78,4408000,515.78
2015-08-21,512.33,494.47,507.36,494.47,6706500,494.47
2015-08-24,476.58,451,463.58,463.37,10097600,463.37
2015-08-25,489.44,466.25,487.49,466.37,5679300,466.37
2015-08-26,503.72,478.76,484.02,500.77,6358600,500.77
2015-08-27,522.69,507.26,513.71,518.37,6114500,518.37
2015-08-28,521.5,513.04,517.5,518.01,2746700,518.01
2015-08-31,519.41,509.07,516.44,512.89,2983000,512.89
2015-09-01,510,493.43,499.14,496.54,3864500,496.54
2015-09-02,510.86,497.72,505.09,510.55,3707100,510.55
2015-09-03,515.84,502.57,514.5,504.72,3149700,504.72
2015-09-04,502.85,495.64,497.65,499,2692500,499
2015-09-08,518.35,508.51,508.69,517.54,3810700,517.54
2015-09-09,529.95,515.06,524,516.89,4338700,516.89
2015-09-10,526.13,514.78,515.15,522.24,2576000,522.24
2015-09-11,529.44,520.61,521.07,529.44,3227900,529.44
2015-09-14,532.45,518.58,529.44,521.38,3130200,521.38
2015-09-15,527.92,517.2,523.25,522.37,2845600,522.37
2015-09-16,528.3,518.52,521.98,527.39,2252800,527.39
2015-09-17,546.97,526.57,526.98,538.87,4169500,538.87
2015-09-18,546.24,531.35,534.62,540.26,6125600,540.26
2015-09-21,549.78,539.59,544.33,548.39,3283300,548.39
2015-09-22,543.55,532.66,539.71,538.4,3841700,538.4
2015-09-23,541.21,534,538.3,536.07,2237600,536.07
2015-09-24,534.56,522.87,530.55,533.75,3501000,533.75
2015-09-25,542.8,521.4,542.57,524.25,4031000,524.25
2015-09-28,520.28,494.33,520.02,504.06,5434500,504.06
2015-09-29,511.48,490.5,506,496.07,4457500,496.07
2015-09-30,512.8,501.67,505.44,511.89,3990400,511.89
2015-10-01,520.8,506,511,520.72,3768500,520.72
2015-10-02,532.6,508.1,512.99,532.54,4597800,532.54
2015-10-05,545.91,536,536.99,543.68,3391400,543.68
2015-10-06,551.5,533.33,545.5,537.48,4502800,537.48
2015-10-07,542,529,541.79,541.94,3812100,541.94
2015-10-08,539.39,519.89,536.71,533.16,4676400,533.16
2015-10-09,541.79,530.27,534.48,539.8,3537400,539.8
2015-10-12,550.82,539.8,539.96,550.19,2776100,550.19
2015-10-13,553.2,543.1,546.26,548.9,2938000,548.9
2015-10-14,552.25,539.68,551.34,544.83,3582100,544.83
2015-10-15,563,547,547.75,562.44,4937000,562.44
2015-10-16,570.94,560.31,565.27,570.76,4315800,570.76
2015-10-19,579,567.38,570.76,573.15,4375400,573.15
2015-10-20,573,555.28,572,560.88,4327900,560.88
2015-10-21,565.25,552.52,563.87,555.77,3343600,555.77
2015-10-22,569.15,556.67,562.7,563.91,7779400,563.91
2015-10-23,619.45,595.36,617.68,599.03,10692700,599.03
2015-10-26,609.85,596.29,602.3,608.61,4269700,608.61
2015-10-27,614.71,605.53,608.6,611.01,3787100,611.01
2015-10-28,617.23,609.5,612.3,617.1,3926200,617.1
2015-10-29,627.54,615.39,617.7,626.55,3858600,626.55
2015-10-30,630.72,625.28,626.01,625.9,3874400,625.9
2015-11-02,628.63,620.41,627.13,628.35,2816500,628.35
2015-11-03,629.89,622,629.53,625.31,3246900,625.31
2015-11-04,645.93,627.35,627.76,640.95,4831800,640.95
2015-11-05,657,643.09,647.1,655.65,4723800,655.65
2015-11-06,662.26,652,655,659.37,4092200,659.37
2015-11-09,661.96,647.85,658.65,655.49,4048800,655.49
2015-11-10,660,647.26,651.01,659.68,3489500,659.68
2015-11-11,675.96,663.25,663.25,673.25,5387300,673.25
2015-11-12,675.64,664.22,673,665.6,4284700,665.6
2015-11-13,667,640.45,663.57,642.35,6261100,642.35
2015-11-16,649.99,622.29,640.92,647.81,7435900,647.81
2015-11-17,653.25,641,650.65,643.3,4320200,643.3
2015-11-18,664.88,646.37,646.51,663.54,4469800,663.54
2015-11-19,672.86,659,664.99,661.27,4705200,661.27
2015-11-20,668.87,657.57,667.94,668.45,3896100,668.45
2015-11-23,682.77,670.12,671.5,678.99,4385100,678.99
2015-11-24,675.8,661.21,674.14,671.15,4543400,671.15
2015-11-25,679.7,671.24,675,675.34,2697900,675.34
2015-11-27,680.99,672.1,680.8,673.26,1966800,673.26
2015-11-30,681.29,664.6,675.9,664.8,5693200,664.8
2015-12-01,681,667.86,673.75,679.06,4751200,679.06
2015-12-02,684.82,674.25,681,676.01,4273500,676.01
2015-12-03,682.79,661.48,679.44,666.25,5064700,666.25
2015-12-04,674.78,661.4,666,672.64,4534800,672.64
2015-12-07,675.46,660.5,674.74,669.83,3732800,669.83
2015-12-08,679.99,659.79,663.13,677.33,3651900,677.33
2015-12-09,679,655.68,678,664.79,5158200,664.79
2015-12-10,668.53,659.56,665.59,662.32,3440200,662.32
2015-12-11,657.88,639.62,651.23,640.15,5474400,640.15
2015-12-14,658.59,635.27,641.75,657.91,4329700,657.91
2015-12-15,671.5,657.35,665.03,658.64,4753400,658.64
2015-12-16,677.35,659.32,663.56,675.77,3964500,675.77
2015-12-17,682.5,670.65,680,670.65,3681600,670.65
2015-12-18,676.84,664.13,668.65,664.14,6841300,664.14
2015-12-21,669.9,658.93,668.5,664.51,3250900,664.51
2015-12-22,668.49,659.26,666.83,663.15,2664000,663.15
2015-12-23,666.6,656.63,666.5,663.7,2722900,663.7
2015-12-24,664.68,660.6,663.35,662.79,1093000,662.79
2015-12-28,675.5,665.5,665.56,675.2,3775800,675.2
2015-12-29,696.44,677.89,677.98,693.97,5735000,693.97
2015-12-30,695.49,686.38,691.89,689.07,3519000,689.07
2015-12-31,687.75,675.89,686.08,675.89,3749600,675.89
2016-01-04,657.72,627.51,656.29,636.99,9314500,636.99
2016-01-05,646.91,627.65,646.86,633.79,5822600,633.79
2016-01-06,639.79,620.31,622,632.65,5329200,632.65
2016-01-07,630,605.21,621.8,607.94,7074900,607.94
2016-01-08,624.14,606,619.66,607.05,5512900,607.05
2016-01-11,619.85,598.57,612.48,617.74,4869200,617.74
2016-01-12,625.99,612.24,625.25,617.89,4724100,617.89
2016-01-13,620.88,579.16,620.88,581.81,7655200,581.81
2016-01-14,602.25,569.88,580.25,593,7238000,593
2016-01-15,584.62,565.3,572.24,570.18,7784500,570.18
2016-01-19,584,566.45,577.09,574.48,4807200,574.48
2016-01-20,578.45,547.18,564.36,571.77,7966400,571.77
2016-01-21,588.81,568.22,573.58,575.02,4952200,575.02
2016-01-22,600.1,584.11,588.73,596.38,5120100,596.38
2016-01-25,608.5,594.56,597.99,596.53,4396100,596.53
2016-01-26,604.5,590.38,603.45,601.25,3743200,601.25
2016-01-27,603.39,578.78,601.99,583.35,5152900,583.35
2016-01-28,638.06,597.55,608.37,635.35,14015200,635.35
2016-01-29,593,570,571.98,587,14677600,587
2016-02-01,581.8,570.31,578.15,574.81,6355100,574.81
2016-02-02,571.56,550.09,570,552.1,6312000,552.1
2016-02-03,556,521.9,553.5,531.07,10048700,531.07
2016-02-04,538.99,519.22,525,536.26,6176600,536.26
2016-02-05,529.45,499.19,529.28,502.13,9708900,502.13
2016-02-08,493.5,475.21,486.47,488.1,9825500,488.1
2016-02-09,498.38,474,478.01,482.07,7045900,482.07
2016-02-10,504.66,486,491.76,490.48,6786200,490.48
2016-02-11,509.3,484,491.17,503.82,7397400,503.82
2016-02-12,516.75,501.49,510.7,507.08,5384800,507.08
2016-02-16,524.45,511.66,519.48,521.1,5118500,521.1
2016-02-17,537.48,519.39,528.74,534.1,4824000,534.1
2016-02-18,541.2,523.73,541.19,525,4735000,525
2016-02-19,535.95,515.35,520.71,534.9,4974700,534.9
2016-02-22,560.65,541.08,542.2,559.5,5566600,559.5
2016-02-23,556.91,545.33,555.55,552.94,4050800,552.94
2016-02-24,554.27,533.15,545.75,554.04,6231700,554.04
2016-02-25,559.39,545.29,555.52,555.15,4510500,555.15
2016-02-26,562.5,553.17,560.12,555.23,4877000,555.23
2016-02-29,564.81,552.51,554,552.52,4145400,552.52
2016-03-01,579.25,556,556.29,579.04,5038500,579.04
2016-03-02,585,573.7,581.75,580.21,4582200,580.21
2016-03-03,579.87,573.11,577.96,577.49,2736700,577.49
2016-03-04,581.4,571.07,581.07,575.14,3416500,575.14
2016-03-07,573.63,555.55,573.54,562.8,4926900,562.8
2016-03-08,571.35,554.74,557.87,560.26,4730000,560.26
2016-03-09,560.35,550.13,559.56,559.47,4377300,559.47
2016-03-10,567,547.9,566.74,558.93,3914300,558.93
2016-03-11,570.06,562.73,566.95,569.61,3771300,569.61
2016-03-14,576.89,563.05,567,573.37,3454200,573.37
2016-03-15,581.52,567,571,577.02,3876800,577.02
2016-03-16,581.32,571.14,576.64,574.27,3537700,574.27
2016-03-17,571.4,555.01,569.51,559.44,5928100,559.44
2016-03-18,562.33,546.09,560.94,552.08,7296900,552.08
2016-03-21,555.24,538.58,548.91,553.98,5155700,553.98
2016-03-22,562.76,545.05,545.11,560.48,4000600,560.48
2016-03-23,572.48,558.1,561,569.63,3983700,569.63
2016-03-24,583.55,567.08,567.11,582.95,5185500,582.95
2016-03-28,584.75,575.56,584.4,579.87,3121500,579.87
2016-03-29,595.85,576.5,580.15,593.86,4167100,593.86
2016-03-30,603.24,595,596.71,598.69,3890500,598.69
2016-03-31,600.75,592.21,599.28,593.64,2681800,593.64
2016-04-01,599.03,588.3,590.49,598.5,2917400,598.5
2016-04-04,599.5,590.55,599,593.19,2470800,593.19
2016-04-05,593.47,585.25,590.77,586.14,2308900,586.14
2016-04-06,602.39,587.5,587.52,602.08,2833500,602.08
2016-04-07,599.6,589.08,598.76,591.43,3189000,591.43
2016-04-08,597.86,589,594.32,594.6,2591900,594.6
2016-04-11,604,594.91,596.14,595.93,2704300,595.93
2016-04-12,604.06,592.31,598.4,603.17,2636300,603.17
2016-04-13,616.81,605.29,607.68,614.82,4228300,614.82
2016-04-14,624.38,615.07,615.07,620.75,3474300,620.75
2016-04-15,626.77,618.11,621.92,625.89,2887700,625.89
2016-04-18,637.64,624.96,625.35,635.35,4336400,635.35
2016-04-19,638.01,620.8,637.14,627.9,4055900,627.9
2016-04-20,636.55,623,630,632.99,2609400,632.99
2016-04-21,637.82,628.5,631,631,2596300,631
2016-04-22,628.25,611.56,624.47,620.5,5083900,620.5
2016-04-25,626.98,616.25,616.61,626.2,2682900,626.2
2016-04-26,626.75,614.88,626.17,616.88,2521400,616.88
2016-04-27,615.95,601.28,611.8,606.57,4068800,606.57
2016-04-28,626.8,599.2,615.54,602,7872600,602
2016-04-29,669.98,654,666,659.59,10310700,659.59
2016-05-02,685.5,662.03,663.92,683.85,6578500,683.85
2016-05-03,680.3,670.43,677.36,671.32,4923400,671.32
2016-05-04,674,662.14,662.59,670.9,4574500,670.9
2016-05-05,676.49,656,673.31,659.09,4884100,659.09
2016-05-06,676.95,656.01,656.05,673.95,4365300,673.95
2016-05-09,686.98,671.41,673.95,679.75,3982200,679.75
2016-05-10,704.55,693.5,694,703.07,6087000,703.07
2016-05-11,719,701.65,705.79,713.23,7338200,713.23
2016-05-12,722.45,711.51,717.38,717.93,5048200,717.93
2016-05-13,719.25,706.51,714.64,709.92,4763400,709.92
2016-05-16,713.25,700.28,710.13,710.66,5432900,710.66
2016-05-17,714.47,693.91,709.9,695.27,5121400,695.27
2016-05-18,702.54,688.76,689.56,697.45,4283200,697.45
2016-05-19,699.4,689.56,691.88,698.52,3025600,698.52
2016-05-20,707.24,700,701.05,702.8,2916200,702.8
2016-05-23,706,696.42,704.25,696.75,2579200,696.75
2016-05-24,707.5,698,698.01,704.2,3033800,704.2
2016-05-25,710.86,705.52,708,708.35,3267700,708.35
2016-05-26,715,707.29,708.33,714.91,2436800,714.91
2016-05-27,716.6,711.1,715,712.24,2249200,712.24
2016-05-31,724.23,711.32,712.33,722.79,3618300,722.79
2016-06-01,726.43,718.22,720.9,719.44,3263100,719.44
2016-06-02,728.28,715.5,720.97,728.24,3020700,728.24
2016-06-03,727,718.43,726.74,725.54,3367300,725.54
2016-06-06,731.5,724.42,726.5,726.73,2704800,726.73
2016-06-07,730,720.55,729.89,723.74,2732500,723.74
2016-06-08,729.42,721.6,726.4,726.64,2223400,726.64
2016-06-09,728.91,722.3,723.1,727.65,2170300,727.65
2016-06-10,724.98,714.21,722.35,717.91,3425700,717.91
2016-06-13,721.99,711.16,714.01,715.24,3352200,715.24
2016-06-14,720.81,712.27,712.33,719.3,2506900,719.3
2016-06-15,722.56,713.35,722,714.26,2709400,714.26
2016-06-16,718,705.3,712.05,717.51,3098000,717.51
2016-06-17,718.2,699.18,718.19,706.39,5897800,706.39
2016-06-20,721.31,710.81,713.5,714.01,3677200,714.01
2016-06-21,718.4,712.72,715.72,715.82,2137500,715.82
2016-06-22,717,707.57,716.58,710.6,2260500,710.6
2016-06-23,722.12,712.5,715.5,722.08,2825000,722.08
2016-06-24,712.53,692.2,693,698.96,7632500,698.96
2016-06-27,696.82,682.12,692.01,691.36,5568000,691.36
2016-06-28,708,698.17,700,707.95,4037000,707.95
2016-06-29,719.5,713.54,715.75,715.6,3070100,715.6
2016-06-30,719.37,712.54,717.2,715.62,2855100,715.62
2016-07-01,728,716.54,717.32,725.68,2920400,725.68
2016-07-05,729.56,719.61,722.8,728.1,2431400,728.1
2016-07-06,737.77,722.58,725.71,737.61,3938200,737.61
2016-07-07,739.55,731.63,739.33,736.57,2936700,736.57
2016-07-08,746.1,738,740.14,745.81,3429200,745.81
2016-07-11,755.9,747,750,753.78,3195300,753.78
2016-07-12,757.34,740.33,756.86,748.21,5623700,748.21
2016-07-13,756.87,741.25,746.76,742.63,4142300,742.63
2016-07-14,749.04,739.02,748.86,741.2,2390500,741.2
2016-07-15,746.55,734.05,746.55,735.44,3121400,735.44
2016-07-18,741.6,728.72,735.49,736.07,2954900,736.07
2016-07-19,743.33,732.31,732.5,739.95,2216800,739.95
2016-07-20,746.25,740.7,744,745.72,2214000,745.72
2016-07-21,749.36,742.79,747.5,744.43,2317100,744.43
2016-07-22,751.28,743.53,747.79,744.86,2277700,744.86
2016-07-25,748.5,735.35,746.55,739.61,2679300,739.61
2016-07-26,743.13,732.75,742.71,735.59,2529700,735.59
2016-07-27,740.94,733.86,737.97,736.67,2831800,736.67
2016-07-28,753.36,739.7,745.98,752.61,7617600,752.61
2016-07-29,766,755,765,758.81,6777100,758.81
2016-08-01,770.5,757.06,759.87,767.74,3578200,767.74
2016-08-02,765.01,757.02,763.81,760.58,3603300,760.58
2016-08-03,758.89,752.25,757.06,754.64,3581500,754.64
2016-08-04,765,750.35,753.7,760.77,3176000,760.77
2016-08-05,768.47,763.09,764.81,765.98,2704400,765.98
2016-08-08,767,761.02,766.81,766.56,1986300,766.56
2016-08-09,772.6,766.9,767.39,768.31,1876100,768.31
2016-08-10,772.1,766.19,769.8,768.56,1604300,768.56
2016-08-11,773.75,769.12,769.94,771.24,2016300,771.24
2016-08-12,773.15,768.42,768.46,772.56,1563300,772.56
2016-08-15,772.04,767.71,771.9,768.49,2118500,768.49
2016-08-16,768.73,763.82,768.62,764.04,1604600,764.04
2016-08-17,765.22,759.2,764.41,764.63,1891100,764.63
2016-08-18,765.17,760.6,764,764.46,1458800,764.46
2016-08-19,762.49,756.89,761.9,757.31,2343200,757.31
2016-08-22,759.85,752.1,757.5,759.48,1679300,759.48
2016-08-23,764.7,761,763.31,762.45,1524100,762.45
2016-08-24,763.41,755.36,763,757.25,1744100,757.25
2016-08-25,760.56,754.74,756,759.22,1623000,759.22
2016-08-26,770,759.8,760.05,769,2776800,769
2016-08-29,774.98,768.6,768.72,771.29,2185700,771.29
2016-08-30,771.84,765.56,771.05,767.58,1709200,767.58
2016-08-31,769.64,764,766.6,769.16,1633800,769.16
2016-09-01,772.04,766.75,770.9,770.62,1792300,770.62
2016-09-02,776,771.7,774.11,772.44,2181800,772.44
2016-09-06,789.48,770.22,774.04,788.87,3719800,788.87
2016-09-07,790.79,784.33,789.53,784.48,2424600,784.48
2016-09-08,786.5,781.44,783.89,784.06,2026400,784.06
2016-09-09,781,760.11,779.36,760.14,4257300,760.14
2016-09-12,772.66,756,757.35,771.49,3124700,771.49
2016-09-13,769.89,759.05,768.77,761.01,3117200,761.01
2016-09-14,767.5,758.85,762.2,761.09,2523000,761.09
2016-09-15,770.87,757.58,762,769.69,3034000,769.69
2016-09-16,780.46,771.66,773.28,778.52,5499200,778.52
2016-09-19,781.94,771,779.97,775.1,2292500,775.1
2016-09-20,781.37,776,776,780.22,1937200,780.22
2016-09-21,790.69,779.01,783.25,789.74,2718600,789.74
2016-09-22,805.89,794.27,794.27,804.7,4078900,804.7
2016-09-23,807.75,802.12,803.13,805.75,2353500,805.75
2016-09-26,805.93,797.15,801.8,799.16,2651400,799.16
2016-09-27,816.64,801.11,801.85,816.11,3819600,816.11
2016-09-28,830.14,817.03,818,828.72,4422100,828.72
2016-09-29,837.5,824.63,828.26,829.05,4922200,829.05
2016-09-30,839.95,832.4,832.61,837.31,4430600,837.31
2016-10-03,839.86,831.25,836,836.74,2769400,836.74
2016-10-04,842.37,830.26,840.91,834.03,2950300,834.03
2016-10-05,845.67,836.12,838,844.36,3469100,844.36
2016-10-06,847.21,840.6,843.7,841.66,2684000,841.66
2016-10-07,845.95,837.45,845.79,839.43,2426200,839.43
2016-10-10,845.2,840.27,843.25,841.71,1818000,841.71
2016-10-11,841.29,828.35,841.02,831,3588200,831
2016-10-12,837.67,830.1,834,834.09,2380400,834.09
2016-10-13,831.8,821.21,829,829.28,3091400,829.28
2016-10-14,835.74,822.96,835.08,822.96,2999800,822.96
2016-10-17,822,811.68,821.5,812.95,3361500,812.95
2016-10-18,823.26,815.02,822.11,817.65,2480800,817.65
2016-10-19,820.67,815.17,820.4,817.69,2090700,817.69
2016-10-20,815.71,803.1,813.99,810.32,3152000,810.32
2016-10-21,819.42,809,809.36,818.99,2793000,818.99
2016-10-24,838.3,822.21,824.95,838.09,4060900,838.09
2016-10-25,843.09,833.22,839.3,835.18,3248400,835.18
2016-10-26,833.44,820,832.76,822.59,3998100,822.59
2016-10-27,831.72,815.43,831.24,818.36,7406400,818.36
2016-10-28,789.49,774.61,782,776.32,10841100,776.32
2016-10-31,793.7,780.11,781.03,789.82,5413300,789.82
2016-11-01,800.84,776.71,799,785.41,5305400,785.41
2016-11-02,784.75,763.55,783.93,765.56,5026500,765.56
2016-11-03,777,764,765.05,767.03,3872500,767.03
2016-11-04,766,753.23,762.79,755.05,5122100,755.05
2016-11-07,787.73,770.94,771.64,784.93,5984400,784.93
2016-11-08,791.74,779.1,784.97,787.75,3373300,787.75
2016-11-09,777.5,760.09,764,771.88,8562900,771.88
2016-11-10,778.83,717.7,778.81,742.38,12747000,742.38
2016-11-11,743.26,728.9,735.73,739.01,6622800,739.01
2016-11-14,746,710.1,745.51,719.07,7283200,719.07
2016-11-15,746.78,725.99,730,743.24,6755800,743.24
2016-11-16,749.87,735.61,739.88,746.49,3601400,746.49
2016-11-17,757.5,748,749.32,756.4,3690100,756.4
2016-11-18,767.74,757.64,761,760.16,4373400,760.16
2016-11-21,780.35,765.11,766,780,4614600,780
2016-11-22,792.4,781,788.17,785.33,5311300,785.33
2016-11-23,781.75,773.12,781.73,780.12,3522500,780.12
2016-11-25,786.75,777.9,786.5,780.37,1837100,780.37
2016-11-28,777,764.24,776.99,766.77,4438800,766.77
2016-11-29,769.89,761.32,768,762.52,3272300,762.52
2016-11-30,768.09,750.25,762,750.57,4625900,750.57
2016-12-01,753.37,738.03,752.41,743.65,4666000,743.65
2016-12-02,748.49,736.7,743.4,740.34,3561300,740.34
2016-12-05,761.49,742,745,759.36,4314700,759.36
2016-12-06,768.24,757.25,763.99,764.72,3794700,764.72
2016-12-07,770.42,755.82,764.55,770.42,3684900,770.42
2016-12-08,773.79,765.19,771.87,767.33,3189600,767.33
2016-12-09,770.25,765.34,770,768.66,2470900,768.66
2016-12-12,766.89,757.2,766.4,760.12,2963900,760.12
2016-12-13,782.46,762,764.96,774.34,5285300,774.34
2016-12-14,780.86,762.81,778.25,768.82,5454800,768.82
2016-12-15,769.1,760.31,766.28,761,3801900,761
2016-12-16,765.13,754,765,757.77,4828700,757.77
2016-12-19,770.5,756.16,758.89,766,3113200,766
2016-12-20,774.39,767.71,768.65,771.22,2703600,771.22
2016-12-21,771.22,765.7,770,770.6,2044600,770.6
2016-12-22,771.21,763.02,768.12,766.34,2543600,766.34
2016-12-23,766.5,757.99,764.55,760.59,1976900,760.59
2016-12-27,774.65,761.2,763.4,771.4,2638700,771.4
2016-12-28,780,770.5,776.25,772.13,3301000,772.13
2016-12-29,773.4,760.85,772.4,765.15,3153500,765.15
2016-12-30,767.4,748.28,766.47,749.87,4139400,749.87
2017-01-03,758.76,747.7,757.92,753.67,3521100,753.67
2017-01-04,759.68,754.2,758.39,757.18,2510500,757.18
2017-01-05,782.4,760.26,761.55,780.45,5830100,780.45
2017-01-06,799.44,778.48,782.36,795.99,5986200,795.99
2017-01-09,801.77,791.77,798,796.92,3440100,796.92
2017-01-10,798,789.54,796.6,795.9,2558400,795.9
2017-01-11,799.5,789.51,793.66,799.02,2992800,799.02
2017-01-12,814.13,799.5,800.31,813.64,4873900,813.64
2017-01-13,821.65,811.4,814.32,817.14,3791900,817.14
2017-01-17,816,803.44,815.7,809.72,3659400,809.72
2017-01-18,811.73,804.27,809.5,807.48,2354200,807.48
2017-01-19,813.51,807.32,810,809.04,2540800,809.04
2017-01-20,816.02,806.26,815.28,808.33,3376200,808.33
2017-01-23,818.5,805.08,806.8,817.88,2797500,817.88
2017-01-24,823.99,814.5,822,822.44,2971700,822.44
2017-01-25,837.42,825.29,825.79,836.52,3922600,836.52
2017-01-26,843.84,833,835.53,839.15,3586300,839.15
2017-01-27,839.7,829.44,839,835.77,2998700,835.77
2017-01-30,833.5,816.38,833,830.38,3747300,830.38
2017-01-31,826.99,819.56,823.75,823.48,3137200,823.48
2017-02-01,833.78,824.94,829.21,832.35,3850200,832.35
2017-02-02,842.49,828.26,836.59,839.95,7350500,839.95
2017-02-03,818.3,804,806.72,810.2,10868800,810.2
2017-02-06,810.72,803,809.8,807.64,3897300,807.64
2017-02-07,816.16,807.5,809.31,812.5,3466100,812.5
2017-02-08,821.48,812.5,812.69,819.71,2858000,819.71
2017-02-09,825,819.71,821.6,821.36,2484900,821.36
2017-02-10,828,822.85,823.82,827.46,2429600,827.46
2017-02-13,843,828.55,831.62,836.53,4172600,836.53
2017-02-14,838.31,831.45,837,836.39,2787900,836.39
2017-02-15,842.81,832.82,834,842.7,2968900,842.7
2017-02-16,845,839.38,841.84,844.14,2714700,844.14
2017-02-17,847.27,840.73,842,845.07,3112300,845.07
2017-02-21,857.98,847.25,848.84,856.44,3507700,856.44
2017-02-22,858.43,852.18,856.95,855.61,2617000,855.61
2017-02-23,860.86,848,857.57,852.19,3462000,852.19
2017-02-24,845.81,837.75,844.69,845.24,3688000,845.24
2017-02-27,852.5,839.67,842.38,848.64,2713600,848.64
2017-02-28,854.09,842.05,851.45,845.04,2793700,845.04
2017-03-01,854.83,849.01,853.05,853.08,2760100,853.08
2017-03-02,854.82,847.28,853.08,848.91,2132100,848.91
2017-03-03,851.99,846.27,847.2,849.88,1941100,849.88
2017-03-06,848.49,841.12,845.23,846.61,2610400,846.61
2017-03-07,848.46,843.75,845.48,846.02,2247600,846.02
2017-03-08,853.07,846.79,848,850.5,2286500,850.5
2017-03-09,856.4,850.31,851,853,2048200,853
2017-03-10,857.35,851.72,857,852.46,2436400,852.46
2017-03-13,855.69,851.71,851.77,854.59,1909700,854.59
2017-03-14,853.75,847.55,853.55,852.53,2130600,852.53
2017-03-15,854.45,847.11,854.33,852.97,2562200,852.97
2017-03-16,855.5,850.51,855.3,853.42,1842300,853.42
2017-03-17,853.83,850.64,853.49,852.31,3384400,852.31
2017-03-20,857.8,851.01,851.51,856.97,2282700,856.97
2017-03-21,862.8,841.31,858.84,843.2,4382900,843.2
2017-03-22,849.37,839.05,840.43,848.06,2658700,848.06
2017-03-23,850.89,844.8,848.2,847.38,1953000,847.38
2017-03-24,851.8,843.53,851.68,845.61,2138300,845.61
2017-03-27,850.3,833.5,838.07,846.82,2755800,846.82
2017-03-28,858.46,850.1,851.75,856,3041600,856
2017-03-29,876.44,859.02,859.05,874.32,4485800,874.32
2017-03-30,877.06,871.66,874.95,876.34,2762700,876.34
2017-03-31,890.35,876.65,877,886.54,3957600,886.54
2017-04-03,893.49,885.42,888,891.51,3422300,891.51
2017-04-04,908.54,890.28,891.5,906.83,4984700,906.83
2017-04-05,923.72,905.62,910.82,909.28,7508400,909.28
2017-04-06,917.19,894.49,913.8,898.28,6344100,898.28
2017-04-07,900.09,889.31,899.65,894.88,3710900,894.88
2017-04-10,908.51,899,899.63,907.04,3184300,907.04
2017-04-11,911.24,897.5,907.04,902.36,3012700,902.36
2017-04-12,904.09,895.25,903.09,896.23,2456100,896.23
2017-04-13,894.97,884.49,891.45,884.67,3174600,884.67
2017-04-17,902.38,887.5,887.5,901.99,2854700,901.99
2017-04-18,909.61,900.78,900.99,903.78,2999200,903.78
2017-04-19,910.5,897.37,907.84,899.2,2870200,899.2
2017-04-20,905.32,896.29,899.7,902.06,2814400,902.06
2017-04-21,903.65,896.77,902.67,898.53,2420500,898.53
2017-04-24,909.99,903.82,908.68,907.41,3122900,907.41
2017-04-25,909.48,903,907.04,907.62,3380600,907.62
2017-04-26,915.75,907.56,910.3,909.29,2608900,909.29
2017-04-27,921.86,912.11,914.39,918.38,5305500,918.38
2017-04-28,949.59,924.33,948.83,924.99,7335800,924.99
2017-05-01,954.4,927.8,927.8,948.23,5466500,948.23
2017-05-02,950.1,941.41,946.65,946.94,3848800,946.94
2017-05-03,946,935.9,946,941.03,3582700,941.03
2017-05-04,945,934.22,944.75,937.53,2418400,937.53
2017-05-05,940.79,930.3,940.52,934.15,2866400,934.15
2017-05-08,949.05,939.21,940.95,949.04,3415700,949.04
2017-05-09,957.89,950.2,952.8,952.82,3262100,952.82
2017-05-10,953.75,945,953.5,948.95,2096500,948.95
2017-05-11,950.29,940.78,945.11,947.62,2194100,947.62
2017-05-12,962.79,951.53,954.5,961.35,3625900,961.35
2017-05-15,963.15,956.06,958.73,957.97,4270600,957.97
2017-05-16,970.06,960.91,961,966.07,3126100,966.07
2017-05-17,960.4,944.12,954.7,944.76,5145600,944.76
2017-05-18,962.75,944.76,944.8,958.49,3939300,958.49
2017-05-19,968.92,959.72,962.84,959.84,3972100,959.84
2017-05-22,971.38,962.9,964,970.67,2642200,970.67
2017-05-23,975.2,966.85,975.02,971.54,2415600,971.54
2017-05-24,981,970.23,976,980.35,2446000,980.35
2017-05-25,999,982.11,984.85,993.38,4822000,993.38
2017-05-26,998.65,989.25,995,995.78,3469200,995.78
2017-05-30,1001.2,995.52,996.51,996.7,3263100,996.7
2017-05-31,1000.12,982.16,1000,994.62,3913100,994.62
2017-06-01,998.99,991.37,998.59,995.95,2454800,995.95
2017-06-02,1008.48,995.67,998.99,1006.73,3752300,1006.73
2017-06-05,1013.21,1003.51,1007.23,1011.34,2719900,1011.34
2017-06-06,1016.5,1001.25,1012,1003,3346400,1003
2017-06-07,1010.25,1002,1005.95,1010.07,2823000,1010.07
2017-06-08,1013.61,1006.11,1012.06,1010.27,2753300,1010.27
2017-06-09,1012.99,927,1012.5,978.31,7647700,978.31
2017-06-12,975.95,945,967,964.91,9447200,964.91
2017-06-13,984.5,966.1,977.99,980.79,4580000,980.79
2017-06-14,990.34,966.71,988.59,976.47,3974900,976.47
2017-06-15,965.73,950.86,958.7,964.17,5373900,964.17
2017-06-16,999.75,982,996,987.71,11472700,987.71
2017-06-19,1017,989.9,1017,995.17,5043400,995.17
2017-06-20,1004.88,992.02,998,992.59,4076800,992.59
2017-06-21,1002.72,992.65,998.7,1002.23,2922500,1002.23
2017-06-22,1006.96,997.2,1002.23,1001.3,2253400,1001.3
2017-06-23,1004.62,998.02,1002.54,1003.74,2879100,1003.74
2017-06-26,1009.8,992,1008.5,993.98,3386200,993.98
2017-06-27,998.8,976,990.69,976.78,3782400,976.78
2017-06-28,990.68,969.21,978.55,990.33,3737600,990.33
2017-06-29,987.56,965.25,979,975.93,4303000,975.93
2017-06-30,983.47,967.61,980.12,968,3390300,968
2017-07-03,974.49,951,972.79,953.66,2909100,953.66
2017-07-05,975,955.25,961.53,971.4,3653000,971.4
2017-07-06,974.4,959.02,964.66,965.14,3259600,965.14
2017-07-07,980.11,969.14,969.55,978.76,2643400,978.76
2017-07-10,999.44,983.5,985,996.47,3546300,996.47
2017-07-11,995.99,983.72,993,994.13,2982700,994.13
2017-07-12,1008.55,998.1,1000.65,1006.51,3608600,1006.51
2017-07-13,1006.88,995.9,1004.62,1000.63,2880800,1000.63
2017-07-14,1004.45,996.89,1002.4,1001.81,2102500,1001.81
2017-07-17,1014.75,1003.81,1004.69,1010.04,3712600,1010.04
2017-07-18,1026.03,1004,1006,1024.45,4007600,1024.45
2017-07-19,1031.59,1022.5,1025,1026.87,2964000,1026.87
2017-07-20,1034.97,1022.52,1031.59,1028.7,3097500,1028.7
2017-07-21,1026.1,1011,1021.28,1025.67,2734600,1025.67
2017-07-24,1043.01,1027.43,1028.34,1038.95,3288000,1038.95
2017-07-25,1043.33,1032.48,1038.05,1039.87,2447600,1039.87
2017-07-26,1053.2,1043.2,1043.2,1052.8,2921300,1052.8
2017-07-27,1083.31,1040.18,1069.55,1046,10991700,1046
2017-07-28,1032.85,1001,1012.14,1020.04,7709400,1020.04
2017-07-31,1019.05,987.02,1019.05,987.78,7352100,987.78
2017-08-01,1006.4,991.58,996.11,996.19,4572600,996.19
2017-08-02,1003.21,981.73,1001.77,995.89,4070000,995.89
2017-08-03,999.5,984.59,999.47,986.92,3255800,986.92
2017-08-04,991.67,982,989.68,987.58,2730300,987.58
2017-08-07,995,987.14,990.65,992.27,2676600,992.27
2017-08-08,996.28,985.79,994.35,989.84,2902800,989.84
2017-08-09,988,975.27,982.6,982.01,3569700,982.01
2017-08-10,979.86,954.68,976.3,956.92,5684100,956.92
2017-08-11,970.39,951.38,960,967.99,3468000,967.99
2017-08-14,985.5,976.19,978.41,983.3,3042800,983.3
2017-08-15,991.74,982,988.9,982.74,2549300,982.74
2017-08-16,986.46,973.22,981.65,978.18,3132100,978.18
2017-08-17,977.84,960.32,977.84,960.57,3512400,960.57
2017-08-18,965.43,954.65,961.4,958.47,3284800,958.47
2017-08-21,961.2,945.46,957.57,953.29,3164500,953.29
2017-08-22,967.93,955.5,955.52,966.9,2750000,966.9
2017-08-23,962,954.2,959.38,958,2668300,958
2017-08-24,959,941.14,957.42,952.45,5195700,952.45
2017-08-25,957.62,944.1,956,945.26,3324800,945.26
2017-08-28,953,942.25,946.54,946.02,2596700,946.02
2017-08-29,956,936.33,940,954.06,2874300,954.06
2017-08-30,969.41,956.91,958.44,967.59,2904600,967.59
2017-08-31,981,972.76,974.7,980.6,3331500,980.6
2017-09-01,984.5,976.88,984.2,978.25,2535900,978.25
2017-09-05,976.77,960.37,975.4,965.27,2883200,965.27
2017-09-06,971.84,960.6,968.32,967.8,2129900,967.8
2017-09-07,980.59,972.55,974,979.47,2566800,979.47
2017-09-08,979.88,963.47,979.1,965.9,2605300,965.9
2017-09-11,981.94,974.22,974.46,977.96,2186700,977.96
2017-09-12,984.67,975.52,983.27,982.58,2481100,982.58
2017-09-13,1000,979.42,983.97,999.6,3374700,999.6
2017-09-14,998.56,987.74,996.8,992.21,3913300,992.21
2017-09-15,996.25,984.03,993.01,986.79,3760200,986.79
2017-09-18,992.79,968.17,990.4,974.19,3411300,974.19
2017-09-19,978.24,967.46,977.25,969.86,2671100,969.86
2017-09-20,974.81,962.16,971.79,973.21,2888800,973.21
2017-09-21,971.7,962.02,971.31,964.65,2337600,964.65
2017-09-22,965.61,954.42,961.01,955.1,2641800,955.1
2017-09-25,949.42,932.89,949.31,939.79,5124000,939.79
2017-09-26,948.63,931.75,945.49,938.6,3564800,938.6
2017-09-27,955.3,943.3,948,950.87,3148900,950.87
2017-09-28,959.7,950.1,951.86,956.4,2522600,956.4
2017-09-29,964.83,958.38,960.11,961.35,2543800,961.35
2017-10-02,967.31,952.12,964,959.19,2442900,959.19
2017-10-03,963.69,950.37,958,957.1,2666600,957.1
2017-10-04,967.79,954.05,954.21,965.45,2527400,965.45
2017-10-05,981.51,969.64,970,980.85,3229200,980.85
2017-10-06,995.75,975.64,975.64,989.58,3782100,989.58
2017-10-09,998.5,987.5,993.24,990.99,2938600,990.99
2017-10-10,997.95,980.1,996.67,987.2,3084900,987.2
2017-10-11,995.5,986.7,991.27,995,2337100,995
2017-10-12,1008.44,992.4,996.81,1000.93,4067300,1000.93
2017-10-13,1007.77,1001.03,1007,1002.94,2431500,1002.94
2017-10-16,1009.57,1001.04,1008.44,1006.34,2008900,1006.34
2017-10-17,1011.47,1004.38,1005.59,1009.13,2319700,1009.13
2017-10-18,1022.31,996.55,1009.27,997,2499700,997
2017-10-19,991.05,980.24,990,986.61,3108200,986.61
2017-10-20,994.62,982,993.53,982.91,2365100,982.91
2017-10-23,986.78,962.5,986.73,966.3,3494100,966.3
2017-10-24,979.85,965,969,975.9,2723900,975.9
2017-10-25,984.44,966.24,978,972.91,3033100,972.91
2017-10-26,982.9,968.55,980.33,972.43,5618700,972.43
2017-10-27,1105.58,1050.55,1058.14,1100.95,16565000,1100.95
2017-10-30,1122.79,1093.56,1095.01,1110.85,6613100,1110.85
2017-10-31,1110.54,1101.12,1109,1105.28,3477000,1105.28
2017-11-01,1108.97,1096.74,1105.4,1103.68,3755500,1103.68
2017-11-02,1101.94,1086.87,1097.81,1094.22,3684900,1094.22
2017-11-03,1112.68,1088.52,1091.15,1111.6,3751500,1111.6
2017-11-06,1125.41,1108.77,1109.15,1120.66,3327800,1120.66
2017-11-07,1130.6,1117.5,1124.74,1123.17,2689000,1123.17
2017-11-08,1135.54,1119.11,1122.82,1132.88,2581500,1132.88
2017-11-09,1129.62,1115.77,1125.96,1129.13,3732700,1129.13
2017-11-10,1131.75,1124.06,1126.1,1125.35,2179900,1125.35
2017-11-13,1139.9,1122.34,1123,1129.17,2918400,1129.17
2017-11-14,1138,1123.89,1130.11,1136.84,3138400,1136.84
2017-11-15,1131.75,1121.63,1127.01,1126.69,3928700,1126.69
2017-11-16,1138.16,1130.05,1130.16,1137.29,2213300,1137.29
2017-11-17,1138.8,1125.81,1138.28,1129.88,2413400,1129.88
2017-11-20,1133.42,1122.55,1129.77,1126.31,2163900,1126.31
2017-11-21,1140,1128.2,1132.86,1139.49,2479400,1139.49
2017-11-22,1160.27,1141,1141,1156.16,3555300,1156.16
2017-11-24,1186.84,1160.7,1160.7,1186,3528000,1186
2017-11-27,1213.41,1191.15,1202.66,1195.83,6744000,1195.83
2017-11-28,1205.34,1188.52,1204.88,1193.6,4559400,1193.6
2017-11-29,1194.8,1145.19,1194.8,1161.27,9257500,1161.27
2017-11-30,1178.57,1160,1167.1,1176.75,4509200,1176.75
2017-12-01,1179.65,1152,1172.05,1162.35,4107100,1162.35
2017-12-04,1175.2,1128,1173.85,1133.95,5931900,1133.95
2017-12-05,1159.27,1124.74,1128.26,1141.57,4079800,1141.57
2017-12-06,1155.89,1136.08,1137.99,1152.35,2853300,1152.35
2017-12-07,1163.19,1151,1156.59,1159.79,2511600,1159.79
2017-12-08,1172.79,1157.1,1170.4,1162,3050100,1162
2017-12-11,1169.9,1157,1164.6,1168.92,2363500,1168.92
2017-12-12,1173.6,1161.61,1166.51,1165.08,2235900,1165.08
2017-12-13,1170.87,1160.27,1170,1164.13,2616800,1164.13
2017-12-14,1177.93,1162.45,1163.71,1174.26,3214300,1174.26
2017-12-15,1182.75,1169.33,1179.03,1179.14,4778600,1179.14
2017-12-18,1194.78,1180.91,1187.37,1190.58,2947600,1190.58
2017-12-19,1192.97,1179.14,1189.15,1187.38,2587800,1187.38
2017-12-20,1191,1176,1190.5,1177.62,2371200,1177.62
2017-12-21,1179.17,1167.64,1175.9,1174.76,2123100,1174.76
2017-12-22,1174.62,1167.83,1172.08,1168.36,1585100,1168.36
2017-12-26,1178.32,1160.55,1168.36,1176.76,2005200,1176.76
2017-12-27,1187.29,1175.61,1179.91,1182.26,1867200,1182.26
2017-12-28,1190.1,1184.38,1189,1186.1,1841700,1186.1
2017-12-29,1184,1167.5,1182.35,1169.47,2688400,1169.47
2018-01-02,1190,1170.51,1172,1189.01,2694500,1189.01
2018-01-03,1205.49,1188.3,1188.3,1204.2,3108800,1204.2
2018-01-04,1215.87,1204.66,1205,1209.59,3022100,1209.59
2018-01-05,1229.14,1210,1217.51,1229.14,3544700,1229.14
2018-01-08,1253.08,1232.03,1236,1246.87,4279500,1246.87
2018-01-09,1259.33,1241.76,1256.9,1252.7,3661300,1252.7
2018-01-10,1254.33,1237.23,1245.15,1254.33,2686000,1254.33
2018-01-11,1276.77,1256.46,1259.74,1276.68,3125000,1276.68
2018-01-12,1305.76,1273.39,1273.39,1305.2,5443700,1305.2
2018-01-16,1339.94,1292.3,1323,1304.86,7220700,1304.86
2018-01-17,1314,1280.88,1312.24,1295,5221400,1295
2018-01-18,1304.6,1284.02,1293.95,1293.32,4026900,1293.32
2018-01-19,1313,1292.99,1312,1294.58,4578500,1294.58
2018-01-22,1327.45,1296.66,1297.17,1327.31,4140100,1327.31
2018-01-23,1364.9,1337.34,1338.09,1362.54,5169300,1362.54
2018-01-24,1388.16,1338,1374.82,1357.51,6807500,1357.51
2018-01-25,1378.34,1357.62,1368,1377.95,4753000,1377.95
2018-01-26,1402.53,1380.91,1392.01,1402.05,4857300,1402.05
2018-01-29,1431.39,1400.44,1409.18,1417.68,5701900,1417.68
2018-01-30,1439.25,1392,1403.17,1437.82,5871900,1437.82
2018-01-31,1472.58,1450.04,1451.3,1450.89,6424700,1450.89
2018-02-01,1459.88,1385.14,1445,1390,9113800,1390
2018-02-02,1498,1414,1477.39,1429.95,11125700,1429.95
2018-02-05,1458.98,1320.72,1402.62,1390,11495000,1390
2018-02-06,1443.99,1351.79,1361.46,1442.84,11066800,1442.84
2018-02-07,1460.99,1415.15,1449,1416.78,7162700,1416.78
2018-02-08,1433.75,1349.94,1429.68,1350.5,8578600,1350.5
2018-02-09,1383.5,1265.93,1373.49,1339.6,14141500,1339.6
2018-02-12,1393.81,1344.01,1364.67,1386.23,6738900,1386.23
2018-02-13,1419.72,1383.53,1385.93,1414.51,5917900,1414.51
2018-02-14,1452.06,1403.36,1406.25,1451.05,5959200,1451.05
2018-02-15,1468.94,1436.84,1466.89,1461.76,5652700,1461.76
2018-02-16,1465.8,1446.56,1457.37,1448.69,4472600,1448.69
2018-02-20,1488.77,1446.49,1446.49,1468.35,6499200,1468.35
2018-02-21,1503.49,1478.92,1485,1482.92,6304400,1482.92
2018-02-22,1502.54,1475.76,1495.36,1485.34,4858100,1485.34
2018-02-23,1500,1486.5,1495.34,1500,4418100,1500
2018-02-26,1522.84,1507,1509.2,1521.95,4955000,1521.95
2018-02-27,1526.78,1507.21,1524.5,1511.98,4808800,1511.98
2018-02-28,1528.7,1512,1519.51,1512.45,4515000,1512.45
2018-03-01,1518.49,1465,1513.6,1493.45,6835200,1493.45
2018-03-02,1501.05,1455.01,1469.1,1500.25,6587600,1500.25
2018-03-05,1525.38,1481,1494.24,1523.61,5233900,1523.61
2018-03-06,1542.13,1528,1533.2,1537.64,4561700,1537.64
2018-03-07,1545.9,1522.51,1526.52,1545,4174100,1545
2018-03-08,1554.88,1545.25,1550,1551.86,3862600,1551.86
2018-03-09,1578.94,1559.08,1563.5,1578.89,4534300,1578.89
2018-03-12,1605.33,1586.7,1592.6,1598.39,5174200,1598.39
2018-03-13,1617.54,1578.01,1615.96,1588.18,6531900,1588.18
2018-03-14,1606.44,1590.89,1597,1591,4259400,1591
2018-03-15,1596.91,1578.11,1595,1582.32,4069700,1582.32
2018-03-16,1589.44,1567.5,1583.45,1571.68,5425000,1571.68
2018-03-19,1561.66,1525.35,1554.53,1544.93,6580800,1544.93
2018-03-20,1587,1545.41,1550.34,1586.51,4581600,1586.51
2018-03-21,1590,1563.17,1586.45,1581.86,4750800,1581.86
2018-03-22,1573.85,1542.4,1565.47,1544.92,6320600,1544.92
2018-03-23,1549.02,1495.36,1539.01,1495.56,8006000,1495.56
2018-03-26,1556.99,1499.25,1530,1555.86,5624700,1555.86
2018-03-27,1575.97,1482.32,1572.4,1497.05,6999600,1497.05
2018-03-28,1455.9,1386.17,1447,1431.42,13705300,1431.42
2018-03-29,1455.47,1365.2,1406,1447.34,12581100,1447.34
2018-04-02,1421.36,1355,1417.62,1371.99,10463600,1371.99
2018-04-03,1414,1355.33,1391.38,1392.05,10231200,1392.05
2018-04-04,1415.39,1352.88,1358.24,1410.57,6982300,1410.57
2018-04-05,1459.56,1427.07,1441.99,1451.75,6413500,1451.75
2018-04-06,1452.5,1400.26,1429.97,1405.23,5882300,1405.23
2018-04-09,1438.48,1402.57,1425.03,1406.08,4208200,1406.08
2018-04-10,1438.38,1415.7,1431.99,1436.22,4254100,1436.22
2018-04-11,1448.78,1424.89,1439.44,1427.05,3582500,1427.05
2018-04-12,1452.12,1435.06,1439.5,1448.5,3135000,1448.5
2018-04-13,1459.78,1424.52,1449.14,1430.79,3685300,1430.79
2018-04-16,1447,1427.48,1445,1441.5,2808600,1441.5
2018-04-17,1507.19,1457.02,1462.3,1503.83,5114400,1503.83
2018-04-18,1533.8,1504.11,1514.65,1527.84,5227500,1527.84
2018-04-19,1568.52,1539.06,1543.22,1556.91,6523700,1556.91
2018-04-20,1561.2,1516.09,1561.2,1527.49,5541600,1527.49
2018-04-23,1548,1503.41,1546.69,1517.86,4465400,1517.86
2018-04-24,1539.5,1448.45,1535.8,1460.09,7494700,1460.09
2018-04-25,1469.99,1415.02,1458,1460.17,6587300,1460.17
2018-04-26,1529.42,1478.5,1485.01,1517.96,8801100,1517.96
2018-04-27,1638.1,1567.39,1634.01,1572.62,13053200,1572.62
2018-04-30,1596,1560.94,1582.5,1566.13,5464100,1566.13
2018-05-01,1585,1552.18,1563.22,1582.26,4572100,1582.26
2018-05-02,1588.5,1566.36,1580.98,1569.68,4360300,1569.68
2018-05-03,1574.8,1546.02,1560.01,1572.08,4251900,1572.08
2018-05-04,1584.9,1562.19,1562.45,1580.95,3443600,1580.95
2018-05-07,1606.95,1587.83,1589.34,1600.14,3801900,1600.14
2018-05-08,1596.88,1582.51,1595,1592.39,3067900,1592.39
2018-05-09,1608,1592,1600,1608,3637300,1608
2018-05-10,1615.6,1603.44,1608.48,1609.08,2817500,1609.08
2018-05-11,1611.1,1597.89,1610.99,1602.91,2263900,1602.91
2018-05-14,1611.18,1600.05,1604,1601.54,2509500,1601.54
2018-05-15,1587.8,1565.22,1587.8,1576.12,5077500,1576.12
2018-05-16,1594.43,1576.67,1577.5,1587.28,2570600,1587.28
2018-05-17,1594.04,1573,1580.56,1581.76,2147600,1581.76
2018-05-18,1583.59,1572.1,1581.33,1574.37,2642600,1574.37
2018-05-21,1592.05,1575,1585,1585.46,2925200,1585.46
2018-05-22,1589.89,1575.25,1589.89,1581.4,2115600,1581.4
2018-05-23,1601.86,1566.34,1571.05,1601.86,3299800,1601.86
2018-05-24,1608.24,1588.38,1598.03,1603.07,3430000,1603.07
2018-05-25,1614.12,1600.45,1603,1610.15,2698400,1610.15
2018-05-29,1621.79,1600.15,1600.71,1612.87,3846500,1612.87
2018-05-30,1626,1612.93,1618.1,1624.89,2907400,1624.89
2018-05-31,1635,1621.35,1623,1629.62,3166300,1629.62
2018-06-01,1646.73,1635.09,1637.03,1641.54,3313400,1641.54
2018-06-04,1665.68,1645.49,1648.9,1665.27,3187700,1665.27
2018-06-05,1699,1670.06,1672.99,1696.35,4782200,1696.35
2018-06-06,1714.5,1686.47,1704.51,1695.75,5473200,1695.75
2018-06-07,1699.9,1676.11,1698.56,1689.3,3765700,1689.3
2018-06-08,1689.44,1673.01,1681.12,1683.99,2955100,1683.99
2018-06-11,1694.24,1680.59,1681.51,1689.12,2335500,1689.12
2018-06-12,1699.51,1691.52,1693,1698.75,2259200,1698.75
2018-06-13,1713.75,1700.12,1702.81,1704.86,3327500,1704.86
2018-06-14,1724.8,1708.87,1713.48,1723.86,3174400,1723.86
2018-06-15,1720.87,1708.52,1714,1715.97,4777600,1715.97
2018-06-18,1726.74,1702.56,1706.26,1723.79,3107700,1723.79
2018-06-19,1736.11,1700.39,1709.04,1734.78,4290100,1734.78
2018-06-20,1762.93,1741.36,1742.5,1750.08,4332600,1750.08
2018-06-21,1763.1,1717.56,1760,1730.22,4941100,1730.22
2018-06-22,1743,1711.9,1742.62,1715.67,4075100,1715.67
2018-06-25,1705,1646.31,1702.51,1663.15,7511200,1663.15
2018-06-26,1701.57,1663.34,1672.37,1691.09,4386600,1691.09
2018-06-27,1711.95,1660,1708.11,1660.51,4872200,1660.51
2018-06-28,1705.5,1661.17,1672.54,1701.45,4529700,1701.45
2018-06-29,1723.41,1694.32,1717,1699.8,4543500,1699.8
2018-07-02,1713.89,1678.06,1682.7,1713.78,3185700,1713.78
2018-07-03,1725,1692.48,1723.96,1693.96,2177300,1693.96
2018-07-05,1710.69,1682.15,1705.38,1699.73,2983100,1699.73
2018-07-06,1715.27,1691.67,1696,1710.63,2650300,1710.63
2018-07-09,1739.56,1716.23,1724.05,1739.02,3012000,1739.02
2018-07-10,1750,1731,1738.53,1743.07,3002900,1743.07
2018-07-11,1756.96,1734,1737.99,1755,3209800,1755
2018-07-12,1798,1762.18,1764.51,1796.62,4532700,1796.62
2018-07-13,1815.3,1795.23,1803.93,1813.03,4383200,1813.03
2018-07-16,1841.95,1814.45,1821.95,1822.49,5466200,1822.49
2018-07-17,1851.69,1797.38,1811.56,1843.93,5682900,1843.93
2018-07-18,1858.88,1831.27,1848,1842.92,4861900,1842.92
2018-07-19,1841,1811.27,1829.46,1812.97,4676900,1812.97
2018-07-20,1834.84,1810.06,1825.01,1813.7,3884400,1813.7
2018-07-23,1819,1769.99,1812.21,1802,3888500,1802
2018-07-24,1840,1809.38,1829.01,1829.24,4278700,1829.24
2018-07-25,1863.84,1822.64,1829.3,1863.61,3738200,1863.61
2018-07-26,1844.68,1804.5,1839,1808,9924400,1808
2018-07-27,1880.05,1806.53,1876.05,1817.27,9681000,1817.27
2018-07-30,1829.5,1766.02,1827.33,1779.22,6562300,1779.22
2018-07-31,1801.83,1739.32,1786.49,1777.44,5738700,1777.44
2018-08-01,1798.44,1776.02,1784,1797.17,4153100,1797.17
2018-08-02,1836.56,1786,1788.77,1834.33,4354700,1834.33
2018-08-03,1841,1821.5,1837.74,1823.29,3460500,1823.29
2018-08-06,1847.77,1818.92,1825.81,1847.75,3391800,1847.75
2018-08-07,1869.72,1846.27,1854.53,1862.48,3377500,1862.48
2018-08-08,1891.51,1854.5,1861,1886.52,3963000,1886.52
2018-08-09,1914.57,1877.48,1882,1898.52,4849900,1898.52
2018-08-10,1899.5,1878.21,1888.51,1886.3,3639900,1886.3
2018-08-13,1925,1893.67,1898.5,1896.2,5512600,1896.2
2018-08-14,1921.01,1900,1919.39,1919.65,3986100,1919.65
2018-08-15,1916.21,1869.79,1909.55,1882.62,7700700,1882.62
2018-08-16,1905,1883.55,1903.94,1886.52,3957100,1886.52
2018-08-17,1888,1855.55,1885.8,1882.22,4104300,1882.22
2018-08-20,1891.75,1866.06,1890.57,1876.71,2862000,1876.71
2018-08-21,1897.75,1874.41,1880,1883.42,3105600,1883.42
2018-08-22,1905.8,1876.64,1876.64,1904.9,3080500,1904.9
2018-08-23,1919.5,1900.76,1907.17,1902.9,3563000,1902.9
2018-08-24,1916.01,1902.54,1910.51,1905.39,2800900,1905.39
2018-08-27,1927.7,1909.28,1915,1927.68,3569000,1927.68
2018-08-28,1941.78,1928.82,1937.73,1932.82,3100700,1932.82
2018-08-29,1998.69,1948.94,1953.45,1998.1,6531800,1998.1
2018-08-30,2025.57,1986.9,1997.42,2002.38,7277300,2002.38
2018-08-31,2022.38,2004.74,2007,2012.71,4204400,2012.71
2018-09-04,2050.5,2013,2026.5,2039.51,5721100,2039.51
2018-09-05,2040.38,1989.89,2038.11,1994.82,8220600,1994.82
2018-09-06,2007.5,1935.21,2006.51,1958.31,7488700,1958.31
2018-09-07,1975.2,1937.35,1938.71,1952.07,4892600,1952.07
2018-09-10,1973.04,1931.52,1971,1939.01,4544800,1939.01
2018-09-11,1988.88,1917,1928.27,1987.15,5033600,1987.15
2018-09-12,2000,1962.44,1994,1990,4414000,1990
2018-09-13,2008.76,1982.03,2000,1989.87,3621500,1989.87
2018-09-14,1993.65,1959.22,1992.93,1970.19,3642000,1970.19
2018-09-17,1956.82,1887.41,1954.73,1908.03,7050200,1908.03
2018-09-18,1958.2,1915.44,1918.65,1941.05,4268700,1941.05
2018-09-19,1940.83,1904.9,1940.5,1926.42,4056800,1926.42
2018-09-20,1955,1932.25,1938.58,1944.3,3154900,1944.3
2018-09-21,1957.31,1910.5,1954.22,1915.01,6855900,1915.01
2018-09-24,1936.88,1865,1903.79,1934.36,4213700,1934.36
2018-09-25,1975.91,1938.85,1942.9,1974.55,4538400,1974.55
2018-09-26,1995.25,1961.52,1968.5,1974.85,4313500,1974.85
2018-09-27,2016.16,1988.58,1993.24,2012.98,4329400,2012.98
2018-09-28,2026.52,1996.46,2004.41,2003,4085100,2003
2018-10-01,2033.19,2003.6,2021.99,2004.36,3460500,2004.36
2018-10-02,2013.39,1965.77,1999.99,1971.31,5400700,1971.31
2018-10-03,1989.7,1949.81,1981.7,1952.76,5253100,1952.76
2018-10-04,1956,1896.57,1949,1909.42,7257000,1909.42
2018-10-05,1929.08,1862.83,1917.99,1889.65,6822300,1889.65
2018-10-08,1902,1830.66,1874,1864.42,7393200,1864.42
2018-10-09,1896.68,1852.32,1859.99,1870.32,4772900,1870.32
2018-10-10,1858.56,1754.41,1857.89,1755.25,10988900,1755.25
2018-10-11,1755.4,1685.1,1724,1719.36,13935900,1719.36
2018-10-12,1808.95,1742.53,1808,1788.61,9444600,1788.61
2018-10-15,1795.05,1734.23,1795,1760.95,6437200,1760.95
2018-10-16,1823.88,1761.55,1783.5,1819.96,5859900,1819.96
2018-10-17,1845,1807,1842.79,1831.73,5295200,1831.73
2018-10-18,1830.15,1767.87,1821.49,1770.72,5874000,1770.72
2018-10-19,1809.1,1753,1785.16,1764.03,5907200,1764.03
2018-10-22,1809.5,1756,1784,1789.3,4500000,1789.3
2018-10-23,1776.34,1714,1742.24,1768.7,6723900,1768.7
2018-10-24,1777.71,1656.56,1773.7,1664.2,6928400,1664.2
2018-10-25,1794.81,1692.01,1703.34,1782.17,10285700,1782.17
2018-10-26,1698.46,1603,1649.59,1642.81,14963800,1642.81
2018-10-29,1665.74,1495,1660,1538.88,13866100,1538.88
2018-10-30,1540.99,1476.36,1486.16,1530.42,12460100,1530.42
2018-10-31,1623.91,1565.09,1569.99,1598.01,9390200,1598.01
2018-11-01,1670.45,1598.44,1623.53,1665.53,8135500,1665.53
2018-11-02,1697.44,1651.83,1678.59,1665.53,6955500,1665.53
2018-11-05,1658.09,1596.36,1657.57,1627.8,5624700,1627.8
2018-11-06,1665,1614.55,1618.35,1642.81,4257400,1642.81
2018-11-07,1759.23,1664.08,1673,1755.49,8192200,1755.49
2018-11-08,1784,1725.11,1755,1754.91,6534900,1754.91
2018-11-09,1743.92,1701.87,1732.5,1712.43,5902200,1712.43
2018-11-12,1708.55,1630.01,1698.24,1636.85,6806200,1636.85
2018-11-13,1677.06,1613.75,1649.29,1631.17,5933300,1631.17
2018-11-14,1673,1597.07,1656.32,1599.01,6486900,1599.01
2018-11-15,1624.82,1546.51,1581.01,1619.44,8427300,1619.44
2018-11-16,1614.48,1573.12,1587.5,1593.41,6066100,1593.41
2018-11-19,1581.19,1503.36,1577.01,1512.29,7790000,1512.29
2018-11-20,1534.75,1420,1437.5,1495.46,10878800,1495.46
2018-11-21,1550,1515,1542.99,1516.73,5716800,1516.73
2018-11-23,1536.2,1501.81,1517,1502.06,2707600,1502.06
2018-11-26,1584.81,1524.22,1539,1581.33,6257700,1581.33
2018-11-27,1597.65,1558.01,1575.99,1581.42,5783200,1581.42
2018-11-28,1681.45,1601.22,1613.92,1677.75,8458700,1677.75
2018-11-29,1689.99,1652.33,1674.99,1673.57,6613200,1673.57
2018-11-30,1696,1666.5,1679.5,1690.17,5761800,1690.17
2018-12-03,1778.34,1730,1769.46,1772.36,6862300,1772.36
2018-12-04,1770.34,1665,1756,1668.4,8694500,1668.4
2018-12-06,1701.05,1609.85,1614.87,1699.19,8789400,1699.19
2018-12-07,1718.93,1625.46,1705.07,1629.13,7576100,1629.13
2018-12-10,1657.99,1590.87,1623.84,1641.03,7494800,1641.03
2018-12-11,1679.47,1619.6,1678,1643.24,6244700,1643.24
2018-12-12,1704.99,1660.27,1669,1663.54,6598000,1663.54
2018-12-13,1692.12,1641.5,1680,1658.38,5271300,1658.38
2018-12-14,1642.57,1585,1638,1591.91,6367200,1591.91
2018-12-17,1576.13,1505.01,1566,1520.91,8829800,1520.91
2018-12-18,1567.55,1523.01,1540,1551.48,6523000,1551.48
2018-12-19,1584.53,1483.18,1543.05,1495.08,8792200,1495.08
2018-12-20,1509.5,1432.69,1484,1460.83,9991800,1460.83
2018-12-21,1480,1363.96,1464.99,1377.45,13640300,1377.45
2018-12-24,1396.03,1307,1346,1343.96,7220000,1343.96
2018-12-26,1473.16,1363.01,1368.89,1470.9,10411800,1470.9
2018-12-27,1469,1390.31,1454.2,1461.64,9722000,1461.64
2018-12-28,1513.47,1449,1473.35,1478.02,8829000,1478.02
2018-12-31,1520.76,1487,1510.8,1501.97,6954500,1501.97
2019-01-02,1553.36,1460.93,1465.2,1539.13,7983100,1539.13
2019-01-03,1538,1497.11,1520.01,1500.28,6953200,1500.28
2019-01-04,1594,1518.31,1530,1575.39,9182600,1575.39
2019-01-07,1634.56,1589.19,1602.31,1629.51,7993200,1629.51
2019-01-08,1676.61,1616.61,1664.69,1656.58,8881400,1656.58
2019-01-09,1667.8,1641.4,1652.98,1659.42,6348800,1659.42
2019-01-10,1663.25,1621.62,1641.01,1656.22,6507700,1656.22
2019-01-11,1660.29,1636.22,1640.55,1640.56,4686200,1640.56
2019-01-14,1648.2,1595.15,1615,1617.21,6005900,1617.21
2019-01-15,1675.16,1626.01,1632,1674.56,5998500,1674.56
2019-01-16,1705,1675.88,1684.22,1683.78,6366900,1683.78
2019-01-17,1700.17,1677.5,1680,1693.22,4208900,1693.22
2019-01-18,1716.2,1691.54,1712,1696.2,6020500,1696.2
2019-01-22,1681.87,1610.2,1681,1632.17,6416800,1632.17
2019-01-23,1657.43,1612,1656,1640.02,5225200,1640.02
2019-01-24,1657.26,1631.78,1641.07,1654.93,4089900,1654.93
2019-01-25,1683.48,1661.61,1670.5,1670.57,4945900,1670.57
2019-01-28,1645,1614.09,1643.59,1637.89,4837700,1637.89
2019-01-29,1632.38,1590.72,1631.27,1593.88,4632800,1593.88
2019-01-30,1676.95,1619.68,1623,1670.43,5783800,1670.43
2019-01-31,1736.41,1679.08,1692.85,1718.73,10910300,1718.73
2019-02-01,1673.06,1622.01,1638.88,1626.23,11506200,1626.23
2019-02-04,1649.63,1613.5,1623,1633.31,4929100,1633.31
2019-02-05,1665.26,1642.5,1643.34,1658.81,4453100,1658.81
2019-02-06,1672.26,1633.34,1670.75,1640.26,3939900,1640.26
2019-02-07,1625.54,1592.91,1625,1614.37,4626600,1614.37
2019-02-08,1588.59,1566.76,1586,1588.22,5657500,1588.22
2019-02-11,1609.29,1586,1600.98,1591,3317300,1591
2019-02-12,1639.4,1598.88,1604,1638.01,4858600,1638.01
2019-02-13,1656.38,1637.11,1647,1640,3560300,1640
2019-02-14,1637.9,1606.06,1624.5,1622.65,4120500,1622.65
2019-02-15,1628.91,1604.5,1627.86,1607.95,4343900,1607.95
2019-02-19,1634,1600.56,1601,1627.58,3681700,1627.58
2019-02-20,1634.93,1610.12,1630,1622.1,3337600,1622.1
2019-02-21,1623.56,1600.91,1619.85,1619.44,3483400,1619.44
2019-02-22,1634.94,1621.17,1623.5,1631.56,3096200,1631.56
2019-02-25,1654.6,1630.39,1641.45,1633,3184500,1633
2019-02-26,1639.99,1616.13,1625.98,1636.4,2665800,1636.4
2019-02-27,1641.81,1615.1,1628.18,1641.09,3148800,1641.09
2019-02-28,1651.77,1633.83,1635.25,1639.83,3025900,1639.83
2019-03-01,1674.26,1651,1655.13,1671.73,4974900,1671.73
2019-03-04,1709.43,1674.36,1685,1696.17,6167400,1696.17
2019-03-05,1707.8,1689.01,1702.95,1692.43,3681500,1692.43
2019-03-06,1697.75,1668.28,1695.97,1668.95,3996000,1668.95
2019-03-07,1669.75,1620.51,1667.37,1625.95,4948100,1625.95
2019-03-08,1622.72,1586.57,1604.01,1620.8,4667000,1620.8
2019-03-11,1672.29,1626.01,1626.12,1670.62,3876400,1670.62
2019-03-12,1684.27,1660.98,1669,1673.1,3614500,1673.1
2019-03-13,1700,1679.35,1683,1690.81,3552000,1690.81
2019-03-14,1702,1684.34,1691.2,1686.22,2946600,1686.22
2019-03-15,1718.8,1693.13,1703,1712.36,7550900,1712.36
2019-03-18,1750,1712.63,1712.7,1742.15,5429100,1742.15
2019-03-19,1784.16,1753.51,1753.51,1761.85,6364200,1761.85
2019-03-20,1799.5,1767.03,1769.94,1797.27,6265600,1797.27
2019-03-21,1823.75,1787.28,1796.26,1819.26,5767800,1819.26
2019-03-22,1818.98,1763.11,1810.17,1764.77,6363000,1764.77
2019-03-25,1782.68,1747.5,1757.79,1774.26,5103800,1774.26
2019-03-26,1805.77,1773.36,1793,1783.76,4865900,1783.76
2019-03-27,1787.5,1745.68,1784.13,1765.7,4324800,1765.7
2019-03-28,1777.93,1753.47,1770,1773.42,3043000,1773.42
2019-03-29,1792.86,1776.63,1786.58,1780.75,3320800,1780.75
2019-04-01,1815.67,1798.73,1800.11,1814.19,4238800,1814.19
2019-04-02,1820,1805.12,1811.02,1813.98,3448100,1813.98
2019-04-03,1830,1809.62,1826.72,1820.7,3980600,1820.7
2019-04-04,1828.75,1804.2,1820.65,1818.86,3623900,1818.86
2019-04-05,1838.58,1825.19,1829,1837.28,3640500,1837.28
2019-04-08,1850.2,1825.11,1833.23,1849.86,3752800,1849.86
2019-04-09,1853.09,1831.78,1845.49,1835.84,3714400,1835.84
2019-04-10,1848,1828.81,1841,1847.33,2964000,1847.33
2019-04-11,1849.95,1840.31,1848.7,1844.07,2654800,1844.07
2019-04-12,1851.5,1841.3,1848.4,1843.06,3114400,1843.06
2019-04-15,1846.85,1818.9,1842,1844.87,3724400,1844.87
2019-04-16,1869.77,1848,1851.35,1863.04,3044600,1863.04
2019-04-17,1876.47,1860.44,1872.99,1864.82,2893500,1864.82
2019-04-18,1870.82,1859.48,1868.79,1861.69,2749900,1861.69
