2015-01-02,37.16,36.11,36.67,36.36,23605600,32.211
2015-01-05,36.45,35.94,36.2,35.95,32785000,31.8478
2015-01-06,36.23,35.26,36.08,35.28,30847600,31.2543
2015-01-07,36.07,35.27,35.64,36.02,27725200,31.9098
2015-01-08,37,36.26,36.37,36.69,31765400,32.5034
2015-01-09,37.11,36.4,36.77,36.76,22846000,32.5654
2015-01-12,37,36.23,36.9,36.6,29400800,32.4236
2015-01-13,37.49,36.29,36.87,36.5,31478000,32.3351
2015-01-14,36.91,35.91,36.33,36.35,34250300,32.2022
2015-01-15,36.88,36.03,36.53,36.19,47181800,32.0604
2015-01-16,36.66,35.51,36.12,36.45,62812200,32.2908
2015-01-20,36.46,35.57,36.1,36.09,35111400,31.9718
2015-01-21,36.68,35.77,35.85,36.48,27442600,32.3173
2015-01-22,37,36.14,36.56,36.91,31809900,32.6983
2015-01-23,37.03,36.38,36.96,36.45,27368900,32.2908
2015-01-26,36.3,35.57,36.19,35.81,30906800,31.7238
2015-01-27,34.72,33.55,34.4,34.19,58456200,30.2887
2015-01-28,34.7,33.72,34.47,33.78,34929100,29.9254
2015-01-29,34.28,33.46,33.84,34.21,29569400,30.3064
2015-01-30,33.99,33,33.7,33.04,38719700,29.2699
2015-02-02,33.75,32.65,33.06,33.65,38733800,29.8103
2015-02-03,34.05,32.61,33.78,33.7,35981900,29.8546
2015-02-04,33.84,33.3,33.67,33.6,25052800,29.9795
2015-02-05,33.99,33.45,33.68,33.94,20491400,30.2828
2015-02-06,34,33.14,33.92,33.3,29124600,29.7118
2015-02-09,33.24,32.67,33,32.93,28705500,29.3817
2015-02-10,33.73,33.05,33.2,33.7,20200000,30.0687
2015-02-11,33.76,33.32,33.67,33.55,18364200,29.9349
2015-02-12,34.13,33.76,33.98,34.13,20056700,30.4524
2015-02-13,34.37,33.95,34.25,34.36,18037900,30.6576
2015-02-17,34.75,34.26,34.4,34.74,19374100,30.9966
2015-02-18,34.71,34.19,34.65,34.27,19963000,30.5773
2015-02-19,34.42,34.05,34.25,34.21,11017500,30.5238
2015-02-20,34.57,33.91,34.15,34.41,20955600,30.7022
2015-02-23,34.5,33.58,34.4,33.76,25565500,30.1222
2015-02-24,34.49,33.51,33.61,34.41,29417500,30.7022
2015-02-25,34.15,33.73,34.03,33.95,24686300,30.2918
2015-02-26,33.88,33.43,33.62,33.65,25928400,30.0241
2015-02-27,33.64,33.21,33.63,33.25,24427300,29.6672
2015-03-02,34.13,33.12,33.29,34.06,25406400,30.3899
2015-03-03,34.38,33.91,33.95,34.1,27332000,30.4256
2015-03-04,34.41,33.72,33.86,34.12,22765600,30.4434
2015-03-05,34.5,33.59,34.26,33.73,21225800,30.0955
2015-03-06,33.68,33.08,33.54,33.19,32373100,29.6137
2015-03-09,33.27,32.48,33.2,32.72,33058800,29.1943
2015-03-10,32.41,31.5,32.24,31.7,49854600,28.2842
2015-03-11,32.96,31.95,31.97,32.33,49683600,28.8463
2015-03-12,31.6,30.58,31.01,30.8,107402400,27.4812
2015-03-13,30.98,30.36,30.63,30.93,47954700,27.5972
2015-03-16,31.11,30.65,30.93,30.83,33074600,27.508
2015-03-17,30.73,30.41,30.58,30.59,29196300,27.2938
2015-03-18,31.2,30.3,30.41,30.89,39792500,27.5615
2015-03-19,31.1,30.69,30.78,30.74,27414200,27.4277
2015-03-20,31.62,30.93,30.99,31.31,64777100,27.9362
2015-03-23,31.79,31.2,31.29,31.2,29532600,27.8381
2015-03-24,31.32,30.74,31.16,30.79,28471400,27.4723
2015-03-25,30.89,29.86,30.81,29.89,37691000,26.6692
2015-03-26,30.4,29.31,29.5,30.08,45450100,26.8388
2015-03-27,33,29.85,30.01,32,72885700,28.5519
2015-03-30,32.1,31.3,31.66,31.46,51391500,28.0701
2015-03-31,31.93,31.2,31.43,31.27,32098500,27.9005
2015-04-01,31.32,30.65,31.13,30.81,31267000,27.4901
2015-04-02,31.23,30.67,30.8,30.81,20909600,27.4901
2015-04-06,31.25,30.45,30.81,31.04,21490900,27.6953
2015-04-07,31.59,31,31.07,31.26,23258300,27.8916
2015-04-08,31.56,31.06,31.23,31.31,18250300,27.9362
2015-04-09,31.62,30.57,30.68,31.24,34167600,27.8738
2015-04-10,31.94,31.33,31.33,31.93,28084900,28.4894
2015-04-13,32.05,31.71,31.81,31.73,23489000,28.311
2015-04-14,31.94,31.27,31.68,31.49,37497500,28.0968
2015-04-15,32.99,32.07,32.26,32.83,61083500,29.2925
2015-04-16,32.99,32.7,32.85,32.87,28903200,29.3281
2015-04-17,32.7,32.22,32.51,32.47,30593600,28.9712
2015-04-20,32.79,32.53,32.61,32.73,20568700,29.2032
2015-04-21,32.97,32.28,32.93,32.43,19023800,28.9356
2015-04-22,32.72,32.03,32.41,32.7,21144200,29.1765
2015-04-23,32.41,32.01,32.04,32.35,23775300,28.8642
2015-04-24,32.48,32.02,32.41,32.08,22759900,28.6233
2015-04-27,32.69,32.08,32.08,32.5,25869600,28.998
2015-04-28,33.04,32.23,32.3,33.02,29572800,29.462
2015-04-29,33,32.55,32.56,32.89,21819000,29.346
2015-04-30,32.85,32.3,32.71,32.55,22013300,29.0426
2015-05-01,33.49,32.62,32.63,33.42,27091200,29.8189
2015-05-04,33.5,33.22,33.27,33.43,21397300,29.8278
2015-05-05,33.1,32.57,33,32.64,29779200,29.3335
2015-05-06,32.79,31.93,32.5,32.22,31985400,28.9561
2015-05-07,32.63,32.18,32.27,32.24,21475300,28.974
2015-05-08,32.88,32.34,32.51,32.8,26926500,29.4773
2015-05-11,32.71,32.43,32.68,32.69,18358600,29.3784
2015-05-12,32.5,32,32.44,32.25,24530200,28.983
2015-05-13,32.9,32.27,32.27,32.64,20470800,29.3335
2015-05-14,33.13,32.77,32.86,32.97,21098900,29.6301
2015-05-15,33.12,32.75,33.09,32.99,17149700,29.6481
2015-05-18,33.41,32.85,32.98,33.41,23571300,30.0255
2015-05-19,33.38,32.99,33.36,33.15,21867100,29.7919
2015-05-20,33.5,33.01,33.06,33.37,21359800,29.9896
2015-05-21,33.56,33.07,33.21,33.55,21269800,30.1513
2015-05-22,33.51,33.32,33.47,33.45,20845000,30.0615
2015-05-26,33.29,32.84,33.27,33.1,28594500,29.7469
2015-05-27,33.85,33.13,33.2,33.71,30172700,30.2951
2015-05-28,34.15,33.68,33.74,34.01,27065700,30.5647
2015-05-29,34.75,34.21,34.24,34.46,43231700,30.9691
2015-06-01,34.59,33.68,34.37,33.91,46734500,30.4749
2015-06-02,33.75,33.14,33.64,33.27,36211700,29.8997
2015-06-03,33.24,32.59,33.17,32.73,38138700,29.4144
2015-06-04,32.72,32.2,32.51,32.31,33761800,29.0369
2015-06-05,32.3,31.83,32.28,31.84,27778500,28.6146
2015-06-08,31.95,31.21,31.81,31.3,38032000,28.1293
2015-06-09,31.66,31.15,31.33,31.25,33976700,28.0843
2015-06-10,32.16,31.37,31.46,31.82,33336800,28.5966
2015-06-11,32.1,31.84,31.95,31.85,24293600,28.6235
2015-06-12,32.1,31.2,31.72,31.32,31629800,28.1472
2015-06-15,31.51,30.94,31.12,31.39,23175000,28.2101
2015-06-16,31.76,31.13,31.26,31.64,20254500,28.4348
2015-06-17,32.09,31.69,31.75,31.95,28194200,28.7134
2015-06-18,32.5,32,32.08,32.38,27722400,29.0999
2015-06-19,32.57,31.96,32.4,32.07,39008400,28.8213
2015-06-22,32.39,32.08,32.26,32.26,23608400,28.992
2015-06-23,32.34,31.93,32.31,32.09,17995900,28.8392
2015-06-24,32.15,31.88,32.15,31.91,23313900,28.6775
2015-06-25,32.32,31.99,32.02,31.99,22743300,28.7494
2015-06-26,31.53,30.76,31.51,31.02,62157200,27.8776
2015-06-29,30.98,30.31,30.7,30.39,35194500,27.3114
2015-06-30,30.69,30.15,30.63,30.42,34412200,27.3384
2015-07-01,30.55,30.01,30.49,30.18,27178900,27.1227
2015-07-02,30.92,30.1,30.18,30.56,27105200,27.4642
2015-07-06,30.45,29.84,30.24,30.04,32468100,26.9969
2015-07-07,29.93,29.09,29.87,29.9,43833700,26.8711
2015-07-08,29.67,29.15,29.4,29.5,45223800,26.5116
2015-07-09,29.89,28.82,29.72,28.93,47167800,25.9993
2015-07-10,29.35,28.94,29.2,29.17,31423800,26.215
2015-07-13,29.82,29.19,29.27,29.73,26452400,26.7183
2015-07-14,30.11,29.44,29.66,29.65,39778300,26.6464
2015-07-15,29.99,29.47,29.65,29.69,47852500,26.6824
2015-07-16,30.48,29.1,30.47,29.9,81166700,26.8711
2015-07-17,29.8,29.1,29.66,29.47,43697600,26.4846
2015-07-20,29.62,29.07,29.62,29.1,33812900,26.1521
2015-07-21,29.26,28.67,28.96,28.72,45191000,25.8106
2015-07-22,28.85,28.43,28.57,28.61,36387200,25.7118
2015-07-23,28.97,28.43,28.66,28.6,33775200,25.7028
2015-07-24,28.64,28.06,28.53,28.06,31621000,25.2175
2015-07-27,28.42,27.62,28.07,28.35,42161100,25.4781
2015-07-28,29.18,28.44,28.51,28.96,33182400,26.0263
2015-07-29,29.13,28.79,28.95,29.01,26470200,26.0712
2015-07-30,29.45,28.85,29.1,28.91,26582400,25.9814
2015-07-31,29.12,28.77,29.12,28.95,27158800,26.0173
2015-08-03,29.35,28.9,29,29.05,26213600,26.1072
2015-08-04,29.15,28.86,28.98,29.13,25741700,26.1791
2015-08-05,29.39,29.02,29.19,29.12,23622700,26.3875
2015-08-06,29.23,28.85,29.16,29.01,27958200,26.2878
2015-08-07,28.96,28.69,28.8,28.88,25606100,26.17
2015-08-10,29.68,29.06,29.07,29.64,22807400,26.8587
2015-08-11,29.48,28.96,29.47,28.97,23434700,26.2516
2015-08-12,29.57,28.66,28.66,29.46,33589100,26.6956
2015-08-13,29.45,28.87,29.4,28.87,18821900,26.161
2015-08-14,29.04,28.82,28.92,29.02,14279000,26.2969
2015-08-17,29.2,28.71,28.83,29.08,15548300,26.3513
2015-08-18,29.05,28.8,28.95,28.91,19182600,26.1972
2015-08-19,28.8,28.28,28.65,28.36,30530100,25.6988
2015-08-20,28.24,27.53,28.03,27.53,31936600,24.9467
2015-08-21,27.63,26.56,27.33,26.56,52288400,24.0677
2015-08-24,27.63,24.87,25.2,26.25,83234200,23.7868
2015-08-25,27.15,25.87,27.04,25.87,59371900,23.4425
2015-08-26,27.34,26.08,26.51,27.3,47386700,24.7383
2015-08-27,27.91,27.01,27.72,27.72,38649400,25.1189
2015-08-28,28.61,27.45,27.67,28.42,43452400,25.7532
2015-08-31,29.13,28.16,28.33,28.54,42197500,25.8619
2015-09-01,28.17,27.66,27.91,27.82,44144000,25.2095
2015-09-02,28.6,28.14,28.35,28.6,34618800,25.9163
2015-09-03,29.42,28.69,28.8,29.08,38665900,26.3513
2015-09-04,28.9,28.41,28.57,28.52,29116500,25.8438
2015-09-08,29.5,28.95,28.98,29.5,27805000,26.7318
2015-09-09,30.12,29.17,29.72,29.24,30669900,26.4962
2015-09-10,29.66,28.9,29.18,29.27,25195800,26.5234
2015-09-11,29.52,29.04,29.08,29.47,21786900,26.7047
2015-09-14,29.53,29.09,29.47,29.39,24065100,26.6322
2015-09-15,29.94,29.48,29.56,29.73,29399900,26.9403
2015-09-16,29.79,29.4,29.62,29.77,25957800,26.9765
2015-09-17,30.2,29.55,29.62,29.71,29805200,26.9221
2015-09-18,29.42,28.81,29.22,29.02,60138700,26.2969
2015-09-21,29.34,28.94,29.09,29.16,24417100,26.4237
2015-09-22,28.9,28.48,28.67,28.67,28576200,25.9797
2015-09-23,29.09,28.59,29.02,28.74,25984000,26.0432
2015-09-24,28.67,27.87,28.38,28.48,32754700,25.8076
2015-09-25,29.12,28.63,28.94,28.81,29192300,26.1066
2015-09-28,29.36,28.64,28.68,28.76,42291000,26.0613
2015-09-29,29.35,28.76,28.83,29.24,34169600,26.4962
2015-09-30,30.32,29.54,29.56,30.14,40840800,27.3118
2015-10-01,30.28,29.46,30.21,30,29832800,27.1849
2015-10-02,30.53,29.53,29.67,30.51,27901500,27.6471
2015-10-05,31.38,30.56,30.73,31.21,34842500,28.2814
2015-10-06,31.85,31.11,31.16,31.74,34899800,28.7617
2015-10-07,32.42,31.72,32,32.32,36930100,29.2872
2015-10-08,32.6,31.98,32.23,32.52,27794600,29.4685
2015-10-09,32.55,31.94,32.37,32.14,24209900,29.1241
2015-10-12,32.32,32,32.16,32.21,18795000,29.1876
2015-10-13,32.48,31.98,32.03,32.04,35588600,29.0335
2015-10-14,32.93,30.85,31.39,32.8,75954800,29.7222
2015-10-15,33.06,32.46,32.84,32.75,37634800,29.6769
2015-10-16,33.2,32.48,32.75,33.04,29371300,29.9397
2015-10-19,33.62,32.87,32.88,33.59,37624000,30.4381
2015-10-20,33.7,33.31,33.4,33.44,24301000,30.3021
2015-10-21,34.05,33.32,33.67,33.37,31928800,30.2387
2015-10-22,34.5,33.59,33.7,34.4,39572600,31.1721
2015-10-23,35.03,34.4,34.54,34.9,42796600,31.6251
2015-10-26,34.96,34.55,34.77,34.59,22646900,31.3442
2015-10-27,34.55,34.31,34.41,34.47,22630100,31.2355
2015-10-28,34.71,34.12,34.47,34.71,21908400,31.453
2015-10-29,34.29,33.77,34.2,34.03,21224200,30.8368
2015-10-30,34.29,33.86,34.1,33.86,24693900,30.6827
2015-11-02,34.28,33.64,33.73,34.11,21743100,30.9093
2015-11-03,34.41,33.98,34,34.31,18167000,31.0905
2015-11-04,34.27,33.9,34.27,34.15,20734800,31.1635
2015-11-05,34.2,33.73,34.1,34,16486100,31.0266
2015-11-06,33.97,33.41,33.93,33.84,23701700,30.8806
2015-11-09,33.83,33.08,33.6,33.35,24168700,30.4335
2015-11-10,33.27,32.81,33.17,33.21,22451700,30.3057
2015-11-11,33.38,32.8,33.16,32.86,19864700,29.9863
2015-11-12,32.92,32.39,32.71,32.4,23265400,29.5665
2015-11-13,32.38,31.96,32.27,32.11,23673200,29.3019
2015-11-16,32.26,31.93,32.09,32.1,29899700,29.2928
2015-11-17,32.88,32.01,32.15,32.64,22636400,29.7855
2015-11-18,33.24,32.62,32.73,33.16,18619800,30.2601
2015-11-19,34.73,33.13,33.22,34.3,45381600,31.3004
2015-11-20,35.29,34.48,34.48,34.66,41137700,31.6289
2015-11-23,34.85,34.41,34.66,34.48,20152900,31.4646
2015-11-24,34.44,33.9,34.33,34.36,21413500,31.3551
2015-11-25,34.74,34.14,34.26,34.45,17939400,31.4373
2015-11-27,34.68,34.4,34.54,34.46,6620900,31.4464
2015-11-30,34.9,34.43,34.55,34.77,21785800,31.7293
2015-12-01,35.2,34.71,35,35.09,23560200,32.0213
2015-12-02,35.41,34.81,35.09,34.83,18688200,31.784
2015-12-03,34.99,34,34.97,34.04,30131100,31.0631
2015-12-04,35.03,34,34.11,34.94,24901000,31.8844
2015-12-07,35.17,34.75,34.79,34.99,17731900,31.93
2015-12-08,34.95,34.42,34.67,34.75,13380200,31.711
2015-12-09,35.22,34.51,34.88,34.81,22548300,31.7658
2015-12-10,35.07,34.66,34.85,34.77,17350500,31.7293
2015-12-11,34.65,34.2,34.31,34.27,21251400,31.273
2015-12-14,34.48,33.88,34.38,34.47,19357100,31.4555
2015-12-15,35.35,34.64,34.65,35.18,24365900,32.1034
2015-12-16,35.47,34.77,35.36,35.3,23257900,32.2129
2015-12-17,35.37,34.76,35.32,34.91,24963600,31.857
2015-12-18,34.75,33.86,34.73,33.87,41336600,30.908
2015-12-21,34.3,33.82,34.11,34.24,18006800,31.2456
2015-12-22,34.78,34.27,34.36,34.73,17915600,31.6928
2015-12-23,35.05,34.78,34.95,35,12526500,31.9392
2015-12-24,35.26,34.96,35.07,34.98,5893800,31.9209
2015-12-28,35,34.57,34.95,34.93,9442300,31.8753
2015-12-29,35.59,35.01,35.01,35.44,14188600,32.3407
2015-12-30,35.45,34.95,35.38,34.99,11566800,31.93
2015-12-31,34.96,34.44,34.82,34.45,14736700,31.4373
2016-01-04,34.01,33.46,33.88,33.99,27882200,31.0175
2016-01-05,34,33.53,33.96,33.83,16709500,30.8715
2016-01-06,33.52,32.8,33.25,33.08,25491300,30.1871
2016-01-07,33.01,31.84,32.28,31.84,37680500,29.0555
2016-01-08,32.22,31.43,32.09,31.51,29953800,28.7544
2016-01-11,32.22,31.68,31.81,32.06,27594200,29.2563
2016-01-12,32.89,32.27,32.76,32.68,28587700,29.8221
2016-01-13,32.93,31.83,32.76,31.91,34445700,29.1194
2016-01-14,32.87,31.8,31.97,32.74,48728200,29.8768
2016-01-15,30.5,29.45,29.73,29.76,76373900,27.1574
2016-01-19,30.06,29.48,29.98,29.8,28878100,27.1939
2016-01-20,29.87,29.21,29.35,29.59,39598200,27.0023
2016-01-21,30.03,29.24,29.65,29.66,30157400,27.0662
2016-01-22,30.24,29.51,30.12,29.93,25326500,27.3125
2016-01-25,30.22,29.57,29.99,29.6,26441000,27.0114
2016-01-26,30.05,29.61,29.61,29.94,24689800,27.3217
2016-01-27,30.22,29.64,29.88,29.81,26384100,27.203
2016-01-28,30.18,29.75,30.02,29.97,22028100,27.3491
2016-01-29,31.03,30.1,30.21,31.02,38311400,28.3072
2016-02-01,31.12,30.64,30.72,30.82,19015100,28.1247
2016-02-02,30.49,29.63,30.45,29.8,24994300,27.1939
2016-02-03,29.72,28.52,29.72,29.34,44660100,27.0098
2016-02-04,29.88,29.11,29.14,29.77,29109700,27.4056
2016-02-05,29.76,28.91,29.58,29.04,27957500,26.7336
2016-02-08,28.98,28.3,28.74,28.82,28725900,26.5311
2016-02-09,29.15,28.41,28.49,28.81,22710600,26.5219
2016-02-10,29,28.19,28.88,28.23,27267800,25.988
2016-02-11,28.41,27.68,27.83,28.22,28450200,25.9788
2016-02-12,28.7,28.14,28.57,28.64,19699000,26.3654
2016-02-16,28.95,28.36,28.75,28.78,30705200,26.4943
2016-02-17,29.62,28.73,28.86,29.47,27691700,27.1295
2016-02-18,29.76,29.38,29.53,29.42,20623300,27.0834
2016-02-19,29.33,28.71,29.2,28.71,42056700,26.4298
2016-02-22,29.54,29,29.11,29.35,23893100,27.019
2016-02-23,29.35,28.6,29.3,28.8,26638200,26.5127
2016-02-24,29.3,28.38,28.52,29.19,21593600,26.8717
2016-02-25,29.62,28.95,29.32,29.62,17311000,27.2676
2016-02-26,30.08,29.7,29.88,29.8,19902200,27.4333
2016-02-29,30.14,29.58,29.72,29.59,22903100,27.2399
2016-03-01,30.53,29.75,29.93,30.37,25502600,27.958
2016-03-02,30.87,30.12,30.3,30.54,23779800,28.1145
2016-03-03,31.35,30.54,31.13,30.58,25608800,28.1513
2016-03-04,30.86,30.05,30.5,30.63,20356800,28.1973
2016-03-07,31.12,30.5,30.59,30.94,18858200,28.4827
2016-03-08,30.88,30.38,30.83,30.56,19104900,28.1329
2016-03-09,31.04,30.67,30.83,30.87,14707800,28.4183
2016-03-10,31.4,30.38,31.14,31.25,29434600,28.7681
2016-03-11,31.79,31.53,31.67,31.76,22811200,29.2376
2016-03-14,31.69,31.3,31.66,31.43,17438600,28.9338
2016-03-15,31.65,31.06,31.34,31.65,16927700,29.1363
2016-03-16,31.8,31.17,31.49,31.69,26298400,29.1732
2016-03-17,32.17,31.7,31.76,31.98,22865300,29.4401
2016-03-18,32.69,32.06,32.16,32.68,49934200,30.0845
2016-03-21,32.42,31.95,32.23,32.34,21760900,29.7715
2016-03-22,32.46,31.95,32.16,32.32,22200400,29.7531
2016-03-23,32.47,31.98,32.47,32,18765300,29.4585
2016-03-24,31.95,31.7,31.87,31.88,14211900,29.3481
2016-03-28,32,31.62,31.87,31.9,11433000,29.3665
2016-03-29,32.44,31.73,31.93,32.38,15178600,29.8084
2016-03-30,32.75,32.29,32.45,32.71,16598000,30.1121
2016-03-31,32.66,32.32,32.53,32.35,17880000,29.7807
2016-04-01,32.47,32.1,32.27,32.45,18049700,29.8728
2016-04-04,32.38,31.74,32.2,32,21581600,29.4585
2016-04-05,32.12,31.72,31.89,31.9,20080000,29.3665
2016-04-06,32.23,31.77,31.97,32.08,15501100,29.5322
2016-04-07,31.9,31.35,31.89,31.55,23738200,29.0443
2016-04-08,32.02,31.48,31.76,31.63,17031900,29.1179
2016-04-11,32.34,31.66,31.9,31.67,19707700,29.1547
2016-04-12,31.94,31.38,31.88,31.86,16647800,29.3297
2016-04-13,32.18,31.95,31.97,32.13,19968100,29.5782
2016-04-14,31.89,31.55,31.78,31.8,21541600,29.2744
2016-04-15,31.89,31.38,31.79,31.46,28782800,28.9614
2016-04-18,31.72,31.38,31.43,31.65,21516600,29.1363
2016-04-19,31.81,31.4,31.7,31.6,33619300,29.0903
2016-04-20,32.26,31.25,31.32,32,57629800,29.4585
2016-04-21,32.06,31.81,31.94,31.97,28431400,29.4309
2016-04-22,31.86,31.22,31.74,31.64,29625600,29.1271
2016-04-25,31.5,31.2,31.36,31.39,19315700,28.897
2016-04-26,31.7,31.17,31.39,31.4,20976400,28.9062
2016-04-27,31.8,31.19,31.25,31.75,20006200,29.2284
2016-04-28,31.71,31.03,31.45,31.11,25146400,28.6392
2016-04-29,30.87,30.1,30.86,30.28,36443700,27.8751
2016-05-02,30.69,30.36,30.45,30.61,21086600,28.1789
2016-05-03,30.56,30.09,30.41,30.36,27111100,27.9488
2016-05-04,30.21,29.7,30.17,29.85,23278800,27.7167
2016-05-05,30.02,29.75,29.87,29.9,23393300,27.7631
2016-05-06,30.11,29.52,29.61,30.04,19632200,27.8931
2016-05-09,30.17,29.76,30.08,29.8,16888300,27.6702
2016-05-10,30.18,29.82,30,30.14,16963100,27.9859
2016-05-11,30.25,29.97,30.16,30.06,15754200,27.9116
2016-05-12,30.24,29.57,30.11,29.76,20826700,27.6331
2016-05-13,30.2,29.84,29.86,29.91,19999600,27.7724
2016-05-16,30.56,29.88,29.9,30.39,21826100,28.2181
2016-05-17,30.57,29.86,30.57,29.98,25709900,27.8374
2016-05-18,30.25,29.78,30.03,29.99,22469900,27.8467
2016-05-19,29.93,29.5,29.77,29.63,21740900,27.5124
2016-05-20,30.38,29.7,29.73,30.15,22777300,27.9952
2016-05-23,30.48,30.13,30.23,30.23,20809300,28.0695
2016-05-24,31.12,30.45,30.5,31.06,23699200,28.8402
2016-05-25,31.57,31.15,31.2,31.39,18359600,29.1466
2016-05-26,31.63,31.4,31.49,31.49,12658000,29.2394
2016-05-27,31.65,31.45,31.6,31.57,13341300,29.3137
2016-05-31,31.65,31.31,31.51,31.59,23040200,29.3323
2016-06-01,31.72,31.47,31.62,31.66,17753500,29.3973
2016-06-02,31.76,31.45,31.56,31.76,13915400,29.4902
2016-06-03,31.74,31.4,31.74,31.62,15777500,29.3602
2016-06-06,31.82,31.58,31.64,31.68,15139600,29.4159
2016-06-07,32.02,31.7,31.75,31.88,19339100,29.6016
2016-06-08,32,31.79,31.8,31.89,12732100,29.6109
2016-06-09,32,31.68,31.68,31.94,11276800,29.6573
2016-06-10,32.24,31.65,31.7,32.04,35749100,29.7501
2016-06-13,32.5,32.04,32.05,32.17,23004800,29.8708
2016-06-14,32.24,31.79,32.01,32.14,18754300,29.843
2016-06-15,32.26,31.59,32.25,31.61,23783300,29.3509
2016-06-16,31.77,31.22,31.44,31.69,18547900,29.4252
2016-06-17,31.81,31.47,31.73,31.76,27047900,29.4902
2016-06-20,32.44,32.01,32.07,32.17,21961600,29.8708
2016-06-21,32.38,32.09,32.26,32.32,15476500,30.0101
2016-06-22,32.63,32.25,32.3,32.29,18304800,29.9823
2016-06-23,33,32.5,32.58,32.99,22048800,30.6322
2016-06-24,32.32,31.4,31.8,31.55,38094300,29.2952
2016-06-27,31.41,30.44,31.41,30.72,34965100,28.5245
2016-06-28,31.2,30.81,30.97,31.19,23693900,28.9609
2016-06-29,31.98,31.31,31.35,31.93,22771100,29.648
2016-06-30,32.88,31.97,32,32.8,34528900,30.4558
2016-07-01,32.89,32.47,32.64,32.75,17084600,30.4094
2016-07-05,32.73,32.46,32.5,32.68,20107200,30.3444
2016-07-06,33,32.38,32.8,32.97,21070200,30.6137
2016-07-07,33.55,32.96,32.96,33.2,26027100,30.8272
2016-07-08,34,33.5,33.65,34,23341900,31.5701
2016-07-11,34.5,34.04,34.04,34.38,23820700,31.9229
2016-07-12,34.97,34.48,34.51,34.94,28064100,32.4429
2016-07-13,35.25,34.88,35.04,35.01,29120900,32.5079
2016-07-14,35.3,34.96,35.13,35.2,25296400,32.6843
2016-07-15,35.29,34.9,35.26,35.07,23661900,32.5636
2016-07-18,35.2,34.95,35.18,35.05,19347200,32.545
2016-07-19,35.16,34.85,34.89,35.15,20395400,32.6379
2016-07-20,35.93,35.06,35.3,35.69,42994200,33.1393
2016-07-21,34.49,33.86,34.33,34.27,63708600,31.8208
2016-07-22,34.7,34.26,34.38,34.66,33033700,32.1829
2016-07-25,34.76,34.57,34.62,34.69,20277700,32.2108
2016-07-26,35.23,34.7,34.75,35.09,29644400,32.5822
2016-07-27,35.28,34.63,35,34.83,22742200,32.3407
2016-07-28,34.83,34.52,34.83,34.77,21667400,32.285
2016-07-29,34.92,34.6,34.77,34.86,18171200,32.3686
2016-08-01,34.91,34.56,34.82,34.85,18824400,32.3593
2016-08-02,34.87,34.33,34.81,34.56,20057300,32.09
2016-08-03,34.28,33.99,34.1,34.25,18388800,32.0433
2016-08-04,34.62,34.22,34.29,34.58,15131200,32.352
2016-08-05,35.13,34.7,34.8,34.98,20046200,32.7262
2016-08-08,35.17,34.86,34.9,35.04,19497300,32.7824
2016-08-09,35.16,34.84,35.04,34.92,12578900,32.6701
2016-08-10,35,34.5,35,34.53,19579000,32.3052
2016-08-11,34.74,34.49,34.66,34.68,16329500,32.4456
2016-08-12,34.76,34.44,34.52,34.57,15708300,32.3426
2016-08-15,35.16,34.63,34.7,34.91,18931100,32.6607
2016-08-16,35.21,34.77,34.77,35.21,16320900,32.9414
2016-08-17,35.21,34.77,35.17,35.02,18221600,32.7637
2016-08-18,35.09,34.75,34.96,34.97,16085200,32.7169
2016-08-19,35.27,34.74,34.84,35.24,16417600,32.9695
2016-08-22,35.45,35.12,35.2,35.36,14941400,33.0817
2016-08-23,35.69,35.3,35.5,35.4,18316000,33.1192
2016-08-24,35.41,35.02,35.32,35.15,16343500,32.8853
2016-08-25,35.22,34.9,35.05,35.09,12428000,32.8291
2016-08-26,35.58,35.05,35.11,35.26,14469900,32.9882
2016-08-29,35.67,35.15,35.48,35.55,14965300,33.2595
2016-08-30,35.74,35.52,35.59,35.7,15183200,33.3998
2016-08-31,35.9,35.58,35.62,35.89,20562700,33.5776
2016-09-01,36.04,35.58,35.99,36.02,18925800,33.6992
2016-09-02,36.33,35.95,36.21,36.08,16726700,33.7554
2016-09-06,36.6,36.17,36.38,36.57,22337800,34.2138
2016-09-07,36.65,36.38,36.65,36.46,18495600,34.1109
2016-09-08,36.59,36.12,36.35,36.44,20212800,34.0922
2016-09-09,36.39,35.44,36.1,35.44,29457900,33.1566
2016-09-12,36.12,35.06,35.19,36.08,22796600,33.7554
2016-09-13,35.88,35.32,35.75,35.61,23591300,33.3156
2016-09-14,35.82,35.4,35.51,35.62,14074500,33.325
2016-09-15,36.65,35.54,35.74,36.56,23736000,34.2044
2016-09-16,38.05,37.25,37.72,37.67,74577900,35.2429
2016-09-19,38.02,37.09,37.69,37.16,30457400,34.7658
2016-09-20,37.43,36.94,37.42,37.14,24796900,34.7471
2016-09-21,37.46,36.86,37.21,37.45,21233700,35.0371
2016-09-22,37.83,37.44,37.6,37.55,17013400,35.1306
2016-09-23,37.65,37.12,37.45,37.19,18062500,34.7938
2016-09-26,36.94,36.6,36.92,36.65,25518800,34.2886
2016-09-27,37.22,36.63,36.9,37.18,22391600,34.7845
2016-09-28,37.5,37.15,37.31,37.44,19020800,35.0277
2016-09-29,37.53,37,37.49,37.32,17675000,34.9155
2016-09-30,37.92,37.44,37.47,37.75,24279300,35.3178
2016-10-03,37.95,37.53,37.69,37.66,14113600,35.2336
2016-10-04,37.94,37.33,37.77,37.54,14393100,35.1213
2016-10-05,38.31,37.64,37.75,37.99,22420800,35.5423
2016-10-06,38.16,37.58,37.84,38.07,15171400,35.6171
2016-10-07,38.22,37.78,38.08,38.1,16942500,35.6452
2016-10-10,38.36,37.9,38.25,38.02,14874300,35.5704
2016-10-11,38,36.82,37.91,37.27,27650500,34.8687
2016-10-12,37.25,36.81,37.2,37.13,14053900,34.7377
2016-10-13,37.13,36.46,36.85,36.97,16936000,34.588
2016-10-14,37.7,37.16,37.19,37.45,19123900,35.0371
2016-10-17,37.72,37.24,37.55,37.29,15788100,34.8874
2016-10-18,38.05,37.53,37.97,37.75,37784600,35.3178
2016-10-19,36.09,35.23,36.07,35.51,75229000,33.2221
2016-10-20,35.67,35.1,35.41,35.43,25669500,33.1472
2016-10-21,35.4,34.81,35.21,35.15,20813200,32.8853
2016-10-24,35.49,35.11,35.43,35.26,21524700,32.9882
2016-10-25,35.25,35.01,35.14,35.1,17860300,32.8385
2016-10-26,35.21,34.74,35.04,34.92,19977600,32.6701
2016-10-27,35.23,34.75,35.1,34.81,14634700,32.5672
2016-10-28,35.17,34.71,34.87,34.74,22296400,32.5017
2016-10-31,35.08,34.84,34.92,34.87,19188600,32.6233
2016-11-01,35.16,34.27,34.9,34.52,25368200,32.2959
2016-11-02,34.9,34.47,34.6,34.6,21416400,32.3707
2016-11-03,34.52,33.87,34.45,33.93,19400000,31.9842
2016-11-04,33.93,33.42,33.53,33.61,21914700,31.6826
2016-11-07,34.75,34.15,34.24,34.69,19296600,32.7006
2016-11-08,34.95,34.49,34.6,34.74,14789000,32.7478
2016-11-09,34.85,33.67,34.13,34.75,25999400,32.7572
2016-11-10,34.95,34.03,34.95,34.5,28249900,32.5215
2016-11-11,34.87,34.34,34.57,34.61,22665000,32.6252
2016-11-14,34.73,34.2,34.56,34.48,22529400,32.5027
2016-11-15,35.29,34.61,34.64,34.91,20676100,32.908
2016-11-16,34.92,34.54,34.9,34.84,18535200,32.842
2016-11-17,35.02,34.63,34.81,35.02,15748500,33.0117
2016-11-18,35,34.64,34.9,34.95,16806900,32.9457
2016-11-21,35.2,34.84,35.1,34.98,14259500,32.974
2016-11-22,35.5,35.11,35.18,35.48,22327400,33.4453
2016-11-23,35.52,35.1,35.48,35.2,15843100,33.1814
2016-11-25,35.45,35.11,35.11,35.44,6372800,33.4076
2016-11-28,35.66,35.21,35.43,35.51,13549000,33.4736
2016-11-29,35.64,35.27,35.64,35.31,19581000,33.2851
2016-11-30,35.3,34.7,35.2,34.7,27016100,32.7101
2016-12-01,34.93,33.56,34.86,33.76,29618700,31.824
2016-12-02,34.26,33.6,33.72,34.16,21492500,32.201
2016-12-05,34.42,33.97,34.31,34.39,14462000,32.4178
2016-12-06,34.75,34.3,34.39,34.72,15297700,32.7289
2016-12-07,35.57,34.45,34.67,35.5,21710300,33.4642
2016-12-08,36.03,35.22,35.48,35.7,19966500,33.6527
2016-12-09,35.9,35.59,35.75,35.76,16326900,33.7093
2016-12-12,36.09,35.67,35.78,35.97,21985800,33.9072
2016-12-13,36.89,35.93,36.01,36.8,35773600,34.6896
2016-12-14,36.89,36.46,36.7,36.55,30819400,34.454
2016-12-15,37.16,36.53,36.74,36.79,23721500,34.6802
2016-12-16,36.87,36.09,36.72,36.31,37794500,34.2277
2016-12-19,36.95,36.27,36.34,36.89,18744300,34.7745
2016-12-20,37.24,36.89,36.95,37.21,18551800,35.0761
2016-12-21,37.35,36.91,37.25,36.98,14323600,34.8593
2016-12-22,37.24,36.81,37.23,36.93,10793900,34.8122
2016-12-23,36.98,36.77,36.93,36.97,6286000,34.8499
2016-12-27,37.33,36.91,36.91,37.07,9033700,34.9442
2016-12-28,37.2,36.58,37.1,36.63,12868600,34.5294
2016-12-29,36.72,36.43,36.51,36.66,8447300,34.5577
2016-12-30,36.8,36.2,36.79,36.27,17468000,34.19
2017-01-03,36.93,36.27,36.61,36.6,20196500,34.5011
2017-01-04,36.77,36.34,36.71,36.41,15915700,34.322
2017-01-05,36.72,36.31,36.45,36.35,13986000,34.2654
2017-01-06,36.68,36.19,36.59,36.48,15114000,34.388
2017-01-09,36.89,36.48,36.48,36.61,19449400,34.5105
2017-01-10,36.93,36.53,36.55,36.54,15918800,34.4445
2017-01-11,37,36.51,36.51,36.95,22398400,34.831
2017-01-12,36.83,36.32,36.83,36.71,20391900,34.6048
2017-01-13,36.86,36.62,36.71,36.79,15072200,34.6802
2017-01-17,36.83,36.59,36.67,36.8,20163000,34.6896
2017-01-18,37.01,36.61,36.89,36.76,15382500,34.6519
2017-01-19,36.91,36.51,36.51,36.57,13654500,34.4728
2017-01-20,37.03,36.58,36.76,36.94,23950900,34.8216
2017-01-23,37.21,36.55,37.07,36.77,27752600,34.6614
2017-01-24,37.74,36.81,36.84,37.62,35140900,35.4626
2017-01-25,38,37.52,37.87,37.8,32276400,35.6323
2017-01-26,37.92,37.42,37.82,37.56,34144800,35.4061
2017-01-27,38.45,37.81,38,37.98,44368600,35.802
2017-01-30,37.84,37.33,37.74,37.42,23954700,35.2741
2017-01-31,37.37,36.64,37.22,36.82,27059100,34.7085
2017-02-01,36.95,36.02,36.82,36.52,28380600,34.4257
2017-02-02,36.7,36.2,36.26,36.68,31916900,34.5765
2017-02-03,36.82,36.45,36.69,36.52,21038100,34.6715
2017-02-06,36.51,36.15,36.51,36.27,21427000,34.4341
2017-02-07,36.52,36.24,36.45,36.35,18581900,34.5101
2017-02-08,36.65,36.14,36.34,36.38,20807400,34.5385
2017-02-09,36.5,35.4,36.5,35.46,47802700,33.6651
2017-02-10,35.43,34.84,35.26,35.34,44106500,33.5512
2017-02-13,35.85,35.34,35.57,35.8,28180600,33.9879
2017-02-14,35.96,35.53,35.84,35.93,25725100,34.1113
2017-02-15,36.06,35.67,35.98,36.05,18452200,34.2252
2017-02-16,36.56,36.1,36.18,36.41,21317500,34.567
2017-02-17,36.48,36.1,36.32,36.48,18909900,34.6335
2017-02-21,36.65,36.33,36.53,36.52,20556000,34.6715
2017-02-22,36.4,35.79,36.34,36.07,29904400,34.2442
2017-02-23,36.3,35.9,36.24,36.18,22775000,34.3487
2017-02-24,36.53,35.95,36.14,36.53,18617600,34.681
2017-02-27,36.68,36.27,36.42,36.51,14065200,34.662
2017-02-28,36.46,36,36.42,36.2,24977000,34.3677
2017-03-01,36.1,35.44,35.85,35.93,34085900,34.1113
2017-03-02,36.02,35.65,35.93,35.91,23602100,34.0923
2017-03-03,36.09,35.67,35.94,35.9,17538100,34.0828
2017-03-06,35.8,35.42,35.79,35.57,24416700,33.7695
2017-03-07,35.8,35.39,35.54,35.8,23434900,33.9879
2017-03-08,35.9,35.53,35.67,35.62,20920100,33.817
2017-03-09,35.94,35.5,35.6,35.82,23616800,34.0069
2017-03-10,36.3,35.78,36.12,35.91,25402300,34.0923
2017-03-13,36.04,34.94,35.85,35.16,53582900,33.3803
2017-03-14,35.23,34.66,35.06,35.18,28586900,33.3993
2017-03-15,35.17,34.68,34.94,35.1,27996100,33.3233
2017-03-16,35.36,35.07,35.17,35.14,19616100,33.3613
2017-03-17,35.33,35.1,35.31,35.27,30778900,33.4847
2017-03-20,35.63,35.26,35.37,35.43,17322300,33.6366
2017-03-21,35.6,35,35.59,35.04,22814500,33.2664
2017-03-22,35.46,35,35.22,35.37,19144500,33.5797
2017-03-23,35.49,35.02,35.49,35.27,20640400,33.4847
2017-03-24,35.73,35.12,35.65,35.16,22188000,33.3803
2017-03-27,35.5,34.94,35.07,35.39,16992200,33.5987
2017-03-28,35.71,35.21,35.34,35.6,18398100,33.798
2017-03-29,35.7,35.44,35.52,35.57,17202600,33.7695
2017-03-30,35.89,35.52,35.58,35.75,16433000,33.9404
2017-03-31,36.25,35.74,35.75,36.07,21438400,34.2442
2017-04-03,36.74,36.12,36.19,36.16,32013600,34.3297
2017-04-04,36.38,35.99,36.12,36.28,18918000,34.4436
2017-04-05,36.76,36.17,36.43,36.22,22455500,34.3866
2017-04-06,36.28,36.03,36.13,36.03,20198200,34.2063
2017-04-07,36.32,35.99,36.07,36.03,15689500,34.2063
2017-04-10,36.09,35.61,36.02,35.8,19973700,33.9879
2017-04-11,35.79,35.21,35.77,35.74,22711800,33.9309
2017-04-12,36.01,35.5,35.87,35.63,19289800,33.8265
2017-04-13,35.76,35.25,35.55,35.25,15764000,33.4657
2017-04-17,35.59,35.33,35.44,35.48,12560700,33.6841
2017-04-18,35.81,35.3,35.43,35.77,12321100,33.9594
2017-04-19,36.22,35.89,35.97,35.91,16594600,34.0923
2017-04-20,36.27,35.86,36.18,36.18,22968300,34.3487
2017-04-21,36.42,35.85,36.2,36.32,20390500,34.4816
2017-04-24,36.85,36.46,36.67,36.75,26305800,34.8898
2017-04-25,37,36.66,36.77,36.87,22066800,35.0037
2017-04-26,37.23,36.78,36.78,36.93,27241000,35.0607
2017-04-27,37.5,36.78,36.87,37.43,39890000,35.5354
2017-04-28,36.49,35.88,36.1,36.15,56617100,34.3202
2017-05-01,36.4,35.94,36.11,36.31,24825600,34.4721
2017-05-02,37.03,36.35,36.37,36.97,35813000,35.0987
2017-05-03,37.17,36.62,36.72,36.98,22040300,35.3689
2017-05-04,37.11,36.64,36.99,36.85,16437100,35.2445
2017-05-05,36.93,36.5,36.86,36.82,18119200,35.2158
2017-05-08,36.85,36.48,36.73,36.54,17660200,34.948
2017-05-09,36.75,36.28,36.48,36.37,17819100,34.7854
2017-05-10,36.38,35.93,36.27,36.01,25133800,34.4411
2017-05-11,36,35.45,35.91,35.69,21508900,34.1351
2017-05-12,35.74,35.4,35.72,35.53,19730800,33.982
2017-05-15,35.72,35.42,35.53,35.63,22120100,34.0777
2017-05-16,35.89,35.42,35.75,35.82,22291800,34.2594
2017-05-17,35.99,35.02,35.67,35.04,26670200,33.5134
2017-05-18,35.47,35.08,35.19,35.22,17171900,33.6855
2017-05-19,35.55,35.13,35.15,35.4,18340100,33.8577
2017-05-22,36.11,35.38,35.48,35.77,14638100,34.2116
2017-05-23,35.99,35.56,35.87,35.86,16903700,34.2977
2017-05-24,36.18,35.89,35.98,36.12,20640600,34.5463
2017-05-25,36.39,36.06,36.12,36.26,13148500,34.6802
2017-05-26,36.33,36.13,36.26,36.26,11145500,34.6802
2017-05-30,36.44,36.09,36.27,36.18,13026900,34.6037
2017-05-31,36.38,35.87,36.31,36.11,17741900,34.5368
2017-06-01,36.13,35.8,36.12,36.12,17510900,34.5463
2017-06-02,36.33,36,36.27,36.32,19127400,34.7376
2017-06-05,36.5,36.2,36.3,36.34,11685700,34.7568
2017-06-06,36.45,35.98,36.16,36.13,18420900,34.5559
2017-06-07,36.57,36.1,36.13,36.26,17192000,34.6802
2017-06-08,36.53,36.16,36.34,36.48,16783400,34.8907
2017-06-09,36.56,35.31,36.5,35.71,33322100,34.1542
2017-06-12,36.01,35.41,35.59,35.73,28488300,34.1733
2017-06-13,35.95,35.53,35.68,35.88,20588200,34.3168
2017-06-14,36.05,35.22,35.99,35.53,19149000,33.982
2017-06-15,35.48,35.14,35.21,35.31,20410000,33.7716
2017-06-16,35.33,35.01,35.28,35.21,30762800,33.676
2017-06-19,35.61,35.32,35.61,35.51,21583800,33.9629
2017-06-20,35.45,34.84,35.45,34.86,21536500,33.3412
2017-06-21,34.6,34.09,34.33,34.58,27138500,33.0734
2017-06-22,34.63,34.29,34.56,34.36,24602900,32.863
2017-06-23,34.55,34.1,34.21,34.19,29260900,32.7004
2017-06-26,34.51,34.03,34.26,34.07,18854800,32.5857
2017-06-27,34.15,33.65,34,33.65,27078900,32.184
2017-06-28,34.24,33.74,33.77,34.2,25940100,32.71
2017-06-29,34.1,33.34,33.92,33.54,25215700,32.0787
2017-06-30,33.93,33.53,33.87,33.74,24432000,32.27
2017-07-03,34.03,33.43,33.51,33.46,12676900,32.0022
2017-07-05,34.43,33.49,33.52,34.34,30010800,32.8439
2017-07-06,34.29,33.56,34.12,33.63,20733200,32.1648
2017-07-07,34.12,33.7,33.7,33.88,18304500,32.4039
2017-07-10,33.74,33.23,33.25,33.65,29918400,32.184
2017-07-11,33.93,33.43,33.64,33.92,25737500,32.4422
2017-07-12,34.39,33.94,34.28,34.25,23768300,32.7578
2017-07-13,34.4,34.12,34.33,34.24,15046200,32.7482
2017-07-14,34.71,34.27,34.48,34.68,16316400,33.1691
2017-07-17,34.74,34.36,34.74,34.47,21044400,32.9682
2017-07-18,34.58,34.25,34.43,34.53,14362800,33.0256
2017-07-19,34.68,34.46,34.68,34.56,17036200,33.0543
2017-07-20,34.84,34.48,34.54,34.75,17506200,33.236
2017-07-21,34.82,34.4,34.54,34.73,22245000,33.2169
2017-07-24,34.8,34.38,34.73,34.5,16146300,32.9969
2017-07-25,34.74,34.4,34.55,34.67,18096700,33.1595
2017-07-26,34.97,34.59,34.7,34.75,15499300,33.236
2017-07-27,35.25,34.67,34.78,34.97,43062800,33.4464
2017-07-28,35.86,35,35.13,35.31,36291500,33.7716
2017-07-31,35.74,35.32,35.47,35.47,27057000,33.9247
2017-08-01,36.43,35.57,35.66,36.35,38710200,34.7663
2017-08-02,36.67,36.06,36.33,36.64,35004300,35.0437
2017-08-03,36.59,36.15,36.55,36.49,26611300,35.1617
2017-08-04,36.56,36.1,36.45,36.3,20520300,34.9786
2017-08-07,36.55,36.22,36.39,36.43,18169300,35.1039
2017-08-08,36.7,36.3,36.37,36.41,22819900,35.0846
2017-08-09,36.66,36.02,36.28,36.59,22796800,35.2581
2017-08-10,36.56,36.11,36.4,36.14,22693300,34.8245
2017-08-11,36.4,35.79,36.26,35.87,19275100,34.5643
2017-08-14,36.47,36.08,36.12,36.34,18094200,35.0172
2017-08-15,36.32,35.82,36.3,36,21706600,34.6896
2017-08-16,36.07,35.56,35.98,35.81,22014000,34.5065
2017-08-17,35.68,35.17,35.6,35.17,19525000,33.8898
2017-08-18,35.31,34.99,35.29,35.01,16231400,33.7356
2017-08-21,35.28,34.7,35.09,34.92,26493300,33.6489
2017-08-22,35.19,34.62,35.02,34.65,26097800,33.3887
2017-08-23,34.81,34.38,34.54,34.66,19648100,33.3983
2017-08-24,34.89,34.55,34.7,34.71,14301900,33.4465
2017-08-25,34.93,34.58,34.82,34.67,14726800,33.408
2017-08-28,34.8,34.59,34.78,34.65,20712900,33.3887
2017-08-29,34.75,34.46,34.51,34.73,15843700,33.4658
2017-08-30,34.96,34.63,34.75,34.89,18565000,33.62
2017-08-31,35.18,34.87,34.94,35.07,16366800,33.7934
2017-09-01,35.39,35.07,35.24,35.09,12822000,33.8127
2017-09-05,35.33,34.93,35.02,35.02,18772000,33.7452
2017-09-06,35.94,35.11,35.22,35.76,28076400,34.4583
2017-09-07,35.95,35.33,35.88,35.54,16297100,34.2463
2017-09-08,35.54,35.08,35.42,35.19,14125000,33.909
2017-09-11,36,35.14,35.49,35.77,20037600,34.4679
2017-09-12,36.34,35.74,35.88,36.09,19489900,34.7763
2017-09-13,36.4,35.97,36,36.33,15509800,35.0076
2017-09-14,36.7,36.16,36.19,36.48,18093900,35.1521
2017-09-15,37.08,36.22,36.55,37,33596100,35.6532
2017-09-18,37.33,36.8,37,37,19393800,35.6532
2017-09-19,37.3,37.02,37.2,37.23,23850500,35.8748
2017-09-20,37.29,36.66,37.23,37.07,23957500,35.7206
2017-09-21,37.27,36.85,36.99,37.2,22954200,35.8459
2017-09-22,37.22,36.95,36.95,37.18,21631800,35.8266
2017-09-25,37.23,36.85,37.05,37.16,23180800,35.8073
2017-09-26,37.64,37,37.21,37.47,29790400,36.1061
2017-09-27,37.69,37.1,37.62,37.54,25981400,36.1735
2017-09-28,37.88,37.29,37.32,37.83,21171400,36.453
2017-09-29,38.15,37.7,37.84,38.08,23217300,36.6939
2017-10-02,39.09,38.08,38.12,39.04,37394500,37.6189
2017-10-03,39.7,38.95,38.95,39.38,34002200,37.9465
2017-10-04,39.4,38.86,39.39,39.34,28368800,37.908
2017-10-05,39.65,39.21,39.5,39.53,17710300,38.0911
2017-10-06,39.89,39.42,39.6,39.63,18887500,38.1874
2017-10-09,39.88,39.52,39.68,39.86,18494100,38.4091
2017-10-10,39.95,39.38,39.93,39.65,29890000,38.2067
2017-10-11,39.67,39.06,39.48,39.3,30754700,37.8694
2017-10-12,39.39,38.98,39.35,39.19,18286900,37.7634
2017-10-13,39.81,39.28,39.44,39.67,16829400,38.226
2017-10-16,39.79,39.44,39.71,39.76,12489100,38.3127
2017-10-17,39.87,39.37,39.56,39.79,15532800,38.3416
2017-10-18,40.29,39.6,39.8,40.25,21424600,38.7849
2017-10-19,40.33,39.83,39.88,40.09,19222700,38.6307
2017-10-20,40.45,40.1,40.33,40.43,18335700,38.9583
2017-10-23,41.04,40.4,40.55,40.83,28647000,39.3437
2017-10-24,41.05,40.72,41,40.95,19652400,39.4594
2017-10-25,41.06,40.49,40.89,40.78,24031700,39.2956
2017-10-26,41.58,40.71,40.91,41.35,38247400,39.8448
2017-10-27,45,43.1,43.3,44.4,90028300,42.7838
2017-10-30,45.19,43.88,44.48,44.37,48161500,42.7549
2017-10-31,45.8,44.65,45.2,45.49,47000900,43.8341
2017-11-01,46.71,45.59,45.97,46.71,47813700,45.0097
2017-11-02,47.23,46.21,46.61,47.1,44602300,45.3855
2017-11-03,47.3,45.6,47.2,46.34,39298100,44.6532
2017-11-06,46.74,46.09,46.6,46.7,32137000,45.2667
2017-11-07,47.09,46.39,46.7,46.78,24461400,45.3443
2017-11-08,46.7,46.28,46.62,46.7,21565800,45.2667
2017-11-09,46.39,45.65,46.05,46.3,25570400,44.879
2017-11-10,46.09,45.38,46.04,45.58,24095400,44.1811
2017-11-13,45.94,45.25,45.26,45.75,18999000,44.3459
2017-11-14,45.92,45.32,45.7,45.86,22201200,44.4525
2017-11-15,45.81,45.17,45.39,45.46,17157200,44.0648
2017-11-16,46.07,45.46,45.63,45.65,26439400,44.249
2017-11-17,45.62,44.62,45.5,44.63,63798000,43.2603
2017-11-20,45.12,44.5,44.73,44.62,22420000,43.2506
2017-11-21,45.22,44.71,44.72,44.94,21871000,43.5608
2017-11-22,44.95,44.54,44.94,44.65,19538300,43.2797
2017-11-24,44.78,44.43,44.55,44.75,6465800,43.3766
2017-11-27,44.61,44.27,44.42,44.49,18202100,43.1246
2017-11-28,44.84,44.32,44.65,44.73,20194100,43.3572
2017-11-29,45.09,43.77,44.85,43.95,27036900,42.6011
2017-11-30,45.2,44.33,44.36,44.84,34145300,43.4638
2017-12-01,44.84,43.53,44.73,44.68,26656300,43.3087
2017-12-04,45.3,44.33,45.02,44.49,28000800,43.1246
2017-12-05,44.9,43.23,44.6,43.44,30626900,42.1068
2017-12-06,43.72,42.67,43.14,43.45,27710800,42.1165
2017-12-07,43.6,42.78,43.46,43.08,32708400,41.7579
2017-12-08,43.58,43.11,43.35,43.35,23154700,42.0196
2017-12-11,43.78,43.25,43.28,43.66,20425900,42.32
2017-12-12,43.62,43.08,43.47,43.33,16557400,42.0002
2017-12-13,43.66,43.24,43.65,43.34,21399500,42.0099
2017-12-14,43.57,43.02,43.43,43.26,19644900,41.9323
2017-12-15,44.84,43.07,43.4,44.56,47477000,43.1924
2017-12-18,46.35,45.04,45.15,46.26,50369300,44.8402
2017-12-19,47.26,45.89,46.3,47.04,41421100,45.5963
2017-12-20,47.64,46.66,47.47,47.56,40935000,46.1004
2017-12-21,47.59,46.56,47.54,46.76,42963500,45.3249
2017-12-22,47.02,46.02,46.33,46.7,33913500,45.2667
2017-12-26,46.47,45.95,46.28,46.08,15533300,44.6658
2017-12-27,46.36,46,46.11,46.11,13359700,44.6949
2017-12-28,46.36,45.95,46.36,46.22,9504400,44.8015
2017-12-29,46.49,46.09,46.21,46.16,17394500,44.7433
2018-01-02,46.9,46.21,46.38,46.85,23370800,45.4121
2018-01-03,46.21,43.65,45.47,45.26,116479000,43.8709
2018-01-04,44.65,42.69,43.52,44.43,89209100,43.0664
2018-01-05,45.15,43.9,44.43,44.74,41824000,43.3669
2018-01-08,44.84,43.96,44.27,44.74,33733800,43.3669
2018-01-09,44.84,43.49,44.7,43.62,44282300,42.2813
2018-01-10,43.6,42.44,43.33,42.5,45735000,41.1957
2018-01-11,43.58,42.45,42.8,43.41,35371500,42.0777
2018-01-12,43.6,43.01,43.45,43.24,29973600,41.9129
2018-01-16,43.79,42.89,43.55,43.14,38367200,41.816
2018-01-17,44.45,43.51,43.55,44.39,30742400,43.0276
2018-01-18,44.74,44.17,44.4,44.48,26826500,43.1149
2018-01-19,44.89,44.25,44.62,44.82,25780200,43.4444
2018-01-22,45.79,44.79,44.8,45.75,27706800,44.3459
2018-01-23,46.09,45.63,45.81,46.06,22135100,44.6464
2018-01-24,46.13,44.96,45.9,45.51,32464200,44.1133
2018-01-25,46.37,45.17,45.88,45.3,36758700,43.9097
2018-01-26,50.15,48.12,48.38,50.08,86916100,48.543
2018-01-29,50.85,49.37,49.6,49.98,46304000,48.4461
2018-01-30,50.06,48.74,49.48,48.79,32814600,47.2926
2018-01-31,49.25,47.56,49.23,48.14,41619900,46.6626
2018-02-01,48.47,47.45,47.7,47.65,28840400,46.1876
2018-02-02,47.79,46.1,47.32,46.15,28663000,44.7336
2018-02-05,47.26,44.5,46.35,44.52,47869000,43.1537
2018-02-06,44.93,43.03,44.02,44.91,58145400,43.827
2018-02-07,46.3,44.34,44.58,45.2,37508400,44.11
2018-02-08,45.42,42.74,45.28,42.75,43151300,41.7191
2018-02-09,44.28,42.04,43.5,43.95,49301100,42.8902
2018-02-12,45.16,44.09,44.15,44.83,28379500,43.7489
2018-02-13,44.78,44.26,44.59,44.46,19517600,43.3879
2018-02-14,45.51,44.04,44.07,45.38,19922000,44.2857
2018-02-15,45.99,44.95,45.88,45.92,23536800,44.8127
2018-02-16,46.59,45.51,45.82,45.56,21475200,44.4613
2018-02-20,46.71,45.39,45.46,46.32,25512000,45.203
2018-02-21,47.06,45.92,46.67,45.94,27527500,44.8322
2018-02-22,46.56,45.62,46.14,45.8,16946400,44.6956
2018-02-23,47.79,46.31,46.34,47.73,26040900,46.579
2018-02-26,49.13,48.1,48.2,49.11,26992300,47.9257
2018-02-27,50.9,49.31,49.37,49.91,43624100,48.7064
2018-02-28,50.34,49.28,50.18,49.29,35541200,48.1014
2018-03-01,49.72,47.47,49.5,47.84,36326600,46.6864
2018-03-02,49.05,46.96,47.2,48.98,33310600,47.7989
2018-03-05,49.8,48.04,48.57,49.75,30826500,48.5503
2018-03-06,51.33,50.15,50.16,50.71,39132300,49.4871
2018-03-07,51.49,50.1,50.18,51.32,31801900,50.0824
2018-03-08,52.08,50.47,51.79,50.74,29481200,49.5164
2018-03-09,52.3,51,51.27,52.19,32727900,50.9315
2018-03-12,51.95,50.5,51.86,51.52,32044400,50.2776
2018-03-13,53.78,51.39,52.52,51.78,45573900,50.5313
2018-03-14,52.18,51.31,52.06,51.86,24993500,50.6094
2018-03-15,52.3,50.88,52.23,50.88,25631200,49.6531
2018-03-16,51.7,50.99,51.17,51.17,42559800,49.9361
2018-03-19,51.23,49.93,50.74,50.83,31115200,49.6043
2018-03-20,51.81,50.85,50.88,51.55,22215000,50.3069
2018-03-21,52.17,51.17,51.55,51.56,23239500,50.3167
2018-03-22,51.96,50.6,50.74,50.83,30916000,49.6043
2018-03-23,50.99,49.36,50.59,49.36,37683900,48.1697
2018-03-26,52.49,50.32,50.74,52.48,39306200,51.2145
2018-03-27,53.25,50.78,53.01,51.19,38777000,49.9556
2018-03-28,50.7,49.01,50.5,49.6,37970900,48.4039
2018-03-29,52.08,49.87,49.98,52.08,45265800,50.8241
2018-04-02,52.04,47.29,51.69,48.92,67187800,47.7403
2018-04-03,49.96,48.41,49,49.75,39432400,48.5503
2018-04-04,50.16,48.01,48.1,49.99,30370000,48.7845
2018-04-05,50.72,49.97,50.01,50.38,25115400,49.1651
2018-04-06,50.4,48.5,49.79,48.79,28215200,47.6135
2018-04-09,51.11,49.16,49.16,49.55,31437000,48.3551
2018-04-10,51.49,50.34,51.12,51.27,25906400,50.0336
2018-04-11,51.73,50.82,50.99,51.1,17568400,49.8677
2018-04-12,53.27,51.45,51.49,52.72,29781400,51.4487
2018-04-13,53.21,51.6,53.06,51.86,20884900,50.6094
2018-04-16,52.53,51.79,52.29,52.4,18855500,51.1364
2018-04-17,53.7,52.89,52.91,53.54,21228700,52.2489
2018-04-18,54.36,53.34,53.52,53.61,22164700,52.3172
2018-04-19,52.96,51.61,52.95,52.22,25422400,50.9607
2018-04-20,52.28,50.88,52.17,51.53,26910100,50.2874
2018-04-23,51.89,50.85,51.69,51.1,21706700,49.8677
2018-04-24,53.64,51.14,51.87,51.45,42494700,50.2093
2018-04-25,52.1,50.6,51.86,51.38,25752800,50.141
2018-04-26,53.27,52.07,52.26,53.05,39575000,51.7707
2018-04-27,55.79,52.23,55.44,52.73,69888100,51.4584
2018-04-30,53.37,51.21,52.56,51.62,36417400,50.3752
2018-05-01,53.42,51.44,51.64,53.33,27600800,52.044
2018-05-02,53.2,52.15,53.09,52.31,25778300,51.0486
2018-05-03,52.56,51.21,51.89,52.28,28561000,51.0193
2018-05-04,52.84,51,51.62,52.78,25642500,51.8045
2018-05-07,53.58,52.83,52.86,53.33,20285700,52.3443
2018-05-08,53.63,52.8,53.29,53.63,21026800,52.6388
2018-05-09,54.37,53.19,53.76,54.34,19827500,53.3357
2018-05-10,55,54.1,54.55,54.98,18715900,53.9638
2018-05-11,55.19,54.43,54.62,54.67,15405000,53.6596
2018-05-14,55.24,54.74,54.77,54.9,21878200,53.8853
2018-05-15,54.75,53.56,54.58,53.92,21712600,52.9234
2018-05-16,54.7,53.96,54.17,54.64,16260500,53.6301
2018-05-17,55.44,54.42,54.55,54.81,16872600,53.797
2018-05-18,54.54,53.47,54.53,53.5,23679900,52.5112
2018-05-21,55.22,53.86,54.36,54.32,25367400,53.316
2018-05-22,55.05,54.05,54.73,54.45,19009600,53.4436
2018-05-23,55.23,53.84,54,55.21,20496500,54.1896
2018-05-24,55.3,54.13,55.18,54.75,19667100,53.7381
2018-05-25,55.5,54.54,54.8,55.44,18550000,54.4153
2018-05-29,55.81,54.81,55.12,55.32,24253500,54.2976
2018-05-30,56.2,55.62,55.89,55.68,24711500,54.6509
2018-05-31,55.86,55.06,55.67,55.2,30962100,54.1798
2018-06-01,57.1,55.8,55.84,57.08,31183200,56.025
2018-06-04,57.6,56.78,57.01,56.83,22538100,55.7797
2018-06-05,57.12,56.22,56.9,56.53,21687000,55.4852
2018-06-06,57.06,56.08,56.53,57.03,22955400,55.976
2018-06-07,57,55.62,56.92,55.88,27596100,54.8472
2018-06-08,55.7,54.66,55.56,55.05,30822900,54.0325
2018-06-11,55.09,54.26,54.8,54.52,25752400,53.5123
2018-06-12,55.03,54.22,54.87,54.82,23294900,53.8068
2018-06-13,55.7,54.91,54.98,55.03,22631400,54.0129
2018-06-14,55.86,55.18,55.45,55.54,23419800,54.5135
2018-06-15,55.38,54.58,55.17,55.11,39194700,54.0914
2018-06-18,54.3,52.34,54.3,53.22,40764400,52.2364
2018-06-19,52.95,51.88,52.14,52.93,31780900,51.9517
2018-06-20,53.75,52.69,53.19,53.46,21403000,52.4719
2018-06-21,54.53,51.94,54.38,52.19,44435600,51.2254
2018-06-22,53.09,52.3,52.62,52.5,34682100,51.5297
2018-06-25,51.75,49.91,51.17,50.71,45356500,49.7728
2018-06-26,50.41,49.36,49.95,49.67,37543000,48.752
2018-06-27,50.06,48.75,49.34,48.76,33338800,47.8588
2018-06-28,49.49,48.5,48.58,49.25,29055700,48.3397
2018-06-29,50.11,49.5,49.53,49.71,28906500,48.7912
2018-07-02,50.27,48.83,49.04,50.2,23755500,49.2722
2018-07-03,50.86,49.43,50.58,49.47,16327900,48.5557
2018-07-05,50.96,49.75,49.98,50.75,26163500,49.812
2018-07-06,51.5,50.4,50.77,51.37,19968000,50.4206
2018-07-09,51.89,51,51.64,51.86,21361600,50.9015
2018-07-10,52.26,51.84,52.1,52.16,17362900,51.196
2018-07-11,51.87,51.19,51.69,51.2,18665600,50.2537
2018-07-12,52.48,51.73,52.05,52.35,20292700,51.3825
2018-07-13,52.42,51.76,52.4,52.22,13749300,51.2549
2018-07-16,52.32,51.87,52.15,52.01,15951500,51.0487
2018-07-17,51.88,51.01,51.05,51.75,15754500,50.7935
2018-07-18,51.97,51.47,51.87,51.72,14649000,50.7641
2018-07-19,52.01,51.05,51.6,51.98,15954600,51.0193
2018-07-20,52.07,51.33,51.83,51.91,17380500,50.9506
2018-07-23,52.5,51.33,51.77,52.31,15945500,51.3432
2018-07-24,53.3,52.08,52.76,52.18,17788700,51.2156
2018-07-25,52.45,51.09,52.21,52.43,19854800,51.461
2018-07-26,53.18,51.87,52.45,52.16,28282500,51.196
2018-07-27,49.2,47.48,48.76,47.68,67816700,46.7988
2018-07-30,47.99,46.43,47.63,47.69,35696600,46.8086
2018-07-31,48.68,47.69,48.24,48.1,36581200,47.211
2018-08-01,48.91,48,48.06,48.81,28060700,47.9079
2018-08-02,49.52,48.2,48.5,49.48,26452500,48.5655
2018-08-03,49.78,49.17,49.5,49.63,22008200,48.7127
2018-08-06,49.31,48.32,48.77,49.3,26669000,48.6831
2018-08-07,49.83,49.41,49.43,49.7,28322700,49.0781
2018-08-08,50.13,49.44,49.6,49.96,21990600,49.3348
2018-08-09,50.6,49.72,49.86,50.14,23788200,49.5126
2018-08-10,49.17,48.3,48.51,48.85,28712400,48.2387
2018-08-13,49.24,48.38,48.92,48.45,17002700,47.8437
2018-08-14,48.76,47.65,48.67,48.12,23061600,47.5179
2018-08-15,48,46.9,47.78,47.46,26739900,46.8661
2018-08-16,47.95,47.05,47.75,47.17,24358000,46.5797
2018-08-17,47.39,46.33,47,47.1,26382000,46.5106
2018-08-20,47.12,46.19,47.05,46.5,24334000,45.9181
2018-08-21,47.85,46.64,46.66,47.62,19254300,47.0241
2018-08-22,47.35,46.92,47.25,47.05,23182500,46.4613
2018-08-23,47.17,46.71,46.86,46.98,31343200,46.3921
2018-08-24,47.89,47.08,47.29,47.66,18214700,47.0636
2018-08-27,48.39,47.63,48,48.35,17170300,47.745
2018-08-28,48.79,48.31,48.55,48.57,13472400,47.9622
2018-08-29,48.86,48.4,48.7,48.75,13479100,48.14
2018-08-30,48.83,48.09,48.52,48.24,16418800,47.6364
2018-08-31,48.56,47.92,47.96,48.43,16484000,47.824
2018-09-04,48.43,47.56,48.38,47.96,15682900,47.3599
2018-09-05,48.12,47.47,47.75,47.72,20857200,47.1229
2018-09-06,47.96,47.21,47.76,47.26,19318100,46.6686
2018-09-07,47.48,46.36,46.91,46.45,25958300,45.8688
2018-09-10,46.76,46.23,46.56,46.3,21522400,45.7206
2018-09-11,46.03,44.89,46,44.93,32455300,44.3678
2018-09-12,44.98,44.06,44.56,44.93,29778700,44.3678
2018-09-13,45.85,45.11,45.68,45.57,18657100,44.9998
2018-09-14,45.97,45.35,45.78,45.54,22998700,44.9701
2018-09-17,45.9,45.19,45.29,45.42,17603200,44.8516
2018-09-18,46.53,45.41,45.58,46.1,20528100,45.5231
2018-09-19,46.44,45.89,46.09,46.15,15918900,45.5725
2018-09-20,47.36,46.52,46.78,47.2,21999300,46.6094
2018-09-21,47.42,46.37,47.12,46.66,52650600,46.0761
2018-09-24,47,46.15,46.31,46.91,17847000,46.323
2018-09-25,46.39,45.8,46.22,45.91,23389900,45.3355
2018-09-26,46.3,45.58,46.04,45.7,23957700,45.1281
2018-09-27,46.17,45.73,45.91,45.88,15415500,45.3059
2018-09-28,47.75,45.46,45.62,47.29,46223500,46.6982
2018-10-01,47.22,46.2,46.79,46.45,23796200,45.8688
2018-10-02,48.88,47.32,47.51,48.1,42121100,47.4981
2018-10-03,49.72,48.56,48.62,48.76,39211900,48.1499
2018-10-04,48.86,47.62,48.84,48.13,30108300,47.5277
2018-10-05,48.34,46.66,48.23,47.03,28901400,46.4415
2018-10-08,47.35,46.52,46.96,47.03,19376800,46.4415
2018-10-09,47.62,46.54,47.18,46.55,23285700,45.9675
2018-10-10,46.12,44.8,46.06,44.8,43109500,44.2394
2018-10-11,45.61,43.73,45.15,44.23,43648800,43.6765
2018-10-12,45.34,44.23,45.27,44.88,32087400,44.3184
2018-10-15,45.14,44.44,44.63,44.53,21633000,43.9728
2018-10-16,46.01,44.83,44.9,45.94,21472000,45.3651
2018-10-17,46.33,45.54,46,45.89,23124400,45.3158
2018-10-18,45.75,44.83,45.65,44.97,26638800,44.4073
2018-10-19,45.18,43.86,45.02,44,28368500,43.4494
2018-10-22,45.34,44.1,44.5,45.01,34508800,44.4468
2018-10-23,45.09,43.91,44.18,44.5,38590300,43.9432
2018-10-24,44.36,42.36,44.16,42.42,33631800,41.8892
2018-10-25,44.94,43.28,43.54,44.31,48255300,43.7555
2018-10-26,46.44,44.7,45.59,45.69,67280400,45.1183
2018-10-29,46.75,44.44,46.5,45.4,35732200,44.8319
2018-10-30,47.88,45.46,45.53,47.76,43975200,47.1624
2018-10-31,48.56,46.83,48.29,46.88,33369100,46.2934
2018-11-01,48.47,46.86,46.95,48.22,28335300,47.6166
2018-11-02,48.25,46.75,48.13,47.11,30759800,46.5205
2018-11-05,48.25,46.92,47.34,47.97,23751200,47.3697
2018-11-06,47.92,47.03,47.8,47.25,23839600,46.9524
2018-11-07,48.75,47.59,47.63,48.72,29913200,48.4131
2018-11-08,49.29,48.46,48.49,48.99,26581700,48.6814
2018-11-09,49.03,47.87,48.79,48.11,21761400,47.807
2018-11-12,47.8,46.6,47.71,46.65,24412800,46.3562
2018-11-13,48.25,46.99,46.99,47.39,29315900,47.0915
2018-11-14,47.97,46.89,47.85,47.09,25632700,46.7934
2018-11-15,48.24,46.72,47.01,48.11,29581000,47.807
2018-11-16,49.05,47.69,47.77,48.83,31670600,48.5224
2018-11-19,49.15,47.78,48.61,48,26859000,47.6977
2018-11-20,48.12,47.09,47.4,47.39,29200800,47.0915
2018-11-21,47.88,47.02,47.85,47.03,19011400,46.7338
2018-11-23,47.07,46.52,46.69,46.54,8906900,46.2469
2018-11-26,47.46,46.7,47.27,47.45,20723000,47.1511
2018-11-27,48.22,46.59,46.94,48.07,27621000,47.7672
2018-11-28,48.88,47.65,47.94,48.86,28003200,48.5522
2018-11-29,48.56,47.63,48.49,47.7,23592500,47.3996
2018-11-30,49.32,47.56,47.95,49.31,43313700,48.9994
2018-12-03,50.5,49.53,50,50.13,30870400,49.8142
2018-12-04,49.6,47.68,49.52,47.75,35397700,47.4492
2018-12-06,48.39,46.52,46.8,48.37,31661700,48.0653
2018-12-07,48.06,46.23,47.94,46.24,34016400,45.9487
2018-12-10,47.46,46.01,46.28,47.21,23289000,46.9126
2018-12-11,48.59,47.13,47.9,47.38,23851000,47.0816
2018-12-12,48.64,47.41,48.58,47.83,31305000,47.5287
2018-12-13,48.58,47.86,48.26,48.29,19526000,47.9858
2018-12-14,48.76,47.85,47.89,47.86,26372100,47.5585
2018-12-17,48.41,46.66,47.86,47.08,26598700,46.7835
2018-12-18,48.45,47.36,47.47,47.74,29014300,47.4393
2018-12-19,47.73,45.38,47.49,45.57,39717600,45.283
2018-12-20,46.31,45.01,45.41,45.54,37750900,45.2532
2018-12-21,46.65,44.8,45.75,44.84,52768300,44.5576
2018-12-24,45.17,43.54,44.63,43.59,19241600,43.3154
2018-12-26,46.2,43.51,44,46.19,28677600,45.8991
2018-12-27,46.38,44.67,45.62,46.36,29970700,46.068
2018-12-28,47.74,46.3,46.51,46.75,24758700,46.4555
2018-12-31,47.48,46.55,47.09,46.93,20490400,46.6344
2019-01-02,47.47,45.77,45.96,47.08,18774600,46.7835
2019-01-03,46.28,44.39,46.15,44.49,32229300,44.2098
2019-01-04,47.57,45.54,45.84,47.22,35447300,46.9226
2019-01-07,48,46.75,47.1,47.44,22736800,47.1412
2019-01-08,48.03,46.78,47.8,47.74,22749200,47.4393
2019-01-09,48.57,47.78,47.96,48.01,22554500,47.7076
2019-01-10,48.65,47.41,47.75,48.56,27202600,48.2541
2019-01-11,49.29,48.05,48.1,48.93,21751300,48.6218
2019-01-14,48.83,48.3,48.46,48.35,19193900,48.0455
2019-01-15,49.13,48.44,48.71,48.6,22480800,48.2939
2019-01-16,48.89,48.08,48.6,48.13,19057700,47.8268
2019-01-17,48.84,47.91,48,48.47,17448700,48.1647
2019-01-18,49.38,48.69,49.11,49.19,29874600,48.8802
2019-01-22,48.98,47.87,48.96,48.27,25940700,47.966
2019-01-23,48.8,47.52,48.41,47.94,18960700,47.638
2019-01-24,50.04,48.6,48.7,49.76,50578300,49.4466
2019-01-25,47.43,45.75,46.85,47.04,86455700,46.7437
2019-01-28,46.73,46.05,46.13,46.71,35928700,46.4158
2019-01-29,46.97,46.33,46.78,46.54,20988300,46.2469
2019-01-30,47.68,46.45,46.68,47.54,26931700,47.2406
2019-01-31,47.18,46.1,46.7,47.12,43051300,46.8232
2019-02-01,49.05,47.01,47.06,48.73,37442900,48.4231
2019-02-04,49.24,48.24,48.62,49.22,20905000,48.91
2019-02-05,50.72,49.18,49.18,50.01,31641600,49.695
2019-02-06,50.64,49.82,49.95,49.9,21647800,49.9
2019-02-07,49.85,48.68,49.5,49.23,27825900,49.23
2019-02-08,49.02,48.01,48.77,48.84,18851200,48.84
2019-02-11,49.32,48.58,49.02,48.77,18004100,48.77
2019-02-12,50.14,49.27,49.36,50.01,18050100,50.01
2019-02-13,50.81,50,50.13,50.47,17712800,50.47
2019-02-14,51.04,50.35,50.41,50.81,17545400,50.81
2019-02-15,51.67,51.09,51.25,51.66,22520400,51.66
2019-02-19,51.71,51.34,51.35,51.4,15611800,51.4
2019-02-20,51.73,51.06,51.63,51.39,21607700,51.39
2019-02-21,51.84,51.21,51.32,51.41,16162100,51.41
2019-02-22,52.98,52.06,52.7,52.49,31934100,52.49
2019-02-25,53.61,52.86,53.06,53.1,20711800,53.1
2019-02-26,53.37,52.91,53.01,53.23,16082200,53.23
2019-02-27,53.38,52.51,52.76,53.24,17590300,53.24
2019-02-28,53.18,52.81,52.92,52.96,18388800,52.96
2019-03-01,53.68,52.89,53.44,53.3,18359300,53.3
2019-03-04,54.1,53.21,53.75,53.94,21706100,53.94
2019-03-05,53.99,53.11,53.85,53.68,21057700,53.68
2019-03-06,53.65,52.94,53.63,52.95,14740500,52.95
2019-03-07,52.99,52.36,52.77,52.6,17803000,52.6
2019-03-08,52.56,51.7,51.97,52.48,16793900,52.48
2019-03-11,53.65,52.57,52.88,53.35,18963000,53.35
2019-03-12,53.96,53.18,53.34,53.57,20782100,53.57
2019-03-13,54.57,53.65,54,54.37,25522300,54.37
2019-03-14,54.45,53.33,54.3,53.44,26647100,53.44
2019-03-15,54.69,53.68,53.68,54.33,46512500,54.33
2019-03-18,54.51,53.87,54.42,54.1,16274000,54.1
2019-03-19,54.65,54,54.47,54.17,18274800,54.17
2019-03-20,54.4,53.61,54.06,53.82,24325300,53.82
2019-03-21,54.99,53.84,53.92,54.64,19127200,54.64
2019-03-22,54.62,53.21,54.4,53.26,21438400,53.26
2019-03-25,53.55,52.38,52.97,52.78,16971400,52.78
2019-03-26,53.77,53.04,53.32,53.44,17724300,53.44
2019-03-27,53.86,52.94,53.59,53.16,19656000,53.16
2019-03-28,53.44,52.77,53.25,53.11,13607900,53.11
2019-03-29,54.04,53.48,53.8,53.7,18736100,53.7
2019-04-01,54.57,54.1,54.34,54.51,17830400,54.51
2019-04-02,54.8,54.23,54.53,54.36,13704500,54.36
2019-04-03,55.99,54.89,55.03,55.48,24552800,55.48
2019-04-04,56.14,55.27,55.27,55.92,16520500,55.92
2019-04-05,55.95,54.87,55.75,55.6,19268400,55.6
2019-04-08,55.74,55.2,55.28,55.68,11758800,55.68
2019-04-09,55.43,54.9,55.35,55.32,13339700,55.32
2019-04-10,55.86,55.32,55.32,55.75,13084000,55.75
2019-04-11,56.07,55.63,55.76,55.8,10845800,55.8
2019-04-12,56.49,55.84,56.21,56.42,12910200,56.42
2019-04-15,56.56,55.92,56.46,56.28,11676900,56.28
2019-04-16,57.47,56.07,56.66,56.71,30301900,56.71
2019-04-17,59.59,58.12,58.44,58.56,38788400,58.56
2019-04-18,58.88,58.12,58.71,58.49,20464200,58.49
