2015-01-02,20.28,19.81,20.13,20.13,2842000,19.4638
2015-01-05,20.19,19.7,20.13,19.79,4948800,19.1351
2015-01-06,19.84,19.17,19.82,19.19,4944100,18.5549
2015-01-07,19.5,19.08,19.33,19.14,8045200,18.5066
2015-01-08,19.98,19.35,19.36,19.86,7094500,19.2028
2015-01-09,20.09,19.66,19.93,19.94,5238500,19.2801
2015-01-12,20,19.51,19.99,19.69,4768300,19.0384
2015-01-13,20.24,19.52,19.84,19.66,5909700,19.0094
2015-01-14,19.8,19.4,19.45,19.74,3881500,19.0867
2015-01-15,20,19.59,19.88,19.6,4723300,18.9514
2015-01-16,19.98,19.51,19.57,19.96,4537800,19.2995
2015-01-20,20.21,19.77,20.1,20.02,3487500,19.3575
2015-01-21,20.35,19.77,19.91,20.3,3619500,19.6282
2015-01-22,20.71,20.13,20.34,20.65,3992800,19.9666
2015-01-23,20.75,20.5,20.67,20.71,2976700,20.0246
2015-01-26,20.72,20.49,20.62,20.62,3331000,19.9376
2015-01-27,20.32,19.59,20.3,19.63,8948700,18.9804
2015-01-28,19.95,19.3,19.87,19.31,6818200,18.671
2015-01-29,19.89,19.23,19.32,19.78,5883500,19.1254
2015-01-30,19.87,19.17,19.64,19.2,7455000,18.5646
2015-02-02,19.7,18.94,19.32,19.62,6490100,18.9707
2015-02-03,20.13,19.66,19.76,20.11,4555300,19.4445
2015-02-04,20.39,19.99,20.05,20.16,4537900,19.4928
2015-02-05,20.5,20.16,20.18,20.49,3511200,19.8119
2015-02-06,20.71,20.31,20.47,20.4,5231900,19.7249
2015-02-09,20.44,20.15,20.28,20.38,6848600,19.7056
2015-02-10,20.96,20.31,20.4,20.95,5655100,20.2567
2015-02-11,21,20.67,21,20.81,8020800,20.1213
2015-02-12,22.5,21.87,22,22.3,16922600,21.562
2015-02-13,22.34,21.91,22.25,22.31,7752100,21.5717
2015-02-17,22.49,22.13,22.27,22.38,5083500,21.6394
2015-02-18,22.39,22.08,22.35,22.12,4273700,21.388
2015-02-19,22.44,22.08,22.4,22.18,4235800,21.446
2015-02-20,22.35,22,22.16,22.34,3943800,21.6007
2015-02-23,22.33,22.05,22.33,22.16,3125200,21.4267
2015-02-24,22.31,21.96,22.16,22.31,3733900,21.6547
2015-02-25,22.32,22.04,22.22,22.14,3095500,21.4897
2015-02-26,22.33,22.02,22.16,22.2,3821600,21.548
2015-02-27,22.19,21.98,22.14,22.06,3937300,21.4121
2015-03-02,22.72,21.97,22,22.6,7537800,21.9362
2015-03-03,22.54,22.11,22.43,22.18,4008600,21.5286
2015-03-04,22.48,22.01,22.1,22.43,5648400,21.7712
2015-03-05,22.9,22.37,22.43,22.86,8076400,22.1886
2015-03-06,22.84,22.53,22.73,22.55,6434800,21.8877
2015-03-09,22.78,22.51,22.56,22.61,5559700,21.9459
2015-03-10,23.15,22.67,22.71,23,13145300,22.3245
2015-03-11,23.3,22.82,23,22.88,6553000,22.208
2015-03-12,22.83,22.24,22.66,22.67,10174300,22.0042
2015-03-13,22.76,22.25,22.56,22.7,8982200,22.0333
2015-03-16,23.11,22.73,22.88,22.97,5923900,22.2954
2015-03-17,23.26,22.76,22.92,23.25,7497500,22.5671
2015-03-18,23.37,22.66,23.25,22.87,10337600,22.1983
2015-03-19,23.3,22.78,22.95,23.22,7768900,22.538
2015-03-20,23.61,23.19,23.41,23.47,11552100,22.7807
2015-03-23,23.07,22.7,22.77,22.71,10595700,22.043
2015-03-24,22.8,22.3,22.64,22.4,8262000,21.7421
2015-03-25,22.39,20.97,22.39,21.04,13563800,20.4221
2015-03-26,21.06,20.46,20.61,20.97,7798000,20.3541
2015-03-27,21.46,20.75,21.09,21.38,7940200,20.7521
2015-03-30,21.58,21.2,21.48,21.47,6331300,20.8394
2015-03-31,21.43,20.91,21.41,20.93,8931900,20.3153
2015-04-01,21.08,20.65,21.01,21.01,8228300,20.3929
2015-04-02,21.19,20.88,21.13,21.06,4805100,20.4415
2015-04-06,21.74,20.75,20.97,21.67,12896600,21.0335
2015-04-07,22.1,21.55,21.67,21.86,10349100,21.218
2015-04-08,22.1,21.67,21.88,22.02,9160800,21.3733
2015-04-09,22.6,21.84,21.85,22.53,9485800,21.8683
2015-04-10,22.77,22.47,22.55,22.76,6468200,22.0915
2015-04-13,22.84,22.45,22.71,22.55,5918100,21.8877
2015-04-14,22.55,22.14,22.46,22.36,5441000,21.7033
2015-04-15,22.8,22.31,22.42,22.63,6089000,21.9653
2015-04-16,22.69,22.33,22.5,22.49,3882100,21.8295
2015-04-17,22.42,22.01,22.02,22.2,7340900,21.548
2015-04-20,22.44,22.05,22.3,22.09,5739500,21.4412
2015-04-21,22.36,21.95,22.36,22.06,5761400,21.4121
2015-04-22,22.34,21.85,22.19,22.31,5185500,21.6547
2015-04-23,22.43,21.65,21.9,22.22,6484500,21.5674
2015-04-24,22.22,21.78,22.21,22.03,6024000,21.383
2015-04-27,22.59,21.91,22.1,22.2,6211400,21.548
2015-04-28,22.39,21.95,22.16,22.31,5862100,21.6547
2015-04-29,22.37,22.05,22.15,22.14,4878900,21.4897
2015-04-30,22.31,21.98,22.03,22.2,5471100,21.548
2015-05-01,22.82,22.28,22.38,22.75,6424200,22.0818
2015-05-04,22.88,22.54,22.73,22.61,5018000,21.9459
2015-05-05,22.56,21.93,22.53,22.03,7323200,21.383
2015-05-06,22.36,21.81,22.15,22.1,7912100,21.4509
2015-05-07,22.56,21.94,22.01,22.49,13364100,21.8295
2015-05-08,21.84,20.49,21.01,20.83,28663800,20.2182
2015-05-11,20.84,20.38,20.54,20.63,13603600,20.0241
2015-05-12,21,20.47,20.48,20.83,9720000,20.2182
2015-05-13,21.14,20.75,20.98,20.95,7713100,20.3347
2015-05-14,21.4,20.96,21.01,21.29,7326300,20.6647
2015-05-15,21.48,21.17,21.38,21.3,5395600,20.6744
2015-05-18,21.4,21.15,21.25,21.27,8121800,20.6453
2015-05-19,21.27,21,21.2,21.04,6345200,20.5156
2015-05-20,21.3,21.02,21.05,21.04,4920600,20.5156
2015-05-21,21.14,20.87,21.05,20.89,5992300,20.3693
2015-05-22,21.02,20.81,20.94,20.86,5314800,20.3401
2015-05-26,20.9,20.57,20.76,20.73,6493300,20.2133
2015-05-27,21.94,20.8,20.87,21.84,10808300,21.2957
2015-05-28,22.21,21.8,21.84,22.14,8191400,21.5882
2015-05-29,22.28,22.1,22.14,22.13,8324900,21.5784
2015-06-01,22.6,22.13,22.27,22.38,9316500,21.8222
2015-06-02,22.36,21.92,22.24,21.94,5544000,21.3932
2015-06-03,22.17,21.66,22,21.7,6269700,21.1592
2015-06-04,22.16,21.57,21.57,22.09,8092800,21.5394
2015-06-05,22.36,21.79,22.02,22.26,7833000,21.7052
2015-06-08,22.34,21.5,22.19,21.75,8549500,21.2079
2015-06-09,22.02,21.73,21.77,21.86,6422200,21.3152
2015-06-10,21.74,21.35,21.6,21.47,13236500,20.9349
2015-06-11,21.85,21.47,21.47,21.7,7076300,21.1592
2015-06-12,21.69,21.06,21.56,21.11,8093200,20.5839
2015-06-15,21.17,20.84,21,21.07,7663700,20.5449
2015-06-16,21.36,20.82,21.03,21.33,6422300,20.7984
2015-06-17,21.7,21.27,21.32,21.58,5838600,21.0422
2015-06-18,22.08,21.7,21.76,21.94,7485100,21.3932
2015-06-19,22.12,21.67,21.94,21.87,8891400,21.3249
2015-06-22,22.03,21.45,21.91,21.78,12855900,21.2372
2015-06-23,21.99,21.05,21.82,21.22,10351600,20.6911
2015-06-24,21.3,20.91,21.19,21.01,6334200,20.4864
2015-06-25,21.3,21.01,21.01,21.17,8761500,20.6424
2015-06-26,21.02,20.65,21,20.74,10532400,20.2231
2015-06-29,20.71,20.09,20.5,20.12,9793100,19.6185
2015-06-30,20.33,19.97,20.24,20.11,7897900,19.6088
2015-07-01,20.9,20.22,20.61,20.4,7572300,19.8916
2015-07-02,20.55,20.29,20.39,20.42,3644100,19.9111
2015-07-06,20.53,20.02,20.25,20.17,5369400,19.6673
2015-07-07,20.13,19.16,20.05,19.79,14856300,19.2968
2015-07-08,19.8,19.49,19.68,19.65,8312300,19.1603
2015-07-09,20.05,19.29,19.96,19.41,8939700,18.9262
2015-07-10,19.93,19.61,19.66,19.75,5417700,19.2578
2015-07-13,19.99,19.75,19.95,19.88,5311800,19.3845
2015-07-14,19.93,19.63,19.91,19.89,6230400,19.3943
2015-07-15,19.97,19.57,19.84,19.75,6643300,19.2578
2015-07-16,20.19,19.8,19.87,20.19,7071200,19.6868
2015-07-17,20.14,19.81,20.12,20.07,5509300,19.5698
2015-07-20,20.15,19.65,20.07,19.7,4710300,19.209
2015-07-21,20.07,19.66,19.66,19.79,3743000,19.2968
2015-07-22,19.65,19.17,19.65,19.41,8911800,18.9262
2015-07-23,19.94,19.41,19.45,19.65,4247900,19.1603
2015-07-24,19.81,19.34,19.79,19.42,4721100,18.936
2015-07-27,19.53,19.09,19.25,19.31,4810500,18.8287
2015-07-28,19.86,19.16,19.36,19.73,4957700,19.2383
2015-07-29,20.13,19.61,19.69,19.97,5817000,19.4723
2015-07-30,20.22,19.92,19.92,20.02,4754500,19.521
2015-07-31,20.11,19.83,20.1,19.95,5458500,19.4528
2015-08-03,20.31,19.85,20.11,20.29,9928300,19.7843
2015-08-04,20.43,20.14,20.22,20.37,6502500,19.8623
2015-08-05,20.89,20.54,20.87,20.58,5865700,20.0671
2015-08-06,20.68,20.11,20.53,20.45,16391900,19.9403
2015-08-07,23.37,21.88,22.46,22.98,35131200,22.4073
2015-08-10,23.95,22.68,22.82,23.78,16557600,23.1873
2015-08-11,23.89,23.43,23.43,23.66,10858300,23.0703
2015-08-12,23.89,23.28,23.28,23.72,9601200,23.1288
2015-08-13,23.8,23.46,23.75,23.52,6922100,22.9338
2015-08-14,23.68,23.36,23.5,23.54,5364000,22.9533
2015-08-17,23.5,23.1,23.5,23.39,6847000,22.807
2015-08-18,23.38,22.9,23.22,23.08,7177100,22.599
2015-08-19,23.31,22.74,23.05,22.99,6231200,22.5108
2015-08-20,22.84,22.05,22.73,22.16,10673300,21.6981
2015-08-21,22.37,21.45,22,21.47,9566600,21.0225
2015-08-24,21.83,20,20.27,20.71,17057100,20.2784
2015-08-25,21.7,20.28,21.62,20.28,15567100,19.8573
2015-08-26,21.83,20.78,20.94,21.81,15374400,21.3554
2015-08-27,22.64,21.91,22.04,22.63,11594100,22.1583
2015-08-28,22.87,22.47,22.63,22.73,8023600,22.2563
2015-08-31,22.78,22.39,22.62,22.48,5459400,22.0115
2015-09-01,22.2,21.4,21.83,21.56,8835200,21.1106
2015-09-02,22.22,21.78,22.15,22.21,8601100,21.7471
2015-09-03,22.65,22.23,22.54,22.27,6563900,21.8058
2015-09-04,22.24,21.74,21.89,21.75,7199300,21.2967
2015-09-08,22.77,22.19,22.28,22.68,5961200,22.2073
2015-09-09,22.94,22.18,22.75,22.23,7226500,21.7667
2015-09-10,22.86,22,22.1,22.58,8926900,22.1094
2015-09-11,22.8,22.24,22.33,22.65,7539600,22.1779
2015-09-14,22.83,22.57,22.76,22.69,4811500,22.2171
2015-09-15,23.06,22.63,22.7,22.94,8177900,22.4619
2015-09-16,23.23,22.73,22.9,23.1,4337700,22.6186
2015-09-17,23.71,23.26,23.5,23.31,6717800,22.8242
2015-09-18,23.49,22.85,22.99,23.29,8123900,22.8046
2015-09-21,23.58,23.2,23.32,23.53,7046000,23.0396
2015-09-22,23.18,22.77,23.02,22.89,5708900,22.4129
2015-09-23,23.14,22.82,22.91,23,4040800,22.5206
2015-09-24,23.68,22.5,22.86,23.44,9561000,22.9515
2015-09-25,24.07,23.38,23.73,23.61,9242300,23.1179
2015-09-28,23.76,23.15,23.61,23.3,9889600,22.8144
2015-09-29,23.75,23.22,23.55,23.71,9518400,23.2158
2015-09-30,24.68,23.79,23.93,24.65,13859800,24.1362
2015-10-01,24.72,23.47,24.65,24.17,12232400,23.6662
2015-10-02,24.8,23.79,24.04,24.8,9653600,24.2831
2015-10-05,25.73,24.83,24.96,25.42,12050600,24.8902
2015-10-06,25.86,25.05,25.15,25.75,11330400,25.2133
2015-10-07,26.28,25.39,25.81,26.02,7753800,25.4777
2015-10-08,26.24,25.47,25.91,26.17,11501700,25.6246
2015-10-09,26.28,25.58,26.03,26.07,10581200,25.5266
2015-10-12,26.5,25.91,26.1,26.35,5689700,25.8008
2015-10-13,26.56,26.05,26.14,26.4,7461100,25.8498
2015-10-14,27.79,26.4,26.43,27.36,15303700,26.7898
2015-10-15,27.99,27.13,27.41,27.43,13151200,26.8583
2015-10-16,28.12,27.45,27.52,27.86,11209900,27.2793
2015-10-19,28.08,27.49,27.95,27.81,7367800,27.2304
2015-10-20,27.9,27.48,27.69,27.77,6610700,27.1912
2015-10-21,28.11,27.36,27.94,27.41,9657000,26.8387
2015-10-22,28.49,27.69,27.73,28.4,7672100,27.8081
2015-10-23,28.78,28.22,28.65,28.59,9544400,27.9941
2015-10-26,28.68,28.2,28.61,28.46,6185900,27.8668
2015-10-27,28.62,28.3,28.32,28.44,5206700,27.8473
2015-10-28,28.67,28.2,28.62,28.67,5425900,28.0725
2015-10-29,28.5,27.63,28.21,27.68,8176300,27.1031
2015-10-30,28.57,27.77,27.98,28.37,7529000,27.7787
2015-11-02,28.73,28.29,28.46,28.7,4752200,28.1018
2015-11-03,28.69,28.18,28.53,28.5,9419200,27.906
2015-11-04,28.63,27.9,28.42,28.03,11050200,27.4458
2015-11-05,28.25,27.63,28.17,27.71,11970000,27.1325
2015-11-06,31.94,29.82,30.45,31.55,29306800,30.8924
2015-11-09,31.5,30.97,31.24,31.41,12314200,30.7554
2015-11-10,31.17,30.15,31,30.81,13806500,30.1679
2015-11-11,31.05,30.4,30.83,30.51,15497400,29.8741
2015-11-12,30.72,30.27,30.44,30.4,7277000,29.7664
2015-11-13,30.56,29.65,30.43,29.8,7323500,29.1789
2015-11-16,30.42,29.95,30.19,30.4,8607000,29.7664
2015-11-17,30.66,30.27,30.48,30.4,6426200,29.7664
2015-11-18,31.07,30.08,30.41,31.03,8755400,30.4986
2015-11-19,31.43,30.89,31.14,31.12,6351800,30.5871
2015-11-20,31.57,31.16,31.35,31.39,5993600,30.8525
2015-11-23,31.65,30.81,31.65,30.92,6063800,30.3905
2015-11-24,31.44,30.78,30.92,31.17,4885700,30.6362
2015-11-25,31.48,31.02,31.11,31.13,3457500,30.5969
2015-11-27,31.49,31.03,31.19,31.39,2174900,30.8525
2015-11-30,31.86,31.39,31.42,31.72,8181100,31.1768
2015-12-01,32.78,31.97,32,32.75,10237400,32.1892
2015-12-02,33.14,32.43,32.8,32.5,7356000,31.9435
2015-12-03,33.1,32.27,32.76,32.43,6166400,31.8747
2015-12-04,33.81,32.43,32.43,33.75,11468900,33.1721
2015-12-07,33.74,33.01,33.74,33.11,8339700,32.543
2015-12-08,33.7,32.49,32.7,33.56,7862200,32.9853
2015-12-09,33.75,32.37,33.55,32.71,9316900,32.1499
2015-12-10,33.16,32.7,32.81,32.98,5902200,32.4153
2015-12-11,32.88,32.42,32.65,32.49,5683000,31.9337
2015-12-14,32.75,32.18,32.52,32.57,6897300,32.0123
2015-12-15,33.2,32.76,32.94,32.97,7682400,32.4054
2015-12-16,33.28,32.75,33.04,33.17,5908900,32.602
2015-12-17,33.56,32.65,33.22,32.67,6354000,32.1106
2015-12-18,32.77,32.1,32.44,32.14,9897400,31.5896
2015-12-21,32.93,32.2,32.49,32.9,7105400,32.3366
2015-12-22,33.26,32.73,33,32.93,3233800,32.3661
2015-12-23,33.19,32.92,32.98,33.06,3063100,32.4939
2015-12-24,33.25,32.91,32.96,33.17,1311200,32.602
2015-12-28,33.14,32.36,32.82,33.14,3550600,32.5725
2015-12-29,33.78,33.07,33.16,33.68,5091500,33.1033
2015-12-30,33.94,33.38,33.65,33.39,4508600,32.8182
2015-12-31,33.49,32.96,33.34,32.96,3713200,32.3956
2016-01-04,32.58,32.04,32.29,32.37,8951900,31.8157
2016-01-05,33.44,32.5,32.98,32.89,12256800,32.3268
2016-01-06,32.5,31.16,32.35,31.53,11233600,30.9901
2016-01-07,30.95,29.88,30.74,30.28,16132600,29.7615
2016-01-08,30.7,29.57,30.67,29.63,9961800,29.1226
2016-01-11,29.89,29.15,29.66,29.68,10234300,29.1718
2016-01-12,30.62,29.97,30.21,30.18,11733900,29.6632
2016-01-13,30.61,29.23,30.41,29.26,12041800,28.759
2016-01-14,29,27.82,28.66,28.67,15005900,28.1791
2016-01-15,27.85,26.64,27.52,27.11,21036300,26.6458
2016-01-19,28.45,27.22,27.67,27.33,11428500,26.862
2016-01-20,27.83,26.45,26.81,27.48,12029500,27.0094
2016-01-21,28.23,27.21,27.78,27.8,12036400,27.324
2016-01-22,28.64,28.27,28.33,28.45,6449900,27.9628
2016-01-25,28.77,28.36,28.44,28.42,6768200,27.9333
2016-01-26,28.82,28.19,28.48,28.7,5698600,28.2085
2016-01-27,28.75,27.82,28.66,28.36,5792500,27.8744
2016-01-28,28.69,27.5,28.59,28.05,6919400,27.5697
2016-01-29,29.35,28.18,28.29,29.29,7762600,28.7884
2016-02-01,29.45,29.01,29.26,29.3,7247100,28.7983
2016-02-02,29.15,27.86,29,28.06,8547700,27.5795
2016-02-03,28.45,27.55,28.28,28.2,8169300,27.7171
2016-02-04,28.85,27.93,28.24,28.21,8684600,27.7269
2016-02-05,28.33,26.35,28.02,26.43,15010700,25.9774
2016-02-08,26.16,24.85,26.03,25.22,15221300,24.7881
2016-02-09,26.55,24.8,24.92,25.49,10572700,25.0535
2016-02-10,26.39,25.29,25.65,25.43,8395000,24.9945
2016-02-11,25.56,24.78,24.78,25.3,8503600,24.8668
2016-02-12,25.78,24.75,25.7,25.73,8520400,25.2894
2016-02-16,27.03,26.02,26.1,26.99,12133800,26.5278
2016-02-17,27.92,27.22,27.33,27.66,19286700,27.1864
2016-02-18,30.98,29.9,29.93,30.04,26716500,29.5256
2016-02-19,30.71,29.65,29.88,30.44,13140700,29.9188
2016-02-22,31.87,30.82,30.88,31.52,11241700,30.9803
2016-02-23,31.9,31.12,31.27,31.6,9234500,31.0589
2016-02-24,31.87,30.6,31.47,31.82,8421300,31.2751
2016-02-25,32.05,31.32,31.94,31.89,8727900,31.3439
2016-02-26,32.12,31.36,32.04,31.68,9049100,31.1375
2016-02-29,32.02,31.34,31.61,31.36,8083600,30.9353
2016-03-01,32.75,31.39,31.44,32.75,8717500,32.3065
2016-03-02,33.06,32.51,32.57,32.94,5845300,32.4939
2016-03-03,33.04,32.21,32.9,32.65,7544400,32.2078
2016-03-04,32.93,32.3,32.9,32.55,4382600,32.1092
2016-03-07,32.59,31.92,32.37,32.34,5999200,31.902
2016-03-08,32.2,31.65,32.01,31.75,6873500,31.32
2016-03-09,32.08,31.32,32.03,31.73,5569700,31.3003
2016-03-10,32.1,31.04,31.92,31.68,7135600,31.251
2016-03-11,32.23,31.77,32.15,32.22,6935000,31.7836
2016-03-14,32.43,31.92,32.07,32.3,4757800,31.8626
2016-03-15,32.34,31.57,32.13,32.14,5655400,31.7047
2016-03-16,33.21,31.75,31.9,33.1,9091100,32.6517
2016-03-17,33.14,32.37,32.98,32.82,8842000,32.3755
2016-03-18,34.25,33,33.21,33.81,13637800,33.3521
2016-03-21,33.92,33.15,33.51,33.91,8444500,33.4508
2016-03-22,34.09,33.43,33.8,33.85,6050300,33.3916
2016-03-23,34.68,33.85,34,34.43,10725200,33.9637
2016-03-24,34.54,34.01,34.12,34.48,6123900,34.013
2016-03-28,34.98,34.38,34.42,34.83,6634700,34.3583
2016-03-29,35.47,34.6,34.68,35.39,6543400,34.9107
2016-03-30,36.25,35.5,35.52,35.76,9417500,35.2757
2016-03-31,36,35.35,35.92,35.63,9497100,35.1475
2016-04-01,36.17,35.14,35.41,36.15,8707300,35.6604
2016-04-04,36.64,35.66,36.45,35.8,9848500,35.3152
2016-04-05,36.08,35.34,35.48,35.75,8489200,35.2658
2016-04-06,35.82,34.63,35.3,35.8,11321200,35.3152
2016-04-07,35.89,35.28,35.57,35.43,9452600,34.9502
2016-04-08,35.95,35.31,35.72,35.66,6398400,35.1771
2016-04-11,36.47,35.76,35.87,35.88,9688100,35.3941
2016-04-12,36.05,35.14,36,35.84,7313600,35.3546
2016-04-13,36.75,36,36,36.74,8767900,36.2424
2016-04-14,37,36.49,36.64,36.84,10409800,36.3411
2016-04-15,37.46,36.71,36.83,37.13,10924300,36.6272
2016-04-18,37.06,36.61,37.06,36.97,7680600,36.4693
2016-04-19,37.18,36.08,37.11,36.31,7728800,35.8183
2016-04-20,36.67,36.21,36.25,36.45,5004300,35.9564
2016-04-21,36.63,36.25,36.46,36.41,4457000,35.9169
2016-04-22,36.78,36.15,36.53,36.27,5588500,35.7788
2016-04-25,36.65,36.18,36.28,36.45,4799300,35.9564
2016-04-26,37.09,36.32,36.67,36.48,5363400,35.986
2016-04-27,37.33,36.32,36.39,37.31,8809900,36.8047
2016-04-28,37.3,36.11,37.08,36.2,9530600,35.7097
2016-04-29,36.13,35.14,36.05,35.53,8047600,35.0488
2016-05-02,36.22,35.7,35.87,36,6401900,35.5125
2016-05-03,35.74,35.26,35.59,35.57,5600600,35.0883
2016-05-04,35.17,34.4,35.14,34.76,13133100,34.2892
2016-05-05,35.38,34.71,35.05,34.97,6172100,34.4964
2016-05-06,35.42,34.84,34.91,35.33,4581000,34.8515
2016-05-09,35.57,34.99,35.42,35.28,8333400,34.8022
2016-05-10,36.02,35.16,35.5,35.96,6712100,35.473
2016-05-11,36.46,35.87,36.07,36.06,8204400,35.5716
2016-05-12,36.48,34.93,36.32,35.57,16763500,35.0883
2016-05-13,41,39,39.19,40.98,52756400,40.425
2016-05-16,42.8,40.54,40.67,42.19,24325800,41.6186
2016-05-17,42.58,41.46,42,42.28,15709800,41.7074
2016-05-18,43.85,42,42,43.36,13526800,42.7728
2016-05-19,43.86,43.13,43.19,43.55,9972000,42.9602
2016-05-20,44.51,43.75,43.82,44.33,9777100,43.7296
2016-05-23,44.69,44.13,44.52,44.4,10324100,43.7987
2016-05-24,45.5,44.3,44.42,45.36,10394700,44.8619
2016-05-25,45.69,44.81,45.5,45.17,11451900,44.674
2016-05-26,45.98,45.12,45.25,45.65,7726200,45.1487
2016-05-27,45.97,45.55,45.7,45.9,6935400,45.396
2016-05-31,46.82,46.07,46.1,46.72,10313100,46.207
2016-06-01,47.26,46.36,46.5,46.81,9678300,46.296
2016-06-02,47.54,46.6,47.06,47.14,8176500,46.6223
2016-06-03,46.74,45.66,46.68,46.48,11526900,45.9696
2016-06-06,46.96,46,46.6,46.24,8062800,45.7322
2016-06-07,46.78,46.31,46.52,46.33,4835000,45.8212
2016-06-08,46.51,45.8,46.34,46.18,5865400,45.6729
2016-06-09,47.45,45.92,46.02,47.38,11804200,46.8597
2016-06-10,47.24,46.14,46.82,46.2,10000600,45.6927
2016-06-13,47.7,46.25,46.25,46.79,11889700,46.2762
2016-06-14,47.1,46.16,46.68,46.88,7458600,46.3652
2016-06-15,47.77,46.75,47.27,47.36,7525900,46.8399
2016-06-16,47.63,46.55,47.01,47.55,6161400,47.0278
2016-06-17,47.62,46.53,47.61,46.72,11775000,46.207
2016-06-20,48.17,47.44,47.47,47.56,7344200,47.0377
2016-06-21,47.89,47.2,47.76,47.27,5312700,46.7509
2016-06-22,47.68,47.15,47.37,47.23,5065500,46.7113
2016-06-23,48.54,47.65,47.68,48.49,7447000,47.9575
2016-06-24,47.36,45.3,46.5,45.73,25442100,45.2278
2016-06-27,45.7,44.57,45.35,45.24,11227200,44.7432
2016-06-28,46.15,45.27,46.1,45.9,9548000,45.396
2016-06-29,47.01,46.18,46.3,46.65,7973300,46.1377
2016-06-30,47.3,46.35,46.73,47.01,10773500,46.4938
2016-07-01,47.36,46.5,46.75,46.66,5462200,46.1476
2016-07-05,47.43,46.03,46.4,47.35,9277100,46.83
2016-07-06,47.93,46.78,47.02,47.65,6827600,47.1267
2016-07-07,49.06,47.75,47.97,48.89,9871400,48.3531
2016-07-08,51.09,49.22,49.41,50.85,12048300,50.2916
2016-07-11,52.4,51.52,51.58,52.02,11219400,51.4487
2016-07-12,53.28,51.94,52.6,52.8,10919000,52.2202
2016-07-13,53.2,52.7,52.9,52.78,8115100,52.2004
2016-07-14,53.8,52.62,53.06,53.32,7922300,52.7345
2016-07-15,52.94,51.84,52.64,52.7,10715400,52.1213
2016-07-18,53.43,52.77,53.35,52.97,6324800,52.3883
2016-07-19,53.73,52.84,52.94,53.52,9566300,52.9323
2016-07-20,54.51,53.48,53.7,54.22,7411500,53.6246
2016-07-21,54.27,53.04,54.1,53.22,9032700,52.6356
2016-07-22,54.67,53.02,53.41,54.67,7894200,54.0696
2016-07-25,55.81,54.76,55,55.68,7813200,55.0686
2016-07-26,56.92,56.09,56.17,56.63,12862700,56.0081
2016-07-27,57.22,55.72,57.12,56.06,11122600,55.4444
2016-07-28,56.6,56.01,56.19,56.18,5547900,55.5631
2016-07-29,57.25,55.38,56.39,57.1,10239700,56.473
2016-08-01,57.55,56.36,57.34,56.73,7528000,56.107
2016-08-02,57.03,55.5,57,56.04,7068700,55.4246
2016-08-03,56.3,55.66,55.97,56.19,7495700,55.573
2016-08-04,57.49,56.35,56.46,57.23,6788000,56.6015
2016-08-05,58.23,57.61,57.89,58.2,9289700,57.5609
2016-08-08,59.14,58.12,59,58.74,7626600,58.095
2016-08-09,59.46,58.74,59.03,58.89,9308600,58.2433
2016-08-10,59.5,58.32,59.41,58.51,9393500,57.8675
2016-08-11,59.95,58.7,58.82,59.7,15741200,59.0444
2016-08-12,63.38,60.63,61.9,63.04,35643600,62.3477
2016-08-15,63.5,62.13,63.11,62.98,14332600,62.2884
2016-08-16,62.99,62.41,62.89,62.6,7191300,61.9126
2016-08-17,62.74,60.66,62.6,61.15,14880300,60.4785
2016-08-18,62.2,60.82,61.06,62.1,8292100,61.4181
2016-08-19,62.73,61.8,62.07,62.26,7289000,61.5763
2016-08-22,62.61,61.71,62.45,62.52,6118700,61.8335
2016-08-23,63.32,62.73,63.04,62.91,8494100,62.3338
2016-08-24,63.16,61.65,63.13,61.94,7461200,61.3727
2016-08-25,61.99,60.76,61.96,61.53,10150800,60.9665
2016-08-26,62.38,61.2,61.69,62.03,7500600,61.4619
2016-08-29,62.53,61.89,62.28,61.99,6848800,61.4222
2016-08-30,62.24,61.46,61.91,61.63,7138600,61.0655
2016-08-31,61.92,61.16,61.75,61.34,9713600,60.7782
2016-09-01,63.38,61.34,61.39,63.15,10712300,62.5716
2016-09-02,63.35,61.82,63.28,62.53,8078700,61.9573
2016-09-06,63.12,62.43,62.75,63.12,7670300,62.5419
2016-09-07,63.23,61.83,62.92,62.19,9949700,61.6204
2016-09-08,62.74,61.42,62.13,62.64,7872500,62.0663
2016-09-09,62.3,59,61.95,59.52,17444000,58.9749
2016-09-12,60.87,57.32,58.73,60.75,14956500,60.1936
2016-09-13,61.3,59.53,60.6,59.87,11794200,59.3217
2016-09-14,60.6,59.51,60.01,60.4,7976200,59.8468
2016-09-15,62.76,60.36,60.5,62.69,12880300,62.1158
2016-09-16,63.25,62.12,62.91,62.84,22561100,62.2645
2016-09-19,65.26,63.21,63.5,63.67,10407000,63.0869
2016-09-20,64.4,62.74,64.4,63.09,8277800,62.5122
2016-09-21,64.98,63.27,63.28,64.86,8405300,64.266
2016-09-22,65.44,64.65,65.24,65.02,7718300,64.4245
2016-09-23,65.29,64.66,65.1,64.95,6903300,64.3551
2016-09-26,64.6,63.53,64.21,64.34,5751000,63.7507
2016-09-27,66.64,64.06,64.09,66.54,10068800,65.9306
2016-09-28,66.83,65.93,66.64,66.78,7994700,66.1684
2016-09-29,67.61,66.05,66.67,67.4,8417100,66.7827
2016-09-30,69.19,67.37,67.77,68.52,10748300,67.8924
2016-10-03,69.51,68.33,68.52,68.45,6064900,67.8231
2016-10-04,69.7,67.79,68.55,68.3,7040600,67.6745
2016-10-05,69.58,68.02,68.88,68.23,7636000,67.6051
2016-10-06,67.83,66.26,67.41,67.34,9005300,66.7232
2016-10-07,67.97,66.66,67.79,66.85,7156500,66.2377
2016-10-10,67.56,66.47,67.2,67.1,7183200,66.4854
2016-10-11,66.98,65.62,66.88,66.13,9713500,65.5243
2016-10-12,66.78,65.31,65.86,66.43,10498000,65.8216
2016-10-13,65.8,63.7,65.65,65.35,9752900,64.7515
2016-10-14,66.6,65.6,66.15,65.99,8265900,65.3856
2016-10-17,66.6,65.52,65.98,65.61,4883200,65.0091
2016-10-18,66.99,66.25,66.52,66.61,6713500,65.9999
2016-10-19,66.78,65.82,66.16,66.47,4976500,65.8612
2016-10-20,67.95,66.3,67.25,67.73,7802100,67.1097
2016-10-21,67.66,66.9,67.49,67.54,6987700,66.9214
2016-10-24,70.79,67.99,68,70.71,8495900,70.0624
2016-10-25,72.3,70.25,70.59,71.87,9936500,71.2118
2016-10-26,72.95,71.2,71.27,72.16,8344800,71.4991
2016-10-27,72.85,70.39,72.71,70.68,9716600,70.0327
2016-10-28,72.1,70.43,71.02,70.56,7271400,69.9137
2016-10-31,71.63,70.75,70.79,71.16,6309700,70.5083
2016-11-01,71.81,68.29,71.42,69.05,11830600,68.4176
2016-11-02,70.52,68.64,69.58,68.76,7396200,68.1302
2016-11-03,69.14,66.64,69.08,67.96,7741600,67.3376
2016-11-04,68.73,66.58,67.51,67.57,8219500,66.9511
2016-11-07,71.72,69.5,69.55,71.27,12189500,70.6172
2016-11-08,71.77,70.5,71.54,71.16,10717500,70.5083
2016-11-09,70.9,68.72,69.23,69.96,11413300,69.3193
2016-11-10,71.5,66.76,71.49,67.77,21732000,67.1493
2016-11-11,88.77,78.5,79.51,87.97,54383600,87.1643
2016-11-14,88.19,83.62,88.09,83.64,33702100,82.8739
2016-11-15,87.45,83.93,84.29,86.19,15652300,85.4006
2016-11-16,92.56,86.35,87.34,91.63,24676400,90.7908
2016-11-17,94.79,90.65,92.31,92.39,20824700,91.5438
2016-11-18,94.33,91.8,92.39,93.36,14401500,92.5049
2016-11-21,94.35,92.4,94.09,92.98,10910900,92.1284
2016-11-22,93.74,92.38,93.3,93.65,8259200,92.7923
2016-11-23,95.25,92.77,93.72,93.97,11044000,93.2487
2016-11-25,95.1,93.41,94.42,94.16,4889100,93.4373
2016-11-28,94.74,93.6,93.87,94.11,6968400,93.3877
2016-11-29,94.44,92.53,94,93.25,11114200,92.5343
2016-11-30,94.16,92.1,93.6,92.2,11012500,91.4923
2016-12-01,92.17,84.77,92.1,87.64,25888100,86.9673
2016-12-02,88.8,85.12,86.25,88.45,11957300,87.7711
2016-12-05,92.61,89,89.99,91.88,15057100,91.1748
2016-12-06,93.73,91.57,92.21,93.39,12469900,92.6732
2016-12-07,95.3,92.1,92.84,95.07,12020100,94.3403
2016-12-08,96.62,93.05,95.19,93.48,9538600,92.7625
2016-12-09,94.27,90.71,94.2,91.82,9557800,91.1152
2016-12-12,89.95,87.54,89.85,89.59,15033300,88.9024
2016-12-13,92.29,90.05,90.09,91.17,9694900,90.4702
2016-12-14,97.11,91.57,92.54,96.45,24599500,95.7097
2016-12-15,99.94,96.6,96.9,98.71,18663700,97.9524
2016-12-16,100.7,97.73,99.83,100.41,26861700,99.6393
2016-12-19,102.45,99,99.7,101.63,18616400,100.85
2016-12-20,106.13,104.12,104.58,105.17,21201400,104.363
2016-12-21,105.95,103.71,105.64,105.83,14403400,105.018
2016-12-22,108.87,106.53,106.82,107.11,17965300,106.288
2016-12-23,109.84,106.27,106.38,109.78,16168700,108.937
2016-12-27,117.36,111.22,112.06,117.32,29856800,116.42
2016-12-28,119.93,108.69,119.6,109.25,57394100,108.411
2016-12-29,111.49,102.8,104.9,111.43,54036800,110.575
2016-12-30,111.92,106.3,111.35,106.74,30323300,105.921
2017-01-03,106.37,99.38,104.4,102.01,37549900,101.227
2017-01-04,105.5,101.53,103.4,104.39,29980500,103.589
2017-01-05,105.82,101.05,104.53,101.74,24607400,100.959
2017-01-06,104.25,101.2,102.85,103.1,20571400,102.309
2017-01-09,108,103.5,103.5,107.28,22857700,106.457
2017-01-10,109.19,105.63,107.81,106.47,22023000,105.653
2017-01-11,106.2,104.15,106,105.16,13141600,104.353
2017-01-12,104.7,101.62,104.23,103.44,15640400,102.646
2017-01-13,105,103.06,103.6,103.43,11445500,102.636
2017-01-17,103.2,100.57,103,101.11,14497600,100.334
2017-01-18,103.23,99.11,100.24,102.95,16360600,102.16
2017-01-19,106.46,102.98,103.07,105.16,16121800,104.353
2017-01-20,106.8,103.12,106.08,104.01,12300600,103.212
2017-01-23,105.9,103.7,103.8,105.09,9247600,104.283
2017-01-24,107.58,104.9,105.5,107.33,10701300,106.506
2017-01-25,109.3,106.33,109.05,107.79,13069000,106.963
2017-01-26,109.95,106.7,107.9,109.65,11470000,108.808
2017-01-27,111.89,108.85,109.93,111.77,11799900,110.912
2017-01-30,111.01,107.91,110.92,110.02,12400100,109.176
2017-01-31,110.05,108.2,108.95,109.18,9068900,108.342
2017-02-01,114.12,109.86,110.58,113.95,14750100,113.075
2017-02-02,115.74,112.06,113.3,115.39,12081000,114.504
2017-02-03,115.9,113.9,115.45,114.38,9318600,113.502
2017-02-06,117.33,114,114,117.31,12669200,116.41
2017-02-07,120.92,117.9,118.7,119.13,18655600,118.216
2017-02-08,119.31,116.38,118.4,118.61,11239500,117.7
2017-02-09,119.06,115.6,118.86,116.38,21064200,115.487
2017-02-10,120.7,112.6,119.93,113.62,41277300,112.748
2017-02-13,113.98,108.2,113.39,108.38,29518100,107.548
2017-02-14,110.15,106.29,107.99,108.78,21247300,107.945
2017-02-15,109.8,107.76,108.9,109,9325500,108.163
2017-02-16,109.44,105.66,109.39,107.25,16179400,106.427
2017-02-17,107.41,104.79,106.7,107.23,14093500,106.407
2017-02-21,111.23,108.22,108.23,111.07,13798800,110.217
2017-02-22,111.8,109.99,111.42,110.76,10844300,110.049
2017-02-23,106.39,99.68,105.5,100.49,39822200,99.8446
2017-02-24,102,95.7,97.07,101.46,25747600,100.808
2017-02-27,105.02,101.56,102.2,104.41,17885000,103.739
2017-02-28,105.2,100.78,104.8,101.48,15634000,100.828
2017-03-01,104.37,101.11,103.79,102.79,12620100,102.13
2017-03-02,102.84,98.89,102.27,99,18858300,98.3641
2017-03-03,98.77,96.22,98.57,98.43,21617300,97.7978
2017-03-06,98.1,95.17,96.96,97.67,22089200,97.0427
2017-03-07,99.53,97.15,97.67,98.74,15085000,98.1058
2017-03-08,101.3,98.47,100.7,98.56,15967800,97.9269
2017-03-09,99.45,97.4,97.91,98.54,11951500,97.9071
2017-03-10,100.09,98.38,99.61,99.12,12493500,98.4834
2017-03-13,102.25,99.51,99.54,101.85,19353400,101.196
2017-03-14,102.75,100.47,102.37,101.78,13050400,101.126
2017-03-15,102.99,100.32,102.25,102.55,15375900,101.891
2017-03-16,103.83,102.41,102.98,103.81,13077500,103.143
2017-03-17,106.12,103.81,104.52,106.07,27992200,105.389
2017-03-20,109.61,106.13,106.78,109.45,18714200,108.747
2017-03-21,109.96,105.59,108.75,105.91,22837100,105.23
2017-03-22,108.26,105.3,105.46,108.07,15419100,107.376
2017-03-23,108.56,106.7,107.75,107.09,13348500,106.402
2017-03-24,109.29,106.42,108.97,107.47,10987500,106.78
2017-03-27,108.41,103.58,105.58,108.25,12666100,107.555
2017-03-28,108.89,107.27,108.3,107.69,10811100,106.998
2017-03-29,108.49,107.25,107.99,107.34,8749800,106.651
2017-03-30,110,107.4,107.63,109.4,13138300,108.697
2017-03-31,109.89,108.4,109.01,108.93,11020200,108.23
2017-04-03,109.65,107.42,108.95,108.38,11130800,107.684
2017-04-04,104.42,100.34,103.4,100.78,31782000,100.133
2017-04-05,102.37,99.5,100.02,100.03,18676200,99.3875
2017-04-06,101.25,98.41,100.24,100.76,15878000,100.113
2017-04-07,101.73,99.72,101.02,100.33,10726700,99.6856
2017-04-10,100.63,97.6,100.36,97.77,18908300,97.142
2017-04-11,98.9,96.35,96.55,98.12,15453700,97.4898
2017-04-12,98.7,97.1,98.12,97.31,10352300,96.685
2017-04-13,97.21,95.49,96.33,95.49,12672300,94.8767
2017-04-17,99.24,95.8,96.01,99.23,12432300,98.5927
2017-04-18,99.54,97.6,98.65,99.29,9252900,98.6523
2017-04-19,100.98,99.41,100,99.68,9520700,99.0398
2017-04-20,101.45,99.41,100.27,101.26,10100400,100.61
2017-04-21,101.79,100.36,100.84,101.68,8547400,101.027
2017-04-24,103.48,102.11,102.96,102.95,9295500,102.289
2017-04-25,105.33,102.67,103.54,104.74,9711000,104.067
2017-04-26,105.39,103.94,105.29,104.02,8175100,103.352
2017-04-27,105.98,103.59,104.32,105.64,7992500,104.961
2017-04-28,105.64,104.07,105.36,104.3,8677600,103.63
2017-05-01,106.85,104.45,104.74,106.64,7693300,105.955
2017-05-02,105.6,102.56,105.55,103.48,15749300,102.815
2017-05-03,104.64,102.6,103.2,104.25,8422600,103.58
2017-05-04,104.95,103.53,104.5,103.85,5244700,103.183
2017-05-05,104.15,102.75,103.38,103.86,5710700,103.193
2017-05-08,104.4,102.31,104.34,102.77,9131000,102.11
2017-05-09,104.93,102.66,103,102.94,21191800,102.279
2017-05-10,121.82,114.02,114.29,121.29,53227400,120.511
2017-05-11,130.43,119.91,120.05,126.5,48494800,125.687
2017-05-12,129.6,125.78,126.63,127.89,24065500,127.069
2017-05-15,134.41,129.38,129.56,134.31,27188500,133.447
2017-05-16,137.44,133.36,136.38,136.81,28017500,135.931
2017-05-17,134.86,127.55,134.1,127.72,31784200,126.9
2017-05-18,133.43,127.05,129.5,133.07,28900800,132.215
2017-05-19,138.22,135.22,137.03,136,25459300,135.269
2017-05-22,139.48,137.33,137.77,138.9,20915200,138.153
2017-05-23,139.79,135.71,139.7,137.03,17031200,136.293
2017-05-24,141.07,138.08,140.96,138.57,20399900,137.825
2017-05-25,140.03,136.44,140,138.26,15205700,137.517
2017-05-26,145.28,137.11,137.93,141.84,19478500,141.077
2017-05-30,146.29,143.05,143.7,144.87,24741300,144.091
2017-05-31,147,142.05,146.69,144.35,22182900,143.574
2017-06-01,145.03,142.52,144.99,144.36,12583500,143.584
2017-06-02,145.3,143.4,144.24,143.64,12186400,142.868
2017-06-05,148.53,142.51,142.98,148.01,20434400,147.214
2017-06-06,149.69,146.8,147.82,147.34,18968200,146.548
2017-06-07,149.88,147.7,148.33,149.12,15315300,148.318
2017-06-08,160,151.79,153.46,159.94,28579300,159.08
2017-06-09,168.5,142.75,164.74,149.6,92323200,148.796
2017-06-12,151.7,142.11,145.88,149.97,42438300,149.164
2017-06-13,154.77,145.65,154.4,151.4,41812600,150.586
2017-06-14,154.06,148.5,151.52,151.72,29616000,150.904
2017-06-15,153.6,146.5,146.96,152.37,24095600,151.551
2017-06-16,154.7,150.24,152.76,151.62,23124000,150.805
2017-06-19,157.53,153.26,153.41,157.32,19454400,156.474
2017-06-20,161.74,156.92,159.03,157.09,27386100,156.245
2017-06-21,159.62,155.7,158.21,159.47,17066300,158.613
2017-06-22,160.34,157.4,159.8,158.37,11728300,157.519
2017-06-23,159.32,153.22,158.68,153.83,27214700,153.003
2017-06-26,156.6,148.33,155.16,152.15,26599000,151.332
2017-06-27,151.79,146.35,151.44,146.58,24987300,145.792
2017-06-28,151.94,145.75,149.32,151.75,24873700,150.934
2017-06-29,150.72,144.08,150.6,146.68,26610600,145.891
2017-06-30,147.93,143.5,147.38,144.56,18276500,143.783
2017-07-03,145.65,138.58,145.05,139.33,17726800,138.581
2017-07-05,144.22,141.13,141.9,143.05,20504700,142.281
2017-07-06,145.38,139.76,141.87,143.48,18657100,142.709
2017-07-07,147.5,144.85,145.78,146.76,16374300,145.971
2017-07-10,154,148.68,149.74,153.7,23962300,152.874
2017-07-11,156.19,152.15,153.85,155.88,18948900,155.042
2017-07-12,163,156.56,158.3,162.51,28630200,161.636
2017-07-13,166.3,158.75,163,160.63,34228300,159.766
2017-07-14,165.01,161.01,161.29,164.95,23548700,164.063
2017-07-17,167.5,161.75,166.33,164.25,23269800,163.367
2017-07-18,166.55,161.3,161.78,165.96,19416000,165.068
2017-07-19,167.4,164.61,166.33,165.1,17176100,164.212
2017-07-20,167.51,163.91,165.93,167.5,17489900,166.599
2017-07-21,169.3,166.09,166.67,168.1,16208300,167.196
2017-07-24,168.78,165.72,168.39,166.15,16313100,165.257
2017-07-25,165.93,163.58,165.22,165.35,12413900,164.461
2017-07-26,169.93,165.85,167.68,167.26,16010100,166.361
2017-07-27,168.74,157.56,168.27,161.74,19571400,160.87
2017-07-28,165.38,159.28,160.29,164.39,12833700,163.506
2017-07-31,166.4,160.62,164.94,162.51,13991800,161.636
2017-08-01,164.56,161,162.13,164.49,10784600,163.606
2017-08-02,165.91,161.27,165.75,164.39,11961100,163.506
2017-08-03,166.63,163.68,164.37,166.48,11060500,165.585
2017-08-04,170.07,166.48,167.4,167.21,14727400,166.311
2017-08-07,172.37,168,168.39,172.35,17935300,171.423
2017-08-08,174.56,168.71,173.89,170.3,18883400,169.384
2017-08-09,172.21,167.67,168.43,172.11,13269600,171.185
2017-08-10,172.66,164.33,172.16,164.74,33202200,163.854
2017-08-11,159,152.91,157.14,155.96,37429900,155.121
2017-08-14,168.55,159.2,159.67,168.4,31818000,167.495
2017-08-15,169.67,165.59,168.61,166.98,19113300,166.082
2017-08-16,168.54,163.84,167.59,165.15,14915800,164.262
2017-08-17,165.5,161.38,164.81,161.47,13136100,160.602
2017-08-18,164.36,159.64,163.67,161.5,15030100,160.632
2017-08-21,162.95,157.37,162.49,159.15,15591800,158.294
2017-08-22,162.79,159.71,160.49,162.55,11261400,161.818
2017-08-23,166.25,160.85,161.2,165.8,14488000,165.054
2017-08-24,167.28,164.12,167.1,165.19,11742500,164.447
2017-08-25,166.58,163.55,166.17,163.81,8930000,163.073
2017-08-28,165.1,162.33,164.58,164.97,9737400,164.227
2017-08-29,165.58,162.26,162.59,164.7,8102400,163.959
2017-08-30,166.13,164.27,165.5,165.68,9610000,164.934
2017-08-31,169.6,166.2,166.5,169.44,15317100,168.677
2017-09-01,171.9,169.6,169.95,170.46,11135800,169.693
2017-09-05,168.58,163.56,168.38,165.91,17384100,165.163
2017-09-06,167.8,164.4,167.24,165.81,9941800,165.064
2017-09-07,167.89,164.95,166.49,166.58,8821700,165.83
2017-09-08,166.71,162.71,166.11,163.69,12471400,162.953
2017-09-11,169.43,165.32,165.54,169,14186100,168.239
2017-09-12,170,166.97,170,169.61,10287200,168.847
2017-09-13,171.54,167.28,168.59,170.37,14524000,169.603
2017-09-14,172.56,167.8,168.79,169.4,12842800,168.638
2017-09-15,180.11,172.65,172.86,180.11,34119800,179.299
2017-09-18,191.2,184.86,185.14,187.55,42111500,186.706
2017-09-19,189.85,184.62,185.51,187.35,21857000,186.507
2017-09-20,189.42,184.21,187.5,185.84,18123000,185.004
2017-09-21,182.7,177.61,181.64,180.76,26890000,179.946
2017-09-22,182.31,178.6,180.3,179,12280800,178.194
2017-09-25,177.8,170.16,177.75,171,21864500,170.23
2017-09-26,178.68,170.35,176.45,171.96,28140500,171.186
2017-09-27,176.27,172.75,175.62,175.73,17843000,174.939
2017-09-28,176.18,173.76,176.02,175.68,10881100,174.889
2017-09-29,179.73,177.25,179.08,178.77,15477300,177.965
2017-10-02,181.98,177,180.8,179,12587000,178.194
2017-10-03,180.58,177.58,179.25,179.37,9758300,178.563
2017-10-04,181.77,178.14,179.62,180.87,10696200,180.056
2017-10-05,182,179.56,181.86,180.77,10934100,179.956
2017-10-06,181.84,179,179.65,181.3,7970000,180.484
2017-10-09,186.73,182.03,182.79,185.39,14087300,184.556
2017-10-10,192.95,187.26,191.43,188.93,24371900,188.08
2017-10-11,191,187.74,189.6,190.94,13237700,190.081
2017-10-12,193.09,189.93,191.08,191.03,13207300,190.17
2017-10-13,195,191.65,193.55,194.59,15718200,193.714
2017-10-16,198.05,193.24,195.8,197.93,14416000,197.039
2017-10-17,198.9,196.35,197.09,197.75,11964900,196.86
2017-10-18,198.14,193.32,198.11,197.58,14182900,196.691
2017-10-19,198,192.45,194.44,197.8,14269300,196.91
2017-10-20,199.59,196.54,198.49,196.9,11290500,196.014
2017-10-23,198.85,195.8,197.78,196.62,10717400,195.735
2017-10-24,198.75,195.94,196.99,198.68,10181100,197.786
2017-10-25,199.22,191.17,197.08,193.66,20704000,192.788
2017-10-26,196.16,193.81,194.78,195.69,8068600,194.809
2017-10-27,201.87,196.75,197.8,201.86,14304800,200.951
2017-10-30,206.09,201.22,201.86,203.84,12601400,202.923
2017-10-31,207.89,204.9,205.13,206.81,10297700,205.879
2017-11-01,209.97,204.6,209.35,207.2,12564400,206.267
2017-11-02,207.81,203.65,206,205.94,8557700,205.013
2017-11-03,208.69,205.34,207.2,208.69,8841000,207.751
2017-11-06,209.98,206.7,207.2,209.63,9705600,208.687
2017-11-07,212.9,210.06,210.55,212.03,10692500,211.076
2017-11-08,212,207.24,211.85,209.16,13074700,208.219
2017-11-09,206.33,200.37,205.27,205.32,24464100,204.396
2017-11-10,218.67,211.63,213.08,216.14,31331400,215.167
2017-11-13,217.17,212.01,216.14,212.63,14559400,211.673
2017-11-14,214.8,211.23,213,214.18,13232300,213.216
2017-11-15,212,207.8,211.95,209.98,12548700,209.035
2017-11-16,214.2,211.25,212.98,211.61,11044200,210.658
2017-11-17,215.35,210.75,213.92,211.36,12891600,210.409
2017-11-20,214.57,210.5,211.99,214.08,9902500,213.116
2017-11-21,216.52,214.4,215.69,216.05,9979400,215.078
2017-11-22,217,213.61,217,214.93,8916000,214.111
2017-11-24,217,214.6,215.59,216.96,4518800,216.134
2017-11-27,217.36,214.01,217.31,214.14,10572400,213.324
2017-11-28,214.73,208.24,214.35,210.71,12818800,209.907
2017-11-29,210.12,191.23,210.01,196.42,34919700,195.672
2017-11-30,202.68,196.65,199.2,200.71,20594200,199.945
2017-12-01,200.13,192.47,199.31,197.68,20288700,196.927
2017-12-04,200.3,184.5,200.05,186.66,31021100,185.949
2017-12-05,192.7,180.58,182.4,187.74,24537200,187.025
2017-12-06,190.14,184.84,185.7,189.26,11675800,188.539
2017-12-07,193.6,190.12,191.96,191.99,13565000,191.259
2017-12-08,194.78,191.15,194.01,191.49,11671900,190.761
2017-12-11,194.78,191.42,192.06,194.66,9318700,193.919
2017-12-12,193.84,189.89,192.9,190.84,11375400,190.113
2017-12-13,192.55,185.88,192.5,186.18,13857000,185.471
2017-12-14,189.34,184.6,185.92,186.47,10954100,185.76
2017-12-15,192.38,185.62,188.25,191.56,16750900,190.83
2017-12-18,198.02,192,193.2,197.9,11942600,197.146
2017-12-19,197.73,194.96,197.52,196.11,9327500,195.363
2017-12-20,198.07,194.55,197.7,196.8,7220500,196.05
2017-12-21,197.95,195.55,196.94,195.89,7522600,195.144
2017-12-22,195.65,191.25,194.4,195.27,11656900,194.526
2017-12-26,197.75,191.82,193.03,197.44,8877000,196.688
2017-12-27,199.97,196.31,196.9,197.17,8237200,196.419
2017-12-28,199.38,197.15,198.13,197.4,6006200,196.648
2017-12-29,198.46,193.5,198.46,193.5,6999100,192.763
2018-01-02,199.5,194.5,195.78,199.35,8890400,198.591
2018-01-03,213.7,203.75,204.1,212.47,22867600,211.661
2018-01-04,218.05,212.69,215.76,213.59,14581700,212.776
2018-01-05,216.91,211.08,214.19,215.4,14503100,214.579
2018-01-08,225,218.58,220.4,222,22030400,221.154
2018-01-09,223.82,218.64,222.22,221.94,12425000,221.095
2018-01-10,223.82,216,218.2,223.68,14566600,222.828
2018-01-11,226.27,223.21,225,224.08,10150800,223.226
2018-01-12,224.99,221.34,223.6,222.98,8997900,222.131
2018-01-16,227.51,216.69,224.05,220.11,17558700,219.272
2018-01-17,225.12,216.9,220.7,224.72,13407100,223.864
2018-01-18,226.64,222.68,223.94,224.44,10215800,223.585
2018-01-19,231.09,227,228.09,230.11,15234500,229.233
2018-01-22,233.76,228.1,230.43,233.69,13773600,232.8
2018-01-23,239.83,235.1,235.85,238.91,11880700,238
2018-01-24,240.49,233.55,239.04,235.8,14499300,234.902
2018-01-25,239.75,235.75,238,236.35,10247100,235.45
2018-01-26,243.34,237.6,238.12,243.33,12908900,242.403
2018-01-29,248.11,240.61,242.74,246.85,11377900,245.91
2018-01-30,246.42,238.41,241.11,242.72,14270800,241.795
2018-01-31,249.27,244.45,245.77,245.8,11964400,244.864
2018-02-01,246.9,238.06,238.52,240.5,12980600,239.584
2018-02-02,237.97,231.17,237,233.52,17961600,232.63
2018-02-05,233.23,205,227,213.7,29130100,212.886
2018-02-06,225.7,204,204.4,225.58,27870000,224.721
2018-02-07,234.97,226.7,229.58,228.8,20073300,227.928
2018-02-08,235.22,217.51,233.88,217.52,28600000,216.691
2018-02-09,238.89,217.52,238.25,232.08,41865100,231.196
2018-02-12,235.48,225.03,235.36,228.03,27329300,227.161
2018-02-13,234.5,225.25,226.56,232.63,15638100,231.744
2018-02-14,242.59,230.55,231,241.42,18624700,240.5
2018-02-15,248.37,241.52,244.79,246.5,17472500,245.561
2018-02-16,250,243.47,245.4,243.84,15941400,242.911
2018-02-20,251.87,244.6,244.75,249.08,17156000,248.131
2018-02-21,251.97,241.36,251.69,241.51,22307300,240.59
2018-02-22,245.63,239.5,242.73,242.15,13359100,241.378
2018-02-23,245.93,242.52,244.57,245.93,10382500,245.145
2018-02-26,247.98,244.06,247.8,246.58,11732800,245.793
2018-02-27,248.91,245.13,245.5,246.06,11385900,245.275
2018-02-28,248.1,241.53,246.5,242,13077900,241.228
2018-03-01,244.09,228.12,241.91,232.21,26003000,231.469
2018-03-02,236.8,221.85,227.86,236.54,22835700,235.785
2018-03-05,237.25,229.52,234.51,235.65,15519400,234.898
2018-03-06,242.94,237.36,239.1,242.16,15920200,241.387
2018-03-07,243.95,237.95,238,241.84,14530200,241.069
2018-03-08,242.95,239.39,242.95,241.18,10297800,240.411
2018-03-09,245.85,242.45,243.1,245.33,12638100,244.547
2018-03-12,253,246.67,247,249.76,15126500,248.963
2018-03-13,254.5,246.04,251.49,247.71,15494300,246.92
2018-03-14,250.55,246.22,249.45,248.74,12637400,247.947
2018-03-15,252.62,247.64,249.29,249.34,10048800,248.545
2018-03-16,251.25,248.48,250,250.48,9986400,249.681
2018-03-19,249.35,237,248.18,241,17844300,240.231
2018-03-20,251.15,241.12,241.12,249.58,13867400,248.784
2018-03-21,252,247.33,249.32,248.56,10967200,247.767
2018-03-22,247.88,240.34,246,241.85,13779900,241.078
2018-03-23,242.5,232.52,242.4,232.97,18390500,232.227
2018-03-26,244.53,235.9,238,244.48,15285600,243.7
2018-03-27,250,219.85,247.75,225.52,35225000,224.801
2018-03-28,229.39,217,224.13,221.35,23647600,220.644
2018-03-29,235.5,220.7,224.11,231.59,22915700,230.851
2018-04-02,234.65,217.5,228.74,221.05,23052300,220.345
2018-04-03,230.35,221.35,227.8,225.35,16685800,224.631
2018-04-04,226.66,214,215.01,226.24,19729200,225.518
2018-04-05,229.13,218.49,228.6,221.38,17531000,220.674
2018-04-06,221.6,213.07,217.23,214.25,16574700,213.566
2018-04-09,221.97,214.6,216.8,215.41,12488100,214.723
2018-04-10,229,222.41,224.72,227.91,19041900,227.183
2018-04-11,228.98,224.92,227.31,226.24,11506100,225.518
2018-04-12,235.32,228.21,230,234.6,14848000,233.852
2018-04-13,237.51,229.55,237.17,231.5,12575900,230.761
2018-04-16,232.84,227.68,231.77,231.49,8769800,230.752
2018-04-17,238.4,231.35,233.6,237.54,11180600,236.782
2018-04-18,239.25,232.77,235.5,236.37,9784100,235.616
2018-04-19,233.1,226.8,231.75,229.04,11799900,228.309
2018-04-20,232.1,227.45,228.69,228.71,9655000,227.98
2018-04-23,231.5,222.83,229.43,223.88,10687700,223.166
2018-04-24,228.8,218.56,224.92,221.2,10364900,220.494
2018-04-25,221.58,210.3,220,216.66,14712300,215.969
2018-04-26,225.55,220.53,223.2,225.22,9395600,224.502
2018-04-27,230.3,224.62,229.5,226.33,10021200,225.608
2018-04-30,229,224.12,226.99,224.9,8196100,224.183
2018-05-01,227.25,222.2,224.57,227.14,6344700,226.415
2018-05-02,228.8,225.25,227,226.31,6706200,225.588
2018-05-03,234.05,225.77,227.6,232.99,11078600,232.247
2018-05-04,239.19,231.13,231.83,239.06,10016500,238.297
2018-05-07,250.99,242.89,243.29,248.68,17190400,247.887
2018-05-08,250.51,246.71,248.69,250.4,12665400,249.601
2018-05-09,255.87,250.11,251.21,255.78,14919000,254.964
2018-05-10,260.5,257.2,257.92,260.13,24852000,259.3
2018-05-11,259.79,250.54,252.78,254.53,30361400,253.718
2018-05-14,258.49,254.4,256.07,255.36,13078500,254.545
2018-05-15,252.9,241.5,252.79,245.56,24088200,244.777
2018-05-16,248.52,242.51,244,246.01,13845700,245.225
2018-05-17,251.5,245.43,246.08,247.71,12994600,246.92
2018-05-18,252.37,245.74,249.81,245.94,12092900,245.155
2018-05-21,250.03,240.49,249.88,244.24,16015600,243.461
2018-05-22,245.8,240.25,244.78,242.7,12956600,241.926
2018-05-23,247.59,240.25,240.28,247.54,11033700,246.903
2018-05-24,249.4,245.24,247.39,247.69,10934300,247.053
2018-05-25,249.94,246.76,248.2,249.28,7302800,248.638
2018-05-29,251.34,246.7,248.55,248.59,8817100,247.95
2018-05-30,253.34,248.95,249.95,252.99,9774900,252.339
2018-05-31,255.2,251.27,251.7,252.19,12346700,251.541
2018-06-01,257.87,253.65,254,257.62,10549200,256.957
2018-06-04,265.74,257.7,259,264.85,16050600,264.168
2018-06-05,266.59,263.17,264.98,265.07,9792800,264.388
2018-06-06,265.28,260.77,261.43,265.15,9283900,264.468
2018-06-07,265.48,259.25,265,262.9,9236200,262.223
2018-06-08,264,259.2,259.96,262.28,9011400,261.605
2018-06-11,263.45,260.1,261.77,260.62,6634300,259.949
2018-06-12,263.07,259.66,261.69,262.58,7979000,261.904
2018-06-13,265.67,262.03,262.64,262.4,8455200,261.725
2018-06-14,269.2,263.62,264.22,266.91,10750400,266.223
2018-06-15,267.48,263.35,264.6,265.26,10806500,264.577
2018-06-18,265.8,262.38,263.48,265.09,8906700,264.408
2018-06-19,263.64,255.02,260.92,260.17,14873300,259.5
2018-06-20,264.45,260.28,261.83,262.31,9244500,261.635
2018-06-21,264.34,256.8,263.6,257.11,8987900,256.448
2018-06-22,258.49,250.33,257.95,250.95,10854000,250.304
2018-06-25,246.8,235.54,246.65,239.12,16645400,238.505
2018-06-26,245.65,239.91,243.7,241.99,11972100,241.367
2018-06-27,246.43,235.5,243.75,235.72,11347300,235.113
2018-06-28,241.34,235.01,235.32,240.86,8450300,240.24
2018-06-29,244,236.85,243.49,236.9,9807500,236.29
2018-07-02,242.39,233.26,234.09,242.24,8939300,241.617
2018-07-03,243.88,236.5,243.64,236.84,5568300,236.23
2018-07-05,242.93,237.5,239.07,242.73,7655400,242.105
2018-07-06,247.67,240.88,241.74,247.33,7408800,246.693
2018-07-09,250.72,246.07,250.33,249.25,7597000,248.609
2018-07-10,254.14,248.12,249.75,253.25,9000400,252.598
2018-07-11,250.9,247.1,249.5,247.53,9187700,246.893
2018-07-12,253.17,248.96,249.36,251.23,8637700,250.583
2018-07-13,251.98,247.62,251.98,249.32,6174700,248.678
2018-07-16,250.34,247.7,248.2,248.2,4925900,247.561
2018-07-17,254.3,245.18,246.21,253.69,9053400,253.037
2018-07-18,253.95,249.64,253.39,251.7,6941000,251.052
2018-07-19,253.39,250.33,250.94,252.03,5893800,251.381
2018-07-20,253.5,250.45,251.93,250.89,5558800,250.244
2018-07-23,249.89,243.28,249.82,249.41,7539600,248.768
2018-07-24,254.85,248,251.35,248.71,8865500,248.07
2018-07-25,252.38,246.75,249.09,251.87,7977800,251.222
2018-07-26,256.33,250.38,251.06,254.84,8128100,254.184
2018-07-27,256.6,249.84,256.32,252.02,7385500,251.371
2018-07-30,252.83,242.72,252.59,244.13,8508500,243.502
2018-07-31,247.88,242.14,243.71,244.86,7099700,244.23
2018-08-01,248.36,243.89,246.13,246.47,7088900,245.836
2018-08-02,250.78,241.21,243.59,250.62,6741700,249.975
2018-08-03,253.06,250.93,251.61,252.1,5357200,251.451
2018-08-06,254.17,249.71,251.59,254.03,5187700,253.376
2018-08-07,257.7,254.92,256,256.95,6453300,256.289
2018-08-08,260.24,255.59,257,258.42,6552500,257.755
2018-08-09,259.25,256.15,259.14,256.46,5099000,255.8
2018-08-10,256.1,252.7,253.15,254.79,6409900,254.134
2018-08-13,261,255.07,255.14,256.12,9345600,255.461
2018-08-14,262,257.02,260.38,261.43,11655500,260.757
2018-08-15,263.64,255.9,262.27,259.08,14778400,258.413
2018-08-16,262,255.01,261.9,257.44,20031500,256.777
2018-08-17,252.97,243.73,252.94,244.82,28579700,244.19
2018-08-20,253.2,238.72,243.18,247.84,21359700,247.202
2018-08-21,253.5,247.7,248.5,253.32,16849700,252.668
2018-08-22,263.02,251.86,252,262.82,18746400,262.144
2018-08-23,269.48,260.7,261.26,266.84,18017100,266.153
2018-08-24,272.81,267,267.18,272.22,13287800,271.519
2018-08-27,278.9,272.15,273.42,275.9,12644400,275.19
2018-08-28,276.58,269.53,275.66,274.38,11884600,273.674
2018-08-29,279.5,273.08,273.92,278.49,10502700,277.925
2018-08-30,281.72,276.32,277.23,277.81,8665200,277.247
2018-08-31,281.2,276.6,277,280.68,7664800,280.111
2018-09-04,285.22,279,280.15,283.7,9793000,283.125
2018-09-05,284.42,275.15,282.99,278.42,9828900,277.855
2018-09-06,277.86,271.39,277.76,272.72,8069900,272.167
2018-09-07,276.93,267.19,269,271.86,7385500,271.309
2018-09-10,275.93,271,272.77,274.73,5503500,274.173
2018-09-11,276.4,272.02,272.86,272.8,6077800,272.247
2018-09-12,271.98,261.92,271.19,268.2,10477300,267.656
2018-09-13,275,270.16,270.86,271.34,7638400,270.79
2018-09-14,279.1,273.5,274.99,276.43,9673400,275.869
2018-09-17,277.38,273.15,275.4,273.93,5138200,273.374
2018-09-18,278.24,270.75,274.09,271.02,7488000,270.47
2018-09-19,272.7,268.25,270.27,271.98,5621500,271.428
2018-09-20,268.76,264.1,267.05,266.28,10764600,265.74
2018-09-21,268.6,262.11,266.76,263.45,10878200,262.916
2018-09-24,265.84,258.68,262.2,265.7,7347800,265.161
2018-09-25,269.42,264.91,268.37,268.41,7009700,267.866
2018-09-26,270.24,266.28,268.61,266.92,6713700,266.379
2018-09-27,269.2,266.13,268.34,267.4,5360700,266.858
2018-09-28,281.92,271.6,272.73,281.02,17734900,280.45
2018-10-01,292.06,282.6,284.16,289.36,15551500,288.773
2018-10-02,292.76,285.58,288.25,286.48,9599100,285.899
2018-10-03,289.62,282.53,289.32,286.73,8013800,286.148
2018-10-04,286.25,276.18,285.27,279.29,9780500,278.724
2018-10-05,280.8,267.54,278.29,269.86,10665900,269.313
2018-10-08,271.16,260.08,266.5,265.77,10215300,265.231
2018-10-09,268.76,262.8,264.94,265.54,6837500,265.001
2018-10-10,263.11,245.6,261.26,245.69,17123500,245.192
2018-10-11,247.56,234.26,242.17,235.13,18135900,234.653
2018-10-12,249.54,239.65,245.51,246.54,15205900,246.04
2018-10-15,246,235.34,246,235.38,11244000,234.903
2018-10-16,246.28,237.94,239.93,245.83,10217800,245.331
2018-10-17,249.88,241.08,248.34,243.06,8241700,242.567
2018-10-18,247.41,237.09,245.86,239.53,13100500,239.044
2018-10-19,242.55,227.7,241.76,229.17,15340200,228.705
2018-10-22,235.32,227.07,231.28,231.22,9221100,230.751
2018-10-23,224.19,216.71,220.43,221.06,15660900,220.612
2018-10-24,221.39,198.85,219.51,199.41,22107200,199.006
2018-10-25,209.75,193.68,195.47,207.84,23793000,207.418
2018-10-26,204.84,193.12,198.31,198.29,16619600,197.888
2018-10-29,204.13,176.01,203.99,185.62,18950400,185.244
2018-10-30,203.4,185.62,186.55,203,20179800,202.588
2018-10-31,212.59,204.01,209.65,210.83,18644300,210.402
2018-11-01,218.49,207.19,212.3,218.11,14163200,217.668
2018-11-02,222,210.21,217.73,214.92,11324000,214.484
2018-11-05,215.33,205.28,214.39,211.77,9483300,211.341
2018-11-06,214.85,209.56,211.45,211.06,7475300,210.632
2018-11-07,217.41,211.18,213.75,213.79,12095300,213.356
2018-11-08,211.43,203.83,211.4,205.99,12783800,205.572
2018-11-09,209.32,201.04,202.4,205.67,10331000,205.253
2018-11-12,202.87,188.66,201.98,189.54,15427900,189.156
2018-11-13,204.21,193.24,193.49,199.31,16117800,198.906
2018-11-14,206.88,192.83,206.3,197.19,13164500,196.79
2018-11-15,205.3,195.5,196.95,202.39,21017700,201.98
2018-11-16,170.66,161.61,163.32,164.43,49088000,164.097
2018-11-19,161.82,144.63,161.79,144.7,42445500,144.407
2018-11-20,154.26,133.31,134.06,149.08,42300800,148.778
2018-11-21,155.3,143.61,154.62,144.71,25637400,144.417
2018-11-23,149.59,142.79,143.31,145,10299200,144.706
2018-11-26,153.47,146.56,149.89,153.05,20370800,152.74
2018-11-27,157.01,150.55,152,153.73,18451500,153.418
2018-11-28,160.28,153.13,158.48,160.07,20113100,159.745
2018-11-29,161.5,156.14,160,157.36,13729300,157.198
2018-11-30,163.86,155.72,157.75,163.43,18239100,163.262
2018-12-03,174.68,167.34,172.6,170.04,22270100,169.865
2018-12-04,168.44,156.5,168.24,157.11,20302800,156.948
2018-12-06,158.49,150.81,151.44,158.29,17307700,158.127
2018-12-07,158.87,145.62,158.46,147.61,17041900,147.458
2018-12-10,152.86,145.65,145.8,151.86,15736800,151.704
2018-12-11,155.89,145,155.56,148.19,16797800,148.037
2018-12-12,152.78,144.82,148.42,148.9,16353400,148.747
2018-12-13,153.38,147.44,150.79,148.89,11784600,148.737
2018-12-14,150.59,145.5,147.21,146.45,11795500,146.299
2018-12-17,148.15,141.24,145.24,143.58,16571700,143.432
2018-12-18,150.33,144.25,145.35,146.94,14109300,146.789
2018-12-19,147.74,136.43,145.58,138.51,18634100,138.367
2018-12-20,141.8,132.69,138.17,135.1,18739700,134.961
2018-12-21,137.5,128.46,136.17,129.57,21593500,129.437
2018-12-24,129.98,124.5,126.49,127.08,11596000,126.949
2018-12-26,133.14,124.46,128.94,133.1,17377500,132.963
2018-12-27,132.38,125.18,130.99,131.17,15926100,131.035
2018-12-28,137.39,130.31,132,133.65,15718200,133.512
2018-12-31,136.71,132.26,135.4,133.5,11628500,133.363
2019-01-02,138.48,130.05,130.64,136.22,12718800,136.08
2019-01-03,135.16,127.69,133.79,127.99,17602300,127.858
2019-01-04,137.73,129.7,130.94,136.19,14640500,136.05
2019-01-07,144.89,136.43,138.5,143.4,17729000,143.252
2019-01-08,146.78,136.9,146.69,139.83,19650400,139.686
2019-01-09,144.49,139.86,141.9,142.58,15431500,142.433
2019-01-10,145.58,139.36,141.8,145.23,13078900,145.08
2019-01-11,149.75,143.21,144.33,148.83,21869100,148.677
2019-01-14,151.46,145.77,146.72,150.44,18254200,150.285
2019-01-15,153.35,149.13,151.76,149.87,15425300,149.716
2019-01-16,152.3,148.62,150.97,148.84,11752600,148.687
2019-01-17,153.33,146.41,147.51,151.72,12335900,151.564
2019-01-18,157.98,151.65,153.73,156.93,16283400,156.768
2019-01-22,156.18,147.55,155.71,148.77,16538800,148.617
2019-01-23,154.58,148.03,151,149.29,14775500,149.136
2019-01-24,158.55,152.51,152.7,157.84,17724300,157.677
2019-01-25,160.88,151.3,155.44,160.15,28864300,159.985
2019-01-28,141.64,131,136.55,138.01,62788200,137.868
2019-01-29,138.1,131.01,136.15,131.6,28848300,131.465
2019-01-30,137.97,131.46,134.67,137.39,24355700,137.249
2019-01-31,145.19,136.38,137.26,143.75,21071300,143.602
2019-02-01,146.79,142.58,144.5,144.73,15626200,144.581
2019-02-04,150.68,144.48,145.37,149.18,13214800,149.026
2019-02-05,151.43,148.3,149.66,149.95,13560600,149.796
2019-02-06,155.6,151.07,151.29,153,17561600,152.842
2019-02-07,151.22,145.69,151.13,147.42,15928000,147.268
2019-02-08,148.6,144.13,144.71,148.17,11540100,148.017
2019-02-11,148.58,144.5,146.39,146.45,12379500,146.299
2019-02-12,151.8,147.42,148,151.17,14776500,151.014
2019-02-13,155.83,151.81,152.36,152.88,15134300,152.723
2019-02-14,155.67,151.1,152.84,154.53,20681600,154.371
2019-02-15,163.87,156.42,162.95,157.34,37918700,157.178
2019-02-19,159.89,156.14,156.91,156.64,13797300,156.479
2019-02-20,161.26,157.37,157.82,158.55,13524700,158.387
2019-02-21,160.05,155.18,159.06,155.77,11213700,155.61
2019-02-22,159.95,157.31,157.86,159.19,10043500,159.026
2019-02-25,165.28,158.34,162.56,158.69,16400500,158.527
2019-02-26,160.76,155.75,158.5,157.1,12211600,156.938
2019-02-27,157.59,153.11,156.52,155.41,12506400,155.25
2019-02-28,155.9,153.36,155,154.26,8123600,154.26
2019-03-01,158.15,153.92,156.27,156.45,8929700,156.45
2019-03-04,158.92,154.5,158,156.78,10249800,156.78
2019-03-05,158.06,153.96,156.15,156.52,9073100,156.52
2019-03-06,156.5,151.94,156.16,152.05,10088100,152.05
2019-03-07,151.49,147.4,151.1,149.26,11173900,149.26
2019-03-08,151.07,144.8,145.66,150.64,10560400,150.64
2019-03-11,162.06,149.69,151.59,161.14,21493200,161.14
2019-03-12,164.39,159.19,162.26,162.52,14489400,162.52
2019-03-13,169.8,163.73,164.03,168.62,19222500,168.62
2019-03-14,169.47,165.25,168.99,165.56,12984600,165.56
2019-03-15,171.53,167.16,167.3,169.81,16537100,169.81
2019-03-18,173.25,167.86,171.08,168.95,12174800,168.95
2019-03-19,177.5,172.08,172.76,175.71,21374300,175.71
2019-03-20,179.03,173,176.88,174.4,17978700,174.4
2019-03-21,185,175.13,175.33,183.94,20607800,183.94
2019-03-22,184.8,176.94,182.84,177.5,18691100,177.5
2019-03-25,178.45,171.11,175.86,173.78,13130300,173.78
2019-03-26,181.75,174.6,179.49,176.87,17587700,176.87
2019-03-27,179.77,173.7,177.9,176.5,11859300,176.5
2019-03-28,179.9,175.11,177.55,177.25,12006600,177.25
2019-03-29,180.54,177.91,179.94,179.56,11422400,179.56
2019-04-01,183.5,180.37,183.26,182.28,12095600,182.28
2019-04-02,184.79,181.52,183.25,183,11023000,183
2019-04-03,191,184.8,185,188.62,19719500,188.62
2019-04-04,189.97,185.73,188,188.26,11434400,188.26
2019-04-05,191.65,188.53,190,190.95,12043600,190.95
2019-04-08,192.8,188.75,189.72,191.79,10604800,191.79
2019-04-09,190.89,187.56,190.44,189.26,10999300,189.26
2019-04-10,193.14,189.05,189.23,192.1,11119300,192.1
2019-04-11,193.47,189.55,192.2,191.54,9365000,191.54
2019-04-12,193.26,189.66,193.1,190.01,11792700,190.01
2019-04-15,189.9,183.1,189.7,184.7,11002300,184.7
2019-04-16,188.97,184.96,186.28,188.21,9874100,188.21
2019-04-17,190.46,186.39,189.62,187.29,8775100,187.29
2019-04-18,188.93,185.18,187.56,186.3,9524700,186.3
2019-04-22,189.1,184.08,185.35,188.47,6998400,188.47
2019-04-23,191.93,188.61,189,190.67,8671400,190.67
2019-04-24,192.81,188.64,191.09,191.17,7955100,191.17
2019-04-25,190.45,183.7,189.55,186.91,12482400,186.91
2019-04-26,180.89,173.3,180.71,178.09,21724700,178.09
2019-04-29,180.45,175.5,178.41,179.33,9798000,179.33
2019-04-30,182.03,177.26,178.03,181,9073000,181
2019-05-01,184.81,180.46,183.11,180.47,8846500,180.47
