2015-01-02,74.87,73.75,74.51,74.28,6662700,62.9338
2015-01-05,74.5,73.63,73.71,73.93,12042800,62.6373
2015-01-06,74.61,72.74,73.86,72.88,11094000,61.7476
2015-01-07,74.47,72.96,73.37,73.73,10030700,62.4678
2015-01-08,75.3,74.14,74.3,74.51,10937200,63.1287
2015-01-09,74.87,73.64,74.57,74.42,9030900,63.0524
2015-01-12,74.38,72.88,74.14,73.57,8749300,62.3323
2015-01-13,75.05,72.55,73.96,72.97,12584500,61.8239
2015-01-14,73,71.44,72.46,72.22,13203500,61.1885
2015-01-15,72.59,71.05,72.26,71.38,10858400,60.4768
2015-01-16,71.43,70.12,70.85,71.29,12372300,60.4005
2015-01-20,73.21,71.18,71.75,72.48,11677300,61.4088
2015-01-21,72.61,69.95,70.28,71.59,17008900,60.6547
2015-01-22,72.09,70.84,71.86,71.91,10450100,60.9258
2015-01-23,72.35,71.43,72.01,72.18,8092700,61.1546
2015-01-26,72.9,71.72,72.17,72.61,9203700,61.5189
2015-01-27,72.5,70.94,71.9,71.77,11398800,60.8072
2015-01-28,72.5,70.85,72.5,70.99,15722100,60.1463
2015-01-29,65.69,62.47,65.51,63.69,47115300,53.9614
2015-01-30,64.01,62.39,63.04,62.46,26407800,52.9193
2015-02-02,65.93,62.26,62.49,65.53,21130600,55.5204
2015-02-03,67.04,65.48,65.78,66.96,16163200,56.7319
2015-02-04,67.71,66.12,66.59,66.96,13089600,56.7319
2015-02-05,67.99,66.79,67.17,67.95,10650500,57.5707
2015-02-06,67.95,66.07,67.81,66.35,11696800,56.2151
2015-02-09,68.96,66.96,68.16,67.11,15651100,56.859
2015-02-10,70.46,68.83,69.09,70.26,36081200,59.5278
2015-02-11,70.95,70,70.57,70.21,13439300,59.4855
2015-02-12,70.39,69.56,69.58,70.39,12798300,59.638
2015-02-13,70.93,70.27,70.49,70.88,8050200,60.0531
2015-02-17,70.91,70.46,70.76,70.8,8764300,59.9854
2015-02-18,70.88,70.11,70.34,70.54,7567900,59.7651
2015-02-19,71.27,70.21,70.23,70.98,9785300,60.1379
2015-02-20,71.72,70.59,70.83,71.52,8657300,60.5954
2015-02-23,71.55,70.36,71.26,70.94,8617700,60.104
2015-02-24,71.47,70.37,70.74,71.37,10127700,60.4683
2015-02-25,72.23,71.01,71.01,71.68,10578100,60.7309
2015-02-26,72.27,71.61,71.87,72.01,9838700,61.0105
2015-02-27,72.57,71.2,71.81,72.51,10297400,61.4342
2015-03-02,72.9,71.61,71.8,72.66,8979300,61.9199
2015-03-03,72.49,71.35,72.01,71.41,9236400,60.8547
2015-03-04,71.5,70.56,71.1,70.85,8386900,60.3775
2015-03-05,71.27,70.69,71.2,70.93,6955800,60.4456
2015-03-06,71.69,70.51,70.56,71.51,12022100,60.9399
2015-03-09,72.87,71.64,71.64,72.71,12754700,61.9625
2015-03-10,74.09,71.86,73.87,71.89,29006200,61.2637
2015-03-11,71.72,70.24,71.52,70.27,21690200,59.8832
2015-03-12,70.55,69.2,70,69.37,16004300,59.1162
2015-03-13,69.64,68.32,69.01,68.64,13946800,58.4941
2015-03-16,70.03,68.91,69.14,70,11643400,59.6531
2015-03-17,70.17,69.21,69.44,69.82,11534200,59.4997
2015-03-18,70.49,69.06,69.6,70.23,10234700,59.8491
2015-03-19,70.59,69.78,70.23,69.83,6959800,59.5082
2015-03-20,70.61,69.79,70.2,70.04,22646600,59.6872
2015-03-23,70.58,69.81,69.92,70.07,7674700,59.7128
2015-03-24,70.23,68.97,69.99,68.97,9964700,58.7754
2015-03-25,68.87,67.2,68.86,67.21,11980500,57.2755
2015-03-26,67.45,65.68,66.54,67.16,13835900,57.2329
2015-03-27,67.93,66.75,67.22,67.03,8549300,57.1221
2015-03-30,69,67.46,67.74,68.88,11404500,58.6987
2015-03-31,69.54,68.16,68.16,69.34,13035300,59.0907
2015-04-01,69.47,68.45,68.47,69.43,10422600,59.1674
2015-04-02,69.61,67.76,69.52,67.97,14206200,57.9232
2015-04-06,67.96,66.18,66.19,67.76,11906300,57.7442
2015-04-07,68.12,67.26,67.72,67.32,13948000,57.3692
2015-04-08,67.59,66.93,66.94,67.26,15783100,57.3181
2015-04-09,69.09,67.31,67.42,68.81,14169200,58.639
2015-04-10,69.2,68.47,68.67,69.16,10437900,58.9373
2015-04-13,71.9,68.64,71.23,68.73,28612900,58.5708
2015-04-14,69.2,68.6,69.16,68.97,12294800,58.7754
2015-04-15,69.5,68.19,69.29,68.46,11923400,58.3407
2015-04-16,68.25,67.73,68.16,67.91,10649900,57.872
2015-04-17,67.95,66.96,67.49,67.11,14011100,57.1903
2015-04-20,68.8,67.19,67.25,68.64,12881600,58.4941
2015-04-21,68.94,68.38,68.84,68.57,7839300,58.4345
2015-04-22,69.21,68.25,68.76,68.94,13289500,58.7498
2015-04-23,68.43,66.96,67.35,68.34,18341100,58.2385
2015-04-24,68.32,67.67,68.03,68.24,8757800,58.1533
2015-04-27,69.68,68.61,68.77,69.23,11818400,58.9969
2015-04-28,69.82,69.01,69.04,69.65,8272600,59.3548
2015-04-29,69.34,68,69.19,68.67,7660400,58.5197
2015-04-30,68.59,67.61,68.33,68,8319800,57.9487
2015-05-01,68.54,67.96,68.31,68.42,7166200,58.3066
2015-05-04,69.36,68.22,68.45,69.06,7013800,58.852
2015-05-05,69,68.13,68.85,68.37,8660600,58.264
2015-05-06,68.85,67.5,68.2,67.81,7858200,57.7868
2015-05-07,68.45,67.79,67.8,68.43,6514000,58.3152
2015-05-08,69.41,68.55,68.85,69.41,7393300,59.1503
2015-05-11,69.35,68.82,69.17,69.05,6379200,58.8435
2015-05-12,69.02,68.1,68.7,68.79,8070400,58.622
2015-05-13,70.5,69,69.23,69.73,12031200,59.423
2015-05-14,70.66,69.81,69.99,70.52,10945700,60.0962
2015-05-15,71.09,70.43,70.61,71.06,9858600,60.5564
2015-05-18,71.13,70.25,70.99,70.42,5327300,60.011
2015-05-19,70.42,69.47,70.33,69.62,7609100,59.3293
2015-05-20,69.84,69.22,69.8,69.28,8420200,59.0395
2015-05-21,70.95,69.03,69.63,70.09,27529700,59.7298
2015-05-22,69.94,69.44,69.57,69.51,13177300,59.2355
2015-05-26,69.62,68.75,69.53,69.36,14768600,59.1077
2015-05-27,71.14,69.1,69.4,71.02,17559100,60.5223
2015-05-28,71.32,70.51,70.95,70.6,11939000,60.1644
2015-05-29,70.9,69.6,70.69,69.68,18204400,59.3804
2015-06-01,69.9,69.11,69.51,69.42,8600500,59.5692
2015-06-02,69.66,69.06,69.36,69.35,11416600,59.5091
2015-06-03,70.05,69.45,69.8,69.86,6533300,59.9467
2015-06-04,69.51,68.76,69.36,68.9,9909300,59.123
2015-06-05,68.96,68.22,68.96,68.26,8067900,58.5738
2015-06-08,68.2,67.25,68.03,67.28,9017400,57.7328
2015-06-09,67.47,66.77,67.38,66.84,7611700,57.3553
2015-06-10,67.69,66.91,66.91,67.31,12825900,57.7586
2015-06-11,67.81,67.39,67.59,67.6,10609800,58.0074
2015-06-12,67.55,66.79,67.06,67.03,6855600,57.5183
2015-06-15,66.85,66.06,66.54,66.63,6817500,57.1751
2015-06-16,66.63,65.93,66.45,66.46,6746800,57.0292
2015-06-17,67.08,66.08,66.69,66.55,9563600,57.1064
2015-06-18,67.67,66.67,66.72,67.36,10443500,57.8015
2015-06-19,67.51,66.64,67.41,66.88,13233700,57.3896
2015-06-22,67.63,67,67.04,67.36,11762800,57.8015
2015-06-23,67.62,66.76,67.54,66.98,11791100,57.4754
2015-06-24,67.13,65.29,67.08,65.35,15282700,56.0767
2015-06-25,65.87,65.02,65.51,65.26,9838800,55.9995
2015-06-26,65.56,64.6,65.38,64.67,34801400,55.4932
2015-06-29,64.03,62.58,63.4,62.62,16549700,53.7341
2015-06-30,63.15,62.45,62.75,62.63,12697400,53.7427
2015-07-01,63.28,62.01,63.1,62.9,12669900,53.9744
2015-07-02,63.65,62.99,63.01,63.11,11302800,54.1546
2015-07-06,63.55,62.65,62.66,63.11,10068400,54.1546
2015-07-07,63.38,61.48,63.27,62.8,13582600,53.8886
2015-07-08,62.6,61.7,62.45,61.91,13827900,53.1249
2015-07-09,63.43,61.85,62.85,61.86,12238900,53.082
2015-07-10,63.07,62.33,62.41,62.73,12906100,53.8285
2015-07-13,63.7,63,63,63.43,11426600,54.4292
2015-07-14,64.28,63.45,63.62,63.94,10282300,54.8668
2015-07-15,64.2,63.3,63.31,63.88,8492000,54.8153
2015-07-16,64.68,63.38,63.45,64.55,10385900,55.3903
2015-07-17,64.65,64.01,64.11,64.34,8953500,55.21
2015-07-20,64.63,63.74,64.63,63.79,11381000,54.7381
2015-07-21,66.05,64.45,64.61,65.14,17818900,55.8965
2015-07-22,64.97,64.05,64.5,64.19,22660300,55.0813
2015-07-23,62.78,60.83,62.57,61.78,37879800,53.0133
2015-07-24,62.2,61.31,61.86,61.64,18525500,52.8932
2015-07-27,62.5,61.51,61.98,61.98,14749700,53.1849
2015-07-28,63.41,62.22,62.34,63.1,14090200,54.146
2015-07-29,63.56,62.75,63.08,63.17,9779100,54.2061
2015-07-30,64.78,62.8,62.99,64.41,12697200,55.2701
2015-07-31,64.95,64.23,64.66,64.39,9611600,55.2529
2015-08-03,64.71,64.08,64.35,64.43,9847900,55.2873
2015-08-04,64.82,63.22,64.41,63.45,12106800,54.4463
2015-08-05,64.49,63.5,63.66,63.88,9451300,54.8153
2015-08-06,64.11,62.65,63.75,62.84,12280300,53.9229
2015-08-07,63.43,62.6,62.76,63.02,17441700,54.0774
2015-08-10,63.33,62.5,62.5,63.15,17649600,54.1889
2015-08-11,63.06,62.34,62.57,62.55,12976800,53.674
2015-08-12,62.67,61.6,62.4,62.58,12672100,53.6998
2015-08-13,62.6,61.95,62.5,62.03,9402600,53.2278
2015-08-14,62.55,61.79,61.79,61.91,9191800,53.1249
2015-08-17,62.11,61.48,61.5,62.07,11549700,53.2622
2015-08-18,61.85,61.3,61.57,61.32,10632100,52.6186
2015-08-19,61.62,60.71,60.89,61.18,11577000,52.4985
2015-08-20,61.34,60.15,60.85,60.15,13173500,51.6146
2015-08-21,60.1,57.56,59.69,57.61,19647300,49.435
2015-08-24,57.81,52.59,54.18,55.28,29486900,47.4357
2015-08-25,56.92,53.74,56.62,53.88,21855400,46.2343
2015-08-26,56.74,54.85,55.5,56.66,22001500,48.6199
2015-08-27,57.45,56.17,57.07,57.36,18261600,49.2205
2015-08-28,57.76,57.03,57.15,57.45,12673300,49.2977
2015-08-31,57.26,56.35,56.57,56.58,9801400,48.9603
2015-09-01,55.91,54.69,55.25,55.02,13136600,47.6104
2015-09-02,55.88,55.01,55.63,55.86,11629100,48.3372
2015-09-03,56.76,55.47,56.22,55.55,10717900,48.069
2015-09-04,55.1,54.14,54.94,54.29,11424700,46.9787
2015-09-08,55.35,54.77,55.11,55.2,10938500,47.7661
2015-09-09,55.89,54.16,55.85,54.32,12535300,47.0046
2015-09-10,55.81,54.28,54.5,55.33,13997100,47.8786
2015-09-11,55.16,54.35,55.05,54.66,10793300,47.2988
2015-09-14,54.98,54.07,54.75,54.31,9720700,46.996
2015-09-15,55.17,54.36,54.82,54.87,9218300,47.4806
2015-09-16,55.53,54.68,54.81,55.2,8091900,47.7661
2015-09-17,55.91,54.85,55.19,54.98,9698100,47.5757
2015-09-18,54.96,54.02,54.25,54.45,26361000,47.1171
2015-09-21,54.73,54,54.63,54.39,9289600,47.0652
2015-09-22,54.23,53.58,53.78,53.94,9946800,46.6758
2015-09-23,54.15,53.37,54.15,53.56,7243900,46.347
2015-09-24,53.53,52.39,53.18,53.27,13502000,46.096
2015-09-25,54,52.96,53.95,53.22,11661900,46.0528
2015-09-28,53.27,52.52,53.05,52.54,11773100,45.4643
2015-09-29,52.91,52.17,52.5,52.43,9789900,45.3692
2015-09-30,53.81,52.9,52.99,53.73,12778400,46.4941
2015-10-01,53.82,53,53.6,53.18,9554900,46.0182
2015-10-02,55.15,53,53.07,55.07,13192200,47.6536
2015-10-05,56.49,55.57,55.58,56.23,9933200,48.6574
2015-10-06,56.52,55.42,56,56.32,10336500,48.7353
2015-10-07,57.35,56.04,56.56,56.61,8952300,48.9862
2015-10-08,57.68,56.32,56.49,57.66,8635200,49.8948
2015-10-09,58.12,57.37,57.87,57.78,8883000,49.9987
2015-10-12,58.08,57.47,57.63,57.79,6913400,50.0073
2015-10-13,58.08,57.02,57.19,57.51,7377300,49.765
2015-10-14,59.14,57.51,57.52,58.63,12471600,50.7342
2015-10-15,59.91,58.66,59,59.26,9055600,51.2794
2015-10-16,60,58.91,59.48,59.91,8924900,51.8418
2015-10-19,59.63,58.61,59.46,59.1,10975200,51.1409
2015-10-20,59.21,58.68,58.68,59,9070000,51.0544
2015-10-21,59.77,58.89,59.28,58.97,6915400,51.0284
2015-10-22,60.64,59.49,59.49,60.43,10913600,52.2918
2015-10-23,61.19,60.49,60.63,60.73,9175600,52.5514
2015-10-26,60.91,58.7,60.91,59.21,13381000,51.2361
2015-10-27,59.35,58.77,58.91,59.28,9485900,51.2967
2015-10-28,60.3,59.23,59.33,60.27,7738300,52.1533
2015-10-29,60.23,59.58,59.67,60,5424800,51.9197
2015-10-30,60.2,59.42,60.12,59.42,8630300,51.4178
2015-11-02,60.76,59.51,59.7,60.64,8577200,52.4735
2015-11-03,61.18,60.26,60.4,60.87,7704300,52.6725
2015-11-04,61.01,60.07,60.89,60.26,10461900,52.1447
2015-11-05,56.81,49.92,56.73,51.07,65856400,44.1923
2015-11-06,53.7,51.63,51.63,53.42,31252900,46.2258
2015-11-09,53.35,52.62,52.88,52.94,15092000,45.8105
2015-11-10,52.99,51.95,52.53,52.27,13489500,45.2307
2015-11-11,53.24,52.37,52.6,52.85,11026300,45.7326
2015-11-12,53.19,52.52,52.75,52.58,10807000,45.499
2015-11-13,52.75,51.82,52.3,51.94,10439900,44.9451
2015-11-16,52.86,51.96,51.96,52.77,9214000,45.6634
2015-11-17,53.55,52.57,52.7,52.98,10686200,45.8451
2015-11-18,51.94,47.52,51.94,48,45214500,41.5358
2015-11-19,49.28,48.23,48.51,48.39,20547900,41.8732
2015-11-20,49.77,48.5,48.8,49.62,17229800,42.9376
2015-11-23,49.58,48.76,49.09,48.97,11632800,42.3751
2015-11-24,49.73,48.86,49.03,49.41,12090100,42.7559
2015-11-25,49.65,48.85,49.41,49.1,9967100,42.4876
2015-11-27,48.85,48.47,48.67,48.54,3441600,42.4177
2015-11-30,48.86,48.3,48.6,48.79,13716000,42.6362
2015-12-01,49.32,48.6,48.75,49.3,9915800,43.0818
2015-12-02,53.44,51.8,51.91,51.85,36745100,45.3102
2015-12-03,52.24,50.37,52.16,51.4,25438100,44.917
2015-12-04,52.57,51.41,52.09,52.34,16177700,45.7384
2015-12-07,52.54,51.89,52.31,52.43,10160700,45.8171
2015-12-08,50.96,49.31,50.63,49.48,18917100,43.2391
2015-12-09,49.98,48.42,49.64,48.59,16131000,42.4614
2015-12-10,49.57,48.47,48.65,48.57,11597700,42.4439
2015-12-11,48.36,47.34,48.2,47.46,12977600,41.4739
2015-12-14,47.96,45.93,47.41,46.83,17157400,40.9234
2015-12-15,48.81,46.8,47.71,48.02,20086900,41.9633
2015-12-16,48.6,47.15,48.25,48.07,13308300,42.007
2015-12-17,49.6,47.54,49.32,47.54,15328000,41.5438
2015-12-18,48.04,47.02,47.37,47.43,46440200,41.4477
2015-12-21,48.93,47.54,47.61,48.76,16779000,42.61
2015-12-22,49.19,48.43,48.53,49.07,10124800,42.8809
2015-12-23,49.52,48.9,49.24,49.04,9397900,42.8546
2015-12-24,49.88,49,49,49.55,5352000,43.3003
2015-12-28,49.81,49.23,49.45,49.58,8365300,43.3265
2015-12-29,51.25,50.07,50.28,50.88,14371300,44.4626
2015-12-30,51.25,50.36,50.88,50.41,8529300,44.0518
2015-12-31,50.44,49.89,50.06,49.99,7613400,43.6848
2016-01-04,50.18,48.91,49.43,50.12,12571300,43.7984
2016-01-05,50.6,49.07,50.46,49.14,13482300,42.942
2016-01-06,48.66,47.76,48.36,48.64,15783500,42.5051
2016-01-07,48,45.98,47.78,46.14,20495600,40.3204
2016-01-08,46.85,45.84,46.81,45.88,15285500,40.0932
2016-01-11,46.53,45.33,46.36,46.07,13575300,40.2592
2016-01-12,46.68,45.62,46.45,46.52,9290700,40.6525
2016-01-13,47.97,46.07,47.22,46.1,17285100,40.2855
2016-01-14,48.01,45.84,46.21,47.73,21649400,41.7099
2016-01-15,46.51,45.13,46.04,45.82,17273300,40.0408
2016-01-19,46.58,45.47,46.5,46.09,12680000,40.2767
2016-01-20,46.18,44.39,45.5,45.93,14761500,40.1369
2016-01-21,47.44,45.71,46.36,47.05,12913700,41.1156
2016-01-22,48.28,47.44,47.81,48.07,12154900,42.007
2016-01-25,48.39,47.52,47.97,47.58,9365800,41.5788
2016-01-26,48.85,47.52,47.6,48.52,9267800,42.4002
2016-01-27,48.58,47.16,48,47.53,12305000,41.5351
2016-01-28,45.82,43.47,45.8,43.59,27935200,38.092
2016-01-29,45.35,43.67,44.05,45.34,24039200,39.6213
2016-02-01,46.41,44.39,44.71,46.11,13120400,40.2942
2016-02-02,45.4,42.88,45.18,43.15,21079700,37.7075
2016-02-03,45,43.31,43.6,44.73,16733600,39.0883
2016-02-04,45.76,44.38,44.62,45.66,10757400,39.901
2016-02-05,45.6,43.77,45.45,44.02,10709800,38.4678
2016-02-08,44.16,42.83,43.51,43.89,12799000,38.3542
2016-02-09,44.06,43.17,43.65,43.61,10121300,38.1095
2016-02-10,44.52,42.9,44,42.96,10044600,37.5415
2016-02-11,43.29,42.24,42.51,43,12537700,37.5765
2016-02-12,44.76,43.08,43.35,44.56,11696500,38.9397
2016-02-16,46.83,45.4,45.6,46.73,13832500,40.836
2016-02-17,48.53,47.01,47.05,48.41,14868200,42.3041
2016-02-18,49.31,48.02,48.41,49.08,13173100,42.8896
2016-02-19,50.04,48.76,49.04,49.42,16196800,43.1867
2016-02-22,51.29,50.07,50.08,51.28,16793600,44.8121
2016-02-23,51,50.11,51,50.42,9358700,44.0606
2016-02-24,51.66,49.73,50,51.52,10966600,45.0218
2016-02-25,51.79,50.9,51.5,51.64,8321600,45.1267
2016-02-26,52,51.22,52,51.62,9528400,45.1092
2016-02-29,51.53,50.71,51.17,50.79,12127300,44.8005
2016-03-01,52.11,51.06,51.08,52.11,11977400,45.9648
2016-03-02,52.98,52.24,52.39,52.85,15664800,46.6176
2016-03-03,52.81,51.86,52.45,52.38,12359800,46.203
2016-03-04,52.9,51.9,52.33,52.66,12770300,46.45
2016-03-07,53.52,52.36,52.44,53.3,10171500,47.0145
2016-03-08,53.21,51.98,52.89,52.46,11684300,46.2736
2016-03-09,52.52,51.74,52.41,51.95,13964500,45.8237
2016-03-10,52.37,51.17,51.91,52.02,9519100,45.8855
2016-03-11,52.64,51.89,52.59,52.22,11404300,46.0619
2016-03-14,52.41,51.74,52.24,52.09,7407200,45.9472
2016-03-15,51.83,50.98,51.75,51.63,12887600,45.5414
2016-03-16,51.63,50.91,51.63,51.3,21052300,45.2504
2016-03-17,51.69,51.12,51.15,51.38,10190400,45.3209
2016-03-18,51.87,51.23,51.69,51.59,28991500,45.5062
2016-03-21,52.35,51.51,51.6,52.21,11796500,46.053
2016-03-22,52.32,51.79,51.84,52.02,6623200,45.8855
2016-03-23,52.16,50.81,52.12,50.99,9194600,44.9769
2016-03-24,50.9,50.13,50.63,50.86,7527300,44.8623
2016-03-28,50.61,49.95,50.43,50.19,9065200,44.2713
2016-03-29,50.94,49.67,50,50.69,9564000,44.7123
2016-03-30,51.65,50.73,51.17,50.99,7142800,44.9769
2016-03-31,51.43,50.83,50.87,51.14,7315800,45.1092
2016-04-01,51.11,50.01,51.08,50.88,9379800,44.8799
2016-04-04,51.11,50.51,50.81,50.65,6289600,44.677
2016-04-05,50.53,50,50.44,50.07,6863300,44.1654
2016-04-06,50.73,49.73,50.14,50.62,7432200,44.6506
2016-04-07,50.45,49.77,50.4,50.03,7532200,44.1301
2016-04-08,51.15,50.25,50.37,50.56,5584800,44.5976
2016-04-11,51.58,50.86,50.86,51,8637200,44.9857
2016-04-12,51.1,50.2,51.05,50.82,6076700,44.827
2016-04-13,52.44,51.15,51.3,51.92,13813500,45.7972
2016-04-14,51.89,51.24,51.85,51.82,7915000,45.709
2016-04-15,51.99,51.03,51.93,51.06,10143300,45.0387
2016-04-18,51.73,50.94,51.09,51.55,7666800,45.4709
2016-04-19,51.93,51.3,51.73,51.83,9306400,45.7179
2016-04-20,52.54,51.81,51.93,52.09,11216900,45.9472
2016-04-21,51.8,50.74,51.3,51.67,16728600,45.5767
2016-04-22,53.09,51.68,51.71,52.64,14029800,46.4323
2016-04-25,52.72,52.03,52.6,52.43,6941200,46.2471
2016-04-26,52.96,52.45,52.54,52.91,7600100,46.6705
2016-04-27,53.13,52.01,52.03,52.9,8256600,46.6617
2016-04-28,53.28,52.04,52.48,52.13,7795000,45.9825
2016-04-29,52,50.11,51.83,50.52,11437400,44.5623
2016-05-02,51.17,50.13,50.69,51.11,7123500,45.0828
2016-05-03,50.92,50.19,50.67,50.73,7848600,44.7476
2016-05-04,50.88,50.15,50.19,50.49,11981800,44.5359
2016-05-05,51.27,50.43,50.74,51.13,10189100,45.1004
2016-05-06,51.12,50.38,50.65,50.92,9434500,44.9152
2016-05-09,51.6,50.79,51,51.2,7173600,45.1622
2016-05-10,52.23,50.97,51.26,52.15,8186000,46.0001
2016-05-11,52.53,51.69,51.83,52.15,8324100,46.0001
2016-05-12,52.53,51.36,52.33,51.51,9516000,45.4356
2016-05-13,52.08,51.11,51.46,51.32,6975100,45.268
2016-05-16,52.17,51.12,51.32,51.91,6823600,45.7884
2016-05-17,52.28,51.5,51.74,51.99,9386200,45.859
2016-05-18,53.34,52,52.07,52.79,10519100,46.5646
2016-05-19,53.08,52.26,52.71,52.76,8614000,46.5382
2016-05-20,54.58,52.87,52.97,54.52,14003600,48.0906
2016-05-23,54.86,54.15,54.2,54.18,9659600,47.7907
2016-05-24,55.62,54.4,54.42,55.59,13097700,49.0345
2016-05-25,56.27,55.69,55.7,55.98,9266500,49.3785
2016-05-26,56.14,55.51,55.97,55.74,6820500,49.1668
2016-05-27,55.39,55.02,55.33,55.27,5918200,49.2202
2016-05-31,55.43,54.82,55.39,54.92,15093400,48.9085
2016-06-01,54.97,54.45,54.5,54.79,12156800,48.7927
2016-06-02,54.92,54.29,54.65,54.88,9026900,48.8729
2016-06-03,55.01,54.47,54.99,54.94,10008100,48.9263
2016-06-06,55.37,54.66,54.98,54.89,7905100,48.8818
2016-06-07,55.18,54.67,54.94,54.84,5400200,48.8373
2016-06-08,55.05,54.67,54.73,54.94,6314800,48.9263
2016-06-09,55.04,54.19,54.4,54.98,8726200,48.9619
2016-06-10,54.75,53.4,54.46,53.83,15791600,47.9378
2016-06-13,53.9,52.74,53.6,52.83,12128900,47.0473
2016-06-14,53.25,52.47,52.66,52.7,8887300,46.9315
2016-06-15,53.56,52.67,53.05,53.28,8832400,47.448
2016-06-16,53.47,52.48,52.97,53.42,5907500,47.5727
2016-06-17,53.82,53.1,53.73,53.55,14548800,47.6885
2016-06-20,54.66,53.86,54.17,53.89,8680800,47.9913
2016-06-21,54.25,53.6,54.25,53.88,6431700,47.9823
2016-06-22,54.97,53.9,53.9,54.04,8481600,48.1248
2016-06-23,55.57,54.57,54.85,55.55,8952200,49.4695
2016-06-24,53.82,52.12,53.01,52.12,17018500,46.415
2016-06-27,52.29,50.84,52.29,51.14,11642700,45.5423
2016-06-28,52.56,51.53,51.7,52.51,7470400,46.7623
2016-06-29,53.84,52.75,53.06,53.55,7126900,47.6885
2016-06-30,53.57,52.46,52.9,53.57,9254400,47.7063
2016-07-01,53.39,52.84,52.99,53,6385000,47.1987
2016-07-05,52.97,51.89,52.95,51.94,10626200,46.2547
2016-07-06,52.53,51.16,51.57,52.37,7740700,46.6376
2016-07-07,53.38,52.41,52.58,52.93,5763300,47.1363
2016-07-08,54.33,53.32,53.49,54.19,6853900,48.2584
2016-07-11,54.71,53.94,53.96,54.12,6941600,48.1961
2016-07-12,54.74,54.21,54.45,54.62,7413700,48.6413
2016-07-13,55,54.63,54.91,54.83,5676400,48.8284
2016-07-14,55.37,54.56,55.19,54.88,6601500,48.8729
2016-07-15,54.86,54.17,54.86,54.75,10236900,48.7571
2016-07-18,55.65,54.98,55.14,55.35,9225900,49.2914
2016-07-19,55.9,54.95,55.73,55.14,8164200,49.1044
2016-07-20,55.95,55.04,55.36,55.82,17204300,49.71
2016-07-21,60.47,59.13,59.8,59.93,33912300,53.3701
2016-07-22,61.18,59.83,60.21,61.15,12505700,54.4566
2016-07-25,60.97,60.15,60.96,60.73,9166200,54.0826
2016-07-26,61.5,60.77,61,61.35,11272600,54.6347
2016-07-27,62.66,61.65,61.82,62.51,13244400,55.6677
2016-07-28,62.79,62.17,62.44,62.43,8514200,55.5965
2016-07-29,62.82,62.24,62.6,62.58,8291000,55.7301
2016-08-01,62.4,61.58,62.37,61.85,14606200,55.08
2016-08-02,61.95,60.02,61.74,60.6,14732800,53.9668
2016-08-03,61.11,60.5,60.59,61.01,6448200,54.3319
2016-08-04,61.23,60.73,61.11,60.98,5163800,54.3052
2016-08-05,62.11,61.27,61.52,62,8320700,55.2135
2016-08-08,62.19,61.37,62.05,61.58,8410600,54.8395
2016-08-09,62.44,61.83,61.91,61.99,5350300,55.2046
2016-08-10,62.16,61.44,62,61.71,3836200,54.9553
2016-08-11,62.16,61.67,61.89,61.74,4986500,54.982
2016-08-12,61.99,61.28,61.54,61.71,4947700,54.9553
2016-08-15,62.49,61.8,61.8,62.43,6499000,55.5965
2016-08-16,62.5,61.76,62.08,62.07,7650600,55.2759
2016-08-17,62.4,61.79,62.22,62.28,6812400,55.4629
2016-08-18,63.04,62.18,62.35,63.04,7935900,56.1397
2016-08-19,62.84,62.01,62.61,62.76,7093000,55.8904
2016-08-22,62.87,62.35,62.7,62.83,5720900,55.9527
2016-08-23,63.69,62.83,63,63.09,5970600,56.1842
2016-08-24,63.24,62.47,62.92,62.61,6902400,55.7568
2016-08-25,62.96,62.58,62.67,62.64,4916700,55.7835
2016-08-26,63.51,62.65,62.89,62.97,7255600,56.0774
2016-08-29,63.09,62.37,62.42,62.98,5148500,56.5623
2016-08-30,63.51,62.71,63,62.94,5047600,56.5264
2016-08-31,63.12,62.53,62.98,63.07,6516600,56.6432
2016-09-01,63.5,62.51,62.87,63.47,6906300,57.0024
2016-09-02,63.7,63.09,63.53,63.35,6325900,56.8946
2016-09-06,63.39,62.88,63.12,63.09,5603000,56.6611
2016-09-07,63.25,62.32,63.19,62.43,6281600,56.0684
2016-09-08,62.81,62.01,62.03,62.69,7658500,56.3019
2016-09-09,62.29,60.5,62.01,60.52,10625600,54.353
2016-09-12,62.27,59.93,60.23,62.25,10158600,55.9067
2016-09-13,62.2,60.94,61.82,61.29,8397100,55.0446
2016-09-14,61.95,61.04,61.29,61.59,5982400,55.314
2016-09-15,62.67,61.55,61.95,62.54,8871200,56.1672
2016-09-16,63.44,62.37,62.88,62.99,14677700,56.5713
2016-09-19,63.39,62.76,63.13,62.86,6732200,56.4546
2016-09-20,63.3,62.53,63.27,62.7,5471400,56.3109
2016-09-21,63.64,62.91,63.1,63.57,7488600,57.0922
2016-09-22,64,63.36,63.71,63.52,7895700,57.0473
2016-09-23,63.57,62.67,63,62.75,7794700,56.3558
2016-09-26,62.56,61.86,62.49,62.31,6207400,55.9606
2016-09-27,63.36,62.44,62.53,63.31,5228300,56.8587
2016-09-28,63.69,63,63.23,63.45,5251900,56.9844
2016-09-29,68.83,62.71,63.28,67.45,43098800,60.5768
2016-09-30,70.4,68.15,68.4,68.5,34879500,61.5199
2016-10-03,69.28,66.87,68.08,67.11,10153600,60.2715
2016-10-04,67.7,66.56,67.7,66.68,9746400,59.8853
2016-10-05,67.42,66.55,66.84,66.84,6362000,60.029
2016-10-06,69.32,66.23,66.8,67.54,12957200,60.6577
2016-10-07,68.33,67.49,67.53,68.19,8398100,61.2414
2016-10-10,68.58,67.06,68.34,67.25,7029800,60.3972
2016-10-11,67.09,65.45,67,66.09,8910600,59.3554
2016-10-12,66.49,65.06,66.49,66.06,6615700,59.3285
2016-10-13,66.06,64.3,65.55,65.7,7236600,59.0052
2016-10-14,66.59,65.45,65.94,65.7,6743100,59.0052
2016-10-17,65.71,65.09,65.53,65.19,6348200,58.5471
2016-10-18,66.22,65.57,66.18,66.1,5913600,59.3644
2016-10-19,66.07,65.31,65.88,65.79,5414700,59.086
2016-10-20,68.17,65.48,65.48,67.34,13579000,60.4781
2016-10-21,69.44,66.7,67.11,67.93,19676600,61.0079
2016-10-24,68.45,67.48,68.4,68.06,6669600,61.1247
2016-10-25,68.25,67.48,67.9,67.71,5370000,60.8104
2016-10-26,68.62,67.25,67.31,68.2,9241200,61.2504
2016-10-27,71.62,70,70.8,70.09,33941700,62.9478
2016-10-28,70.53,67.66,70.52,68.4,17952700,61.43
2016-10-31,69.51,68.68,69,68.72,10108300,61.7174
2016-11-01,69.35,67.54,69,68.34,8910100,61.3762
2016-11-02,68.6,67.03,68.46,67.09,15183000,60.2535
2016-11-03,68.57,65.93,67.69,66.95,15642500,60.1278
2016-11-04,67.41,65.74,65.74,66.73,8584300,59.9302
2016-11-07,68.58,67.39,67.72,68.46,9205300,61.4839
2016-11-08,68.71,67.63,68.22,68.27,6620500,61.3133
2016-11-09,68.09,66.25,66.63,67.88,11604400,60.963
2016-11-10,68.21,64.32,67.81,66.31,17774400,59.553
2016-11-11,67,65.84,65.87,66.88,10239800,60.0649
2016-11-14,67.42,65.93,67.42,65.93,8149200,59.2117
2016-11-15,67.16,65.95,66.26,66.77,9615200,59.9661
2016-11-16,66.71,65.65,66.71,66.3,9485900,59.544
2016-11-17,66.77,66.16,66.44,66.67,6982500,59.8763
2016-11-18,67.46,65.94,66.68,67.31,9889300,60.4511
2016-11-21,67.2,66.15,66.86,67.1,7868900,60.2625
2016-11-22,68.6,67.04,67.57,68.31,9803600,61.3492
2016-11-23,68.5,67.75,68.33,68.13,4819300,61.1875
2016-11-25,68.42,67.71,68.16,68.29,4200100,61.3313
2016-11-28,67.7,66.8,67.42,67.1,8225200,60.7339
2016-11-29,67.54,66.63,67.23,66.77,6544900,60.4352
2016-11-30,68.31,66.5,66.8,68.13,12470000,61.6661
2016-12-01,67.92,63.78,67.72,64.16,16563900,58.0728
2016-12-02,66.33,63.95,63.95,65.84,9687000,59.5934
2016-12-05,66.94,65.69,66.38,66.36,8708200,60.0641
2016-12-06,67.48,66.5,66.65,67.45,6701800,61.0507
2016-12-07,68.34,66.96,67.35,68.34,7202700,61.8562
2016-12-08,69.18,68.37,68.42,68.55,5552600,62.0463
2016-12-09,68.89,67.8,68.61,68.52,5551800,62.0191
2016-12-12,68.65,67.92,68.37,68.47,5615200,61.9739
2016-12-13,70.24,68.49,68.72,69.34,8494200,62.7613
2016-12-14,69.18,67.35,68.64,67.56,9957700,61.1502
2016-12-15,68.77,67.31,68.1,68.03,7162400,61.5756
2016-12-16,68.49,66.3,68.49,66.46,17631800,60.1546
2016-12-19,67.43,66.64,66.79,67.02,7884700,60.6614
2016-12-20,67.56,66.77,67.38,66.91,6685400,60.5619
2016-12-21,67.35,66.82,67.07,67.16,5211400,60.7882
2016-12-22,67.75,66.46,67.64,66.76,5900200,60.4261
2016-12-23,66.94,66.52,66.89,66.86,3039900,60.5166
2016-12-27,67.58,67.06,67.14,67.25,3028200,60.8696
2016-12-28,67.07,65.7,66.65,65.75,6547200,59.5119
2016-12-29,66.08,65.42,65.5,66.04,3695400,59.7744
2016-12-30,66.35,65.04,66.25,65.2,5941900,59.0141
2017-01-03,66.14,64.6,65.86,65.4,9519800,59.1952
2017-01-04,65.95,65.26,65.67,65.47,6221700,59.2585
2017-01-05,65.98,65.05,65.22,65.55,5998900,59.3309
2017-01-06,65.87,64.86,65.48,65.53,6749400,59.3128
2017-01-09,66.27,65.49,65.53,65.65,4702100,59.4214
2017-01-10,66.16,65.57,65.95,65.63,6076000,59.4033
2017-01-11,66.11,65.42,65.75,66.1,8349800,59.8287
2017-01-12,66.18,65.05,65.35,66.12,6113600,59.8469
2017-01-13,67.08,66.16,66.25,66.88,6177400,60.5347
2017-01-17,66.97,63.15,66.71,64.19,22338800,58.1
2017-01-18,66.09,63.81,64.67,65.13,15883200,58.9508
2017-01-19,65.4,64.36,64.97,64.44,9429200,58.3262
2017-01-20,65.74,62.62,65.19,62.88,20936900,56.9142
2017-01-23,58.67,53.77,58.67,54.88,94436000,49.6732
2017-01-24,55.77,54.7,55.02,55,41751800,49.7819
2017-01-25,56.98,55.5,56.1,56.9,27307900,51.5016
2017-01-26,55.49,53.5,55.35,54.05,37888200,48.922
2017-01-27,54.76,54,54.65,54.24,23474400,49.094
2017-01-30,54.4,53.55,54.39,53.61,14853900,48.5237
2017-01-31,53.64,52.83,53.61,53.43,13995400,48.3608
2017-02-01,53.82,52.86,53.64,53.15,16102100,48.1074
2017-02-02,53.1,52.37,52.95,52.66,14481200,47.6639
2017-02-03,53.22,52.75,52.95,52.98,10965300,47.9535
2017-02-06,53.41,52.82,53.31,52.88,8215100,47.863
2017-02-07,53.28,52.76,53.22,53.27,10374100,48.216
2017-02-08,53.39,52.72,53.39,52.89,9229000,47.872
2017-02-09,53.1,52.76,52.91,52.88,7615100,47.863
2017-02-10,54.28,52.93,53.1,54,14042200,48.8767
2017-02-13,55.13,54.26,54.58,54.93,14516200,49.7185
2017-02-14,55.52,54.82,55.43,55.48,13061700,50.2163
2017-02-15,56.5,55.49,55.63,56.49,14149200,51.1305
2017-02-16,56.9,56.45,56.58,56.88,11622900,51.4835
2017-02-17,56.94,56.05,56.85,56.46,12456600,51.1033
2017-02-21,57.19,56.58,56.83,56.75,9878200,51.3658
2017-02-22,57.1,56.48,56.78,57.1,8711500,51.6826
2017-02-23,57.31,56.77,57.01,57.14,10152800,51.7188
2017-02-24,57.23,56.5,57.02,57.22,10644800,51.7912
2017-02-27,56.98,56.31,56.56,56.73,7127600,51.8278
2017-02-28,56.52,55.89,56.49,56.48,10388200,51.5994
2017-03-01,57.08,56.27,56.93,57.01,11082400,52.0836
2017-03-02,57.15,56.24,56.95,56.37,8451700,51.4989
2017-03-03,56.57,56,56.52,56.44,6971400,51.5628
2017-03-06,56.56,56.07,56.27,56.45,7241600,51.572
2017-03-07,56.82,56.19,56.6,56.73,7131700,51.8278
2017-03-08,58.08,56.8,56.92,57.77,13201700,52.7779
2017-03-09,58.1,57.4,57.65,57.97,9875600,52.9606
2017-03-10,58.79,58.3,58.36,58.64,9752000,53.5727
2017-03-13,59.04,58.2,59.03,58.46,7737900,53.4083
2017-03-14,58.38,57.72,58.38,58.22,6276900,53.189
2017-03-15,58.75,58.18,58.42,58.52,9029500,53.4631
2017-03-16,58.73,58.16,58.3,58.35,7206200,53.3078
2017-03-17,58.61,57.51,58.57,57.55,20057800,52.5769
2017-03-20,58.07,57.59,57.79,57.81,7498200,52.8144
2017-03-21,58.1,56.74,57.93,56.8,10092600,51.8917
2017-03-22,57.13,56.1,56.73,57.04,9129700,52.111
2017-03-23,57.27,56.59,57.16,56.81,7718700,51.9009
2017-03-24,57.47,56.64,57.47,56.92,5621400,52.0014
2017-03-27,56.94,56.48,56.72,56.66,4726300,51.7638
2017-03-28,57.61,56.67,56.67,57.38,5953500,52.4216
2017-03-29,57.37,56.86,57.09,57.36,4042600,52.4033
2017-03-30,57.65,57.19,57.36,57.2,6359000,52.2572
2017-03-31,57.69,56.97,57.46,57.34,10065000,52.3851
2017-04-03,57.34,56.04,57.26,56.5,11343500,51.6177
2017-04-04,56.91,56.25,56.3,56.68,7123900,51.7821
2017-04-05,57.53,56.42,56.8,56.47,7857700,51.5902
2017-04-06,56.73,56.14,56.44,56.53,5757800,51.6451
2017-04-07,56.6,56.19,56.58,56.32,5229800,51.4532
2017-04-10,56.81,56.27,56.43,56.52,6039800,51.6359
2017-04-11,56.36,54.72,56.32,55.35,17301800,50.567
2017-04-12,54.65,53.12,54.64,53.39,24822200,48.7764
2017-04-13,53.68,52.78,53.13,52.79,17014400,48.2282
2017-04-17,53.13,52.75,52.99,52.89,10471700,48.3196
2017-04-18,52.98,52.39,52.6,52.67,11262800,48.1186
2017-04-19,53.1,52.3,53,52.61,15441500,48.0638
2017-04-20,53.4,51.4,53.22,52.66,24664600,48.1095
2017-04-21,52.8,52.21,52.77,52.5,10951500,47.9633
2017-04-24,53.25,52.75,53.01,52.81,10784400,48.2465
2017-04-25,53.49,52.96,53.17,53,11688700,48.4201
2017-04-26,53.3,52.91,53.2,53.04,7373800,48.4566
2017-04-27,53.34,52.91,53.24,53.21,6956200,48.6119
2017-04-28,53.95,51.05,51.8,53.74,34362500,49.0962
2017-05-01,53.7,53.1,53.65,53.6,12987700,48.9683
2017-05-02,53.73,52.9,53.65,53.29,10445400,48.685
2017-05-03,54.77,53.25,53.41,54.49,18428300,49.7813
2017-05-04,55,54.5,54.73,54.91,11993400,50.1651
2017-05-05,55,54.7,54.93,54.93,9108800,50.1833
2017-05-08,55,54.56,54.99,54.62,7033400,49.9001
2017-05-09,55.19,54.63,54.69,55.15,8332900,50.3843
2017-05-10,55.43,54.86,55.22,55.33,8517700,50.5488
2017-05-11,55.3,54.41,55.25,54.68,13514700,49.9549
2017-05-12,55.35,54.4,54.5,55.32,9107600,50.5396
2017-05-15,55.49,55.08,55.08,55.4,10686100,50.6127
2017-05-16,55.98,55.1,55.39,55.95,9599300,51.1152
2017-05-17,56.08,55.3,55.64,55.36,14811300,50.5762
2017-05-18,56.31,55.02,55.58,56.12,13125300,51.2705
2017-05-19,57.79,56.2,56.49,57.67,16643800,52.6866
2017-05-22,59.54,58.38,58.39,59.28,20771500,54.1574
2017-05-23,59.89,59.13,59.38,59.22,14223400,54.1026
2017-05-24,59.62,58.57,59.28,58.64,8592600,53.5727
2017-05-25,58.95,58.26,58.65,58.45,9556500,53.3991
2017-05-26,57.98,57.37,57.66,57.52,8261900,53.067
2017-05-30,57.74,57.17,57.28,57.34,11553700,52.901
2017-05-31,57.73,57,57.26,57.27,14082600,52.8364
2017-06-01,58.65,57.35,57.45,58.62,11560100,54.0819
2017-06-02,58.96,58.35,58.89,58.58,9538000,54.045
2017-06-05,59.05,58.48,58.5,58.86,7960800,54.3033
2017-06-06,58.91,58.18,58.6,58.2,7871500,53.6944
2017-06-07,58.49,57.13,58.3,57.53,10126500,53.0762
2017-06-08,58.15,57.61,57.77,58.12,10261900,53.6206
2017-06-09,58.49,56.74,58.37,57.05,13624800,52.6334
2017-06-12,57.68,56.48,56.52,57.49,9985100,53.0393
2017-06-13,58.07,57.5,57.95,57.54,7111500,53.0855
2017-06-14,57.97,56.67,57.7,57.01,6740000,52.5965
2017-06-15,57.17,56.4,56.42,56.93,5416600,52.5227
2017-06-16,57.01,56.35,56.98,56.82,14555600,52.4212
2017-06-19,57.66,56.91,56.96,57.61,7166200,53.1501
2017-06-20,57.61,56.51,57.46,56.79,8181600,52.3935
2017-06-21,56.84,56.12,56.79,56.33,8324900,51.9691
2017-06-22,56.75,56.06,56.24,56.47,5560100,52.0983
2017-06-23,57.44,56.57,56.64,56.91,11847900,52.5042
2017-06-26,57.69,56.21,57.09,56.56,7339100,52.1813
2017-06-27,56.33,55.41,56.29,55.43,6814400,51.1388
2017-06-28,56.32,55.18,55.4,56.16,7542400,51.8123
2017-06-29,55.93,54.55,55.93,55.08,8456900,50.8159
2017-06-30,55.63,55.03,55.6,55.22,8781900,50.9451
2017-07-03,56.02,54.92,55.53,54.95,4379600,50.696
2017-07-05,55.56,54.78,55.01,55.45,6823800,51.1573
2017-07-06,55.23,54.74,55.02,54.79,5663000,50.5484
2017-07-07,55.73,54.87,55.04,55.35,5356000,51.065
2017-07-10,55.89,55.19,55.37,55.64,5098100,51.3326
2017-07-11,55.63,55.02,55.63,55.33,6124900,51.0466
2017-07-12,56.31,55.72,55.79,56.2,6126800,51.8492
2017-07-13,56.52,56.17,56.38,56.23,6219200,51.8769
2017-07-14,56.93,56.15,56.5,56.81,4440100,52.412
2017-07-17,56.92,56.39,56.73,56.46,5123600,52.0891
2017-07-18,56.38,56,56.34,56.29,7441000,51.9322
2017-07-19,56.94,56.01,56.46,56.78,8783700,52.3843
2017-07-20,55.43,53.46,55.11,53.97,35943900,49.7918
2017-07-21,54,53.37,53.66,53.84,12113100,49.6719
2017-07-24,53.88,53.09,53.75,53.22,8832200,49.0999
2017-07-25,53.65,53.07,53.2,53.27,7112100,49.146
2017-07-26,53.35,52.74,53.29,53.14,7581500,49.0261
2017-07-27,53.37,52.23,53.08,52.49,14069200,48.4264
2017-07-28,52.99,52.27,52.27,52.88,6644300,48.7862
2017-07-31,53.3,52.75,53.1,53.19,11302700,49.0722
2017-08-01,53.43,52.91,53.3,53.41,9372100,49.2752
2017-08-02,53.39,52.78,53.3,53.17,23084000,49.0538
2017-08-03,53.34,52.75,53.16,52.95,8643500,48.8508
2017-08-04,53,52.51,53,52.62,8677900,48.5464
2017-08-07,52.85,52.49,52.5,52.7,6561800,48.6202
2017-08-08,53.33,52.21,52.55,52.29,10462200,48.2419
2017-08-09,52.8,52,52.05,52.77,8085300,48.6847
2017-08-10,52.75,52.11,52.54,52.34,10768000,48.288
2017-08-11,53.13,52.29,52.39,52.72,5894200,48.6386
2017-08-14,53.64,52.91,53.04,53.55,8116900,49.4044
2017-08-15,54.08,53.35,53.66,53.87,7876300,49.6996
2017-08-16,54.1,53.26,54.06,53.31,7414900,49.1829
2017-08-17,53.41,52.27,53.19,52.27,6589400,48.2235
2017-08-18,52.42,51.9,52.26,51.92,6696400,47.9005
2017-08-21,52.08,51.5,52,51.98,5205700,47.9559
2017-08-22,52.62,52.21,52.21,52.35,4443300,48.2973
2017-08-23,52.41,51.78,52.3,52.23,5259300,48.1866
2017-08-24,52.71,52.26,52.37,52.49,6198600,48.4264
2017-08-25,52.85,52.02,52.78,52.03,8684700,48.002
2017-08-28,51.81,51.46,51.77,51.81,4519000,48.3285
2017-08-29,51.86,51.28,51.31,51.81,4980900,48.3285
2017-08-30,52.29,51.56,52.23,52.12,4876200,48.6177
2017-08-31,52.59,52.12,52.26,52.27,8215800,48.7576
2017-09-01,52.77,51.93,52.53,52.05,5301300,48.5524
2017-09-05,51.9,49.83,51.86,50.03,17811100,46.6681
2017-09-06,50.77,49.83,50.19,50.45,16206900,47.0599
2017-09-07,50.69,50.25,50.56,50.38,10035500,46.9946
2017-09-08,50.45,48.92,50.35,49.64,12809400,46.3043
2017-09-11,50.67,49.91,49.94,50.57,7473500,47.1718
2017-09-12,51.07,50.52,50.6,50.9,4526800,47.4797
2017-09-13,51.11,50.72,50.8,51.01,6191400,47.5823
2017-09-14,51.59,50.67,50.97,51.48,7741300,48.0207
2017-09-15,52.29,51.44,51.95,52.19,13177900,48.683
2017-09-18,52.37,51.96,52.24,52.25,6002700,48.7389
2017-09-19,52.5,52.06,52.4,52.3,5825200,48.7856
2017-09-20,52.52,51.48,52.43,51.98,8400300,48.4871
2017-09-21,52.2,51.71,51.86,52.03,5750600,48.5337
2017-09-22,52.23,51.78,51.82,52.09,4105100,48.5897
2017-09-25,52.29,51.61,51.9,51.62,8178400,48.1513
2017-09-26,51.87,50.85,51.75,51.13,9378800,47.6942
2017-09-27,51.61,51.15,51.43,51.55,8200600,48.086
2017-09-28,52.04,51.31,51.38,51.75,5732900,48.2725
2017-09-29,52.04,51.62,51.91,51.84,5371200,48.3565
2017-10-02,52.16,51.7,52.09,51.88,4439200,48.3938
2017-10-03,52.22,51.65,51.99,52.02,4378000,48.5244
2017-10-04,52.12,51.67,51.93,51.96,4587700,48.4684
2017-10-05,52.43,51.96,52.17,52.35,5179100,48.8322
2017-10-06,52.63,52.16,52.16,52.49,4795300,48.9628
2017-10-09,52.98,52.38,52.68,52.88,5817500,49.3266
2017-10-10,53.9,52.9,52.95,53.87,8761700,50.2501
2017-10-11,54.38,53.66,53.79,54.12,9427300,50.4833
2017-10-12,54.18,52.96,53.88,53,7062300,49.4386
2017-10-13,53.38,52.74,53.38,52.82,7005600,49.2706
2017-10-16,53,52.31,52.98,52.38,5930900,48.8602
2017-10-17,52.44,51.85,52.32,52.41,7662900,48.8882
2017-10-18,52.67,52.02,52.54,52.21,6032600,48.7016
2017-10-19,52.4,52.01,52.03,52.29,6825200,48.7763
2017-10-20,52.59,51.94,52.51,52.02,8845000,48.5244
2017-10-23,53.78,52.13,52.3,53.39,9775400,49.8023
2017-10-24,54.44,53.4,53.44,54.25,11415700,50.6046
2017-10-25,54.43,53.48,53.98,53.84,7581500,50.2221
2017-10-26,54.39,53.67,54.1,53.8,5270800,50.1848
2017-10-27,54.7,53.36,53.7,54.57,8962400,50.903
2017-10-30,54.77,54.08,54.16,54.66,7081500,50.987
2017-10-31,52.49,50.02,52.26,51.01,29914100,47.5823
2017-11-01,53.49,50.51,51.47,53.46,15624400,49.8676
2017-11-02,55.68,53.6,53.6,54.84,17337800,51.1549
2017-11-03,64.99,54.21,54.76,61.81,80964500,57.6565
2017-11-06,65.33,62.15,64.54,62.52,58719700,58.3188
2017-11-07,64.16,62.45,62.52,64.1,23424600,59.7927
2017-11-08,65.79,64.21,64.21,65.49,26515400,61.0892
2017-11-09,65.33,63.93,64.91,64.6,15954900,60.2591
2017-11-10,65.1,63.92,64.36,64.57,9626200,60.2311
2017-11-13,66.82,64.75,64.96,66.49,24411600,62.0221
2017-11-14,66.8,65.55,66.16,66,14036700,61.565
2017-11-15,66.48,65.24,65.55,65.61,10565400,61.2012
2017-11-16,66.54,65.43,65.77,66.11,12339800,61.6676
2017-11-17,66.95,66,66.37,66.72,13334000,62.2366
2017-11-20,66.85,65.95,66.18,66.47,9749400,62.0034
2017-11-21,66.93,65.27,65.35,66.67,11215800,62.19
2017-11-22,68.26,66.24,66.37,68.13,15489400,63.5518
2017-11-24,69.28,68.45,68.51,68.91,9233500,64.2794
2017-11-27,68.92,68.04,68.6,68.14,20404600,63.5612
2017-11-28,68.41,67.22,67.59,68.38,12861300,64.3231
2017-11-29,68.2,66.03,68.1,66.52,17022200,62.5735
2017-11-30,67.1,65.72,66.51,66.34,15555600,62.4042
2017-12-01,66.12,64.6,65.2,65.49,15851100,61.6046
2017-12-04,65.7,63.8,65.6,64.56,17325100,60.7298
2017-12-05,65.03,64.4,64.85,64.69,9661200,60.8521
2017-12-06,65.68,64.36,64.64,64.98,6952300,61.1248
2017-12-07,65.55,64.77,65.21,65.23,8755000,61.36
2017-12-08,65.6,63.88,65.6,64.24,9371900,60.4287
2017-12-11,65.26,64,64.06,65.18,12185000,61.313
2017-12-12,65.11,64.55,64.88,64.86,7021200,61.012
2017-12-13,65.43,64.83,64.98,64.9,6490400,61.0496
2017-12-14,65.17,64.55,64.86,64.7,7122000,60.8615
2017-12-15,65.42,64.5,65.33,64.76,18833000,60.9179
2017-12-18,65.46,64.8,64.93,65.38,7440900,61.5011
2017-12-19,65.48,64.43,65.11,64.5,7130000,60.6733
2017-12-20,65.17,64.33,64.56,64.6,6933600,60.7674
2017-12-21,64.96,64.34,64.75,64.39,5451100,60.5698
2017-12-22,64.98,64.3,64.31,64.73,4444300,60.8897
2017-12-26,64.94,64.2,64.49,64.3,4236500,60.4852
2017-12-27,64.64,64.18,64.32,64.54,4899600,60.711
2017-12-28,64.73,64.35,64.69,64.38,2451300,60.5604
2017-12-29,64.65,64,64.36,64.02,6631800,60.2218
2018-01-02,65.33,64.17,64.38,65.2,6329600,61.3318
2018-01-03,66.06,64.69,65.22,65.94,6844200,62.0279
2018-01-04,66.53,65.91,66.18,66.03,5060100,62.1125
2018-01-05,66.6,65.5,66.04,66.47,5421800,62.5264
2018-01-08,66.53,65.94,66.25,66.27,4266900,62.3383
2018-01-09,65.86,64.94,65.64,65.27,7632300,61.3976
2018-01-10,65.74,64.88,65.48,65.26,6569300,61.3882
2018-01-11,65.5,65.14,65.2,65.43,4233100,61.5481
2018-01-12,65.9,65.08,65.61,65.38,5007200,61.5011
2018-01-16,68.65,66.03,66.23,68.25,24478800,64.2008
2018-01-17,68.9,67.24,68.52,68.02,12058700,63.9845
2018-01-18,68.18,67.49,67.75,68.05,6797900,64.0127
2018-01-19,68.25,67.75,68.04,68.04,8864300,64.0033
2018-01-22,68.75,67.71,67.81,68.67,8566200,64.5959
2018-01-23,68.9,68.24,68.6,68.34,7825600,64.2855
2018-01-24,68.29,67.38,68.2,67.98,12383100,63.9469
2018-01-25,68.37,67.29,68.14,67.42,9122200,63.4201
2018-01-26,68.53,67.6,67.94,68.53,7919000,64.4642
2018-01-29,68.3,67.24,68.16,67.32,9745300,63.326
2018-01-30,67.91,66.73,67.43,66.99,8059500,63.0156
2018-01-31,68.38,67.46,67.55,68.25,13915600,64.2008
2018-02-01,68.35,66.32,67,66.8,16838500,62.8369
2018-02-02,67.04,65.86,66.18,66.07,10971700,62.1502
2018-02-05,66.55,60.5,66.3,61.73,35996000,58.0677
2018-02-06,64.53,62.2,62.31,64.4,24458700,60.5793
2018-02-07,66.12,64.02,64.22,65.04,15021200,61.1813
2018-02-08,65.07,62.4,64.63,62.42,13451600,58.7167
2018-02-09,64.32,61.46,62.95,63.99,23095000,60.1936
2018-02-12,65.7,64.39,64.89,65.66,13692100,61.7645
2018-02-13,65.76,64.98,65.23,65.7,7695900,61.8021
2018-02-14,66.8,65.1,65.15,66.59,10370900,62.6393
2018-02-15,66.38,63.86,66.38,65.28,15548400,61.407
2018-02-16,65.83,64.6,64.77,64.85,11760300,61.0026
2018-02-20,64.14,61.86,63.01,63.99,27494600,60.1936
2018-02-21,63.86,62.65,63.12,63.4,14895600,59.6386
2018-02-22,63.58,62.03,63.15,62.18,11722300,58.491
2018-02-23,63.32,62.03,62.81,63.32,6762200,59.5633
2018-02-26,67.36,64.19,64.55,66.98,27374300,63.0062
2018-02-27,67.63,66.01,67,66.34,14326000,62.9398
2018-02-28,66.72,64.91,66.7,65,9582100,61.6685
2018-03-01,66.24,64.33,65.03,64.96,10799200,61.6305
2018-03-02,64.85,64.03,64.31,64.74,10612700,61.4218
2018-03-05,65.6,63.54,64.34,64.01,15445500,60.7292
2018-03-06,63.55,61.06,63.5,62.14,23450400,58.955
2018-03-07,62.61,61.43,61.49,62.49,12602400,59.2871
2018-03-08,62.74,61.57,62.65,61.82,8902100,58.6514
2018-03-09,63.06,62.12,62.36,63.03,7655300,59.7994
2018-03-12,63.48,62.3,63.05,62.81,15801300,59.5907
2018-03-13,61.4,59.13,59.77,59.7,38572700,56.6401
2018-03-14,60.38,57.9,59.9,60.12,29759100,57.0386
2018-03-15,60.28,59.56,60.03,59.89,10494300,56.8204
2018-03-16,61.49,60.48,60.6,60.62,25574500,57.513
2018-03-19,60.35,57.9,60.19,58.37,14131400,55.3783
2018-03-20,59.09,57.95,58.99,58.26,10615400,55.2739
2018-03-21,58.28,56.77,57.5,56.81,12231900,53.8982
2018-03-22,56.83,55.52,56.24,55.58,13554600,52.7313
2018-03-23,55.8,53.65,55.63,53.66,14713300,50.9097
2018-03-26,56.14,54.25,54.58,56.13,12093900,53.2531
2018-03-27,57.24,54.54,56.59,54.84,12243200,52.0292
2018-03-28,55.97,54.46,54.81,54.7,12925500,51.8964
2018-03-29,55.93,54.62,55.04,55.41,8482500,52.57
2018-04-02,55.24,53.07,55.1,53.81,16469600,51.052
2018-04-03,55.05,53.62,54.29,54.78,7930700,51.9723
2018-04-04,55.12,53.42,53.8,54.99,7496700,52.1715
2018-04-05,55.5,54.44,55.49,55.04,5823300,52.2189
2018-04-06,54.77,53.11,54.42,53.12,8322200,50.3974
2018-04-09,54.89,53.34,53.52,53.43,7608500,50.6915
2018-04-10,55.01,54.22,54.58,54.77,12009000,51.9628
2018-04-11,55.07,54.15,54.19,55.01,6205300,52.1905
2018-04-12,55.65,55.02,55.47,55.2,7412700,52.3708
2018-04-13,56.79,55.42,56.61,55.73,12588200,52.8736
2018-04-16,55.99,54.57,55.94,54.77,7850500,51.9628
2018-04-17,55.68,54.78,54.99,55.35,7089700,52.5131
2018-04-18,55.62,54.88,55.14,55.23,4796800,52.3992
2018-04-19,54.14,52.5,54,52.57,19179500,49.8755
2018-04-20,52.89,51.32,52.81,51.44,11838200,48.8035
2018-04-23,51.81,50.27,51.5,50.53,10961500,47.9401
2018-04-24,51.29,49.38,50.88,49.94,11670000,47.3804
2018-04-25,50.44,48.87,50,49.75,9619200,47.2001
2018-04-26,50.59,48.56,49.52,50.47,13684000,47.8832
2018-04-27,51.36,50.49,50.75,51.11,9443100,48.4904
2018-04-30,51.82,51,51.25,51.01,9469600,48.3955
2018-05-01,51.05,50.04,50.76,50.82,6780500,48.2152
2018-05-02,51.25,49.92,51.24,50.26,8143000,47.6839
2018-05-03,50.54,49.31,49.99,50.31,8609200,47.7314
2018-05-04,52.6,49.92,50.18,52.49,9880600,49.7997
2018-05-07,53.27,52.52,52.58,53.01,9571700,50.293
2018-05-08,53.27,52.11,53.04,52.86,9930000,50.1507
2018-05-09,53.33,52.2,52.86,53.17,7016100,50.4448
2018-05-10,55.07,53.95,54.45,54.97,12267200,52.1525
2018-05-11,55.79,54.62,54.76,55.23,9639100,52.3992
2018-05-14,57.8,56.34,57.33,56.74,15400300,53.8318
2018-05-15,56.61,55.22,56.5,55.64,12050500,52.7882
2018-05-16,56.81,55.67,55.76,56.7,8675600,53.7939
2018-05-17,57.38,56.39,56.49,56.95,11450700,54.0311
2018-05-18,57.99,56.4,56.93,57.51,11999700,54.5624
2018-05-21,58.27,56.77,57.68,57.71,14286400,54.7521
2018-05-22,58.36,57.07,57.91,57.39,9432500,54.4485
2018-05-23,58.86,56.83,56.91,58.82,11281900,55.8052
2018-05-24,59.25,58.05,58.58,59.08,12487200,56.0519
2018-05-25,60,58.81,58.85,59.96,11501500,56.8868
2018-05-29,59.6,57.7,59.5,58.23,14696300,55.8227
2018-05-30,58.65,57.66,58.41,58.39,9146000,55.9761
2018-05-31,58.57,57.76,58,58.12,12813200,55.7172
2018-06-01,58.73,58.01,58.34,58.61,8869700,56.187
2018-06-04,58.87,57.95,58.62,58.71,9696700,56.2828
2018-06-05,59.6,58.76,58.86,58.98,6562700,56.5417
2018-06-06,59.85,59.11,59.26,59.84,6236700,57.3661
2018-06-07,62.65,60.22,62,60.64,14786100,58.133
2018-06-08,60.62,59.81,60.25,60.26,7035300,57.7687
2018-06-11,60.42,59.82,60.17,59.93,7369500,57.4524
2018-06-12,60.38,59.55,60.11,59.79,7153500,57.3182
2018-06-13,60.23,59.12,59.67,59.22,9676300,56.7717
2018-06-14,59.7,58.95,59.29,59.46,8372900,57.0018
2018-06-15,59.95,58.92,59.87,59.86,13804900,57.3853
2018-06-18,59.37,58.92,59.31,59.2,6946600,56.7526
2018-06-19,58.74,57.85,58.28,58.7,7958300,56.2732
2018-06-20,59.2,58.31,59.18,58.79,6526400,56.3595
2018-06-21,59.21,58.39,59.21,58.75,6605400,56.3212
2018-06-22,59.1,58.43,58.78,58.5,8074100,56.0815
2018-06-25,58.14,56.61,58.09,57.05,8635900,54.6915
2018-06-26,57.15,56.31,57.08,56.45,8934700,54.1163
2018-06-27,57.53,55.14,56.55,55.17,11832400,52.8892
2018-06-28,56.46,55.09,55.12,55.9,11723600,53.589
2018-06-29,56.86,56.08,56.13,56.12,11274000,53.7999
2018-07-02,56.22,55.12,55.4,56.18,7299900,53.8574
2018-07-03,56.53,55.25,56.41,55.33,3618900,53.0426
2018-07-05,57.43,55.65,55.7,57.38,11728300,55.0078
2018-07-06,58.07,57.03,57.46,57.84,8806200,55.4488
2018-07-09,58.31,57.23,58.06,58.04,4577100,55.6405
2018-07-10,58.47,57.95,58.06,58.37,6848900,55.9569
2018-07-11,58.01,56.74,57.43,57.3,8702000,54.9311
2018-07-12,58.49,57.31,57.85,58.32,8426400,55.909
2018-07-13,58.78,58.18,58.25,58.39,5266100,55.9761
2018-07-16,58.84,58.06,58.42,58.35,5907100,55.9377
2018-07-17,58.91,57.62,57.92,58.91,7560300,56.4746
2018-07-18,59,58.37,59,58.76,6795100,56.3308
2018-07-19,59.59,58.65,58.71,59.31,8150200,56.858
2018-07-20,59.18,58.4,58.98,58.61,10859700,56.187
2018-07-23,59.21,57.82,58.4,59.08,8011800,56.6375
2018-07-24,59.62,58.45,59.35,58.85,6637600,56.417
2018-07-25,59.5,57.76,58.55,59.42,13143100,56.9635
2018-07-26,63.76,61.26,63.05,63.58,31025100,60.9515
2018-07-27,63.51,62.22,63.22,62.69,13488800,60.0983
2018-07-30,62.98,61.93,62.65,62.04,9547700,59.4752
2018-07-31,64.66,63.5,63.83,64.09,22350800,61.4404
2018-08-01,64.87,63.55,63.55,64.35,10706200,61.6897
2018-08-02,65.04,63.64,63.96,64.77,10618500,62.0923
2018-08-03,65.61,64.67,64.74,65.4,7809400,62.6962
2018-08-06,66.02,65.33,65.86,65.73,10878400,63.0126
2018-08-07,65.93,65.25,65.93,65.44,7810900,62.7346
2018-08-08,65.55,65.12,65.21,65.16,7912200,62.4662
2018-08-09,65.3,64.92,65.1,65.08,6629700,62.3895
2018-08-10,64.94,64.49,64.65,64.82,8736000,62.1402
2018-08-13,65.23,64.65,65.15,64.84,6092300,62.1594
2018-08-14,65.62,64.77,65.09,65.43,7844200,62.725
2018-08-15,65.82,64.55,65.14,65.68,13524800,62.9647
2018-08-16,66.1,65.53,65.86,65.76,9958800,63.0414
2018-08-17,66.19,65.12,65.5,66.06,15170500,63.329
2018-08-20,66.59,65.74,66.33,66.16,13966900,63.4248
2018-08-21,66.78,66.03,66.09,66.55,12181400,63.7987
2018-08-22,67.08,66.21,66.22,66.84,13860300,64.0767
2018-08-23,67.29,66.8,66.98,66.86,12038100,64.0959
2018-08-24,67.36,66.94,67,67.15,16001400,64.3739
2018-08-27,67.48,67.22,67.37,67.34,12578000,64.556
2018-08-28,70.49,67.92,68.56,69.78,24952700,66.8952
2018-08-29,70.07,69.14,69.67,69.2,11874300,66.3391
2018-08-30,69.16,68,68.97,68.14,12027500,65.323
2018-08-31,69,67.94,67.99,68.71,11166900,65.8694
2018-09-04,70.11,68.71,68.74,69.98,13024100,67.6978
2018-09-05,71.07,69.31,69.8,70.89,15310700,68.5781
2018-09-06,71.35,70.19,70.85,70.36,11997700,68.0654
2018-09-07,70.62,69.61,69.84,70.38,24421900,68.0847
2018-09-10,72.75,70.5,70.67,72.32,14636000,69.9615
2018-09-11,72.66,71.81,71.84,72.51,9501100,70.1453
2018-09-12,72.5,70.02,72.09,71.75,12638300,69.41
2018-09-13,75.36,73.48,73.68,74.61,24617700,72.1768
2018-09-14,76.04,74.41,74.53,75.09,13450700,72.6411
2018-09-17,75.28,73.11,74.84,73.24,11558300,70.8515
2018-09-18,76.5,73.51,73.8,74.72,11692000,72.2832
2018-09-19,75.37,73.77,75.37,74.06,12383200,71.6447
2018-09-20,75.11,74.21,74.48,74.6,12013900,72.1671
2018-09-21,74.87,73.13,74.83,73.7,23465400,71.2964
2018-09-24,73.85,72.8,73.08,73.58,15446100,71.1804
2018-09-25,73.57,72.58,72.64,72.74,20741900,70.3678
2018-09-26,73.26,71.58,72.68,71.76,11306000,69.4197
2018-09-27,72.68,71.47,72.18,71.71,12498300,69.3713
2018-09-28,73.26,71.25,71.51,72.03,20080800,69.6809
2018-10-01,73.43,72.1,72.46,72.6,9340200,70.2323
2018-10-02,73.91,72.27,72.4,73.35,9221200,70.9579
2018-10-03,73.89,72.59,73.59,72.64,7079800,70.271
2018-10-04,72.7,71.86,72,72.38,8599500,70.0195
2018-10-05,72.66,70.55,72.39,71.21,23411300,68.8877
2018-10-08,71.6,70.56,70.78,70.93,10104600,68.6168
2018-10-09,70.96,70.09,70.76,70.13,10329200,67.8429
2018-10-10,69.56,66.62,68.77,66.73,22296800,64.5538
2018-10-11,66.99,63.61,66.35,64.29,25852600,62.1933
2018-10-12,65.65,63.27,65.55,64.29,15760900,62.1933
2018-10-15,65.2,64.01,64.23,64.17,12314700,62.0772
2018-10-16,66.39,64.62,64.78,66.12,15931400,63.9637
2018-10-17,66.61,65.29,66.38,66.1,14779100,63.9443
2018-10-18,66.32,64.87,65.68,65.15,12218600,63.0253
2018-10-19,66.21,65,65.45,65.36,10673000,63.2284
2018-10-22,66.6,65.22,65.69,66.12,12890400,63.9637
2018-10-23,66.92,63.57,63.66,66.38,13441000,64.2152
2018-10-24,66.39,62.5,65.87,62.62,23384300,60.5778
2018-10-25,63.83,62.35,63.81,63.2,20385700,61.1389
2018-10-26,63.64,61.18,61.5,62.48,17049300,60.4424
2018-10-29,63.69,61.27,63.5,62.17,14778300,60.1425
2018-10-30,63.72,62.17,62.36,63.18,18865300,61.1195
2018-10-31,63.52,62.07,62.91,62.89,12917500,60.839
2018-11-01,64.31,62.88,63.2,63.71,11003900,61.6322
2018-11-02,63.96,62.34,63.94,63.33,13707900,61.2646
2018-11-05,63.8,62.66,63.08,63.47,13373800,61.4001
2018-11-06,64.34,62.41,63.35,63.63,8774100,61.5549
2018-11-07,63.75,62.28,63.5,63.21,18493500,61.1486
2018-11-08,60.15,57.6,58,58.05,32155200,56.1568
2018-11-09,58.24,56.19,57.78,56.72,21745200,54.8702
2018-11-12,56.5,54.43,56.37,54.49,24447800,52.7129
2018-11-13,55.49,54.05,54.74,54.16,20883800,52.3937
2018-11-14,54.89,53.67,54.84,53.94,14071900,52.1809
2018-11-15,55.54,53.53,53.83,55.39,18856300,53.5836
2018-11-16,57.04,54.99,55.12,55.88,57303300,54.0576
2018-11-19,56.62,54.87,55.85,54.9,20321400,53.1096
2018-11-20,55.43,54.07,54.2,54.92,20658300,53.1289
2018-11-21,56.5,55.18,55.21,55.27,13015500,53.4675
2018-11-23,55.75,54.75,54.77,55.25,4671900,53.4482
2018-11-26,56.38,55.18,55.79,55.73,10373700,53.9125
2018-11-27,56.23,55.35,55.59,55.57,9719000,53.7577
2018-11-28,56.72,54.69,55.89,56.65,17483500,54.8025
2018-11-29,59.05,57.77,57.89,58.11,26949000,56.2149
2018-11-30,58.47,57.02,58.22,58.26,18197800,56.36
2018-12-03,60.51,58.4,60.51,59.14,17114500,57.2113
2018-12-04,59.48,57.22,58.99,57.73,15836500,55.8473
2018-12-06,57.21,55.69,56.01,57.11,18203300,56.4536
2018-12-07,57.12,55.73,56.61,55.99,17054700,55.3464
2018-12-10,58.25,56.64,57.77,57.24,20484900,56.5821
2018-12-11,58.66,56.83,58.45,57.35,13116300,56.6908
2018-12-12,58.58,57.53,58.44,57.72,13246500,57.0566
2018-12-13,58.38,57.56,58.14,58.09,8949900,57.4223
2018-12-14,59,57.36,57.56,57.62,13551000,56.9577
2018-12-17,58.34,56.67,57.59,57,16648200,56.3448
2018-12-18,58.54,57.4,57.69,57.78,12384200,57.1159
2018-12-19,58.5,56.06,57.54,56.69,17376400,56.0384
2018-12-20,57.94,56.06,57.22,56.37,21742300,55.7221
2018-12-21,57.28,54.69,56.26,54.85,38202300,54.2195
2018-12-24,54.89,53.57,53.7,53.65,8275000,53.0333
2018-12-26,56,53.51,54.25,55.96,18451600,55.3168
2018-12-27,56.39,54.77,55.54,56.09,15804800,55.4453
2018-12-28,57.53,56.24,56.33,56.81,12749600,56.157
2018-12-31,57.41,56.28,57.12,56.91,8877000,56.2559
2019-01-02,58,55.92,56.2,57.4,9896600,56.7402
2019-01-03,56.84,55.52,55.95,55.7,14421100,55.0598
2019-01-04,56.83,55.21,56.5,56.6,14177300,55.9494
2019-01-07,57.16,55.95,56.39,56.44,12352000,55.7913
2019-01-08,56.88,55.61,56.71,55.95,12110000,55.3069
2019-01-09,57.11,56.14,56.26,56.61,10971000,55.9593
2019-01-10,56.99,56.1,56.19,56.8,10958200,56.1471
2019-01-11,58.17,56.33,56.47,57.5,12024300,56.8391
2019-01-14,57.65,56.37,57.02,57.3,9449400,56.6414
2019-01-15,57.4,55.56,57.32,55.73,17423400,55.0894
2019-01-16,56.08,55.16,55.75,55.27,13856000,54.6347
2019-01-17,55.2,54.37,54.97,54.77,18365000,54.1405
2019-01-18,55.9,54.99,55.39,55.27,28020000,54.6347
2019-01-22,54.99,53.94,54.97,54.29,17867500,53.666
2019-01-23,53.57,51.22,52.92,51.77,33788600,51.1749
2019-01-24,51.98,50.41,51.95,50.81,32782700,50.226
2019-01-25,52.03,50.28,50.93,51.3,19516200,50.7103
2019-01-28,51.29,50.24,50.32,50.64,24457600,50.0579
2019-01-29,50.84,49.34,50.49,49.4,26266600,48.8322
2019-01-30,50.87,49.21,49.68,50.17,18124100,49.5933
2019-01-31,51.28,49.1,51.2,49.52,24736300,48.9508
2019-02-01,50.28,49.4,49.58,49.61,15533200,49.0398
2019-02-04,49.8,49.47,49.71,49.69,10880000,49.1188
2019-02-05,51.08,49.72,49.73,50.73,15454200,50.1469
2019-02-06,51.64,50.93,50.94,51.1,11052900,50.5126
2019-02-07,51.12,50.27,50.83,50.55,10623300,49.969
2019-02-08,50.68,49.91,50.24,50.29,12461200,49.712
2019-02-11,51.3,50.38,50.55,50.83,9971800,50.2457
2019-02-12,52.18,51.02,51.3,51.66,16637600,51.0662
2019-02-13,52.49,51.56,52,51.59,11004000,50.997
2019-02-14,51.77,51.09,51.5,51.57,17895000,50.9772
2019-02-15,52.36,51.6,52.08,51.98,12239500,51.3825
2019-02-19,52.48,51.75,52,52.01,8258400,51.4122
2019-02-20,52.92,52.14,52.25,52.45,12863700,51.8471
2019-02-21,52.59,51.9,52.5,52.35,7826200,51.7483
2019-02-22,53.15,52.64,52.69,53.12,13394500,52.5094
2019-02-25,53.97,52.9,53.78,52.99,15341700,52.3809
2019-02-26,53.22,52.28,53.08,53.03,11366700,52.4205
2019-02-27,53.13,52.27,52.95,53.04,10426200,52.4303
2019-02-28,53.76,52.71,53,53.39,19000200,52.7763
2019-03-01,54.4,53.71,54,54.2,12659000,53.577
2019-03-04,54.7,53.26,54.58,53.78,14021700,53.1618
2019-03-05,54.23,53.7,53.9,53.94,10092800,53.32
2019-03-06,55.46,53.73,53.89,54.8,20521300,54.8
2019-03-07,55.05,53.61,54.83,54.03,13667300,54.03
2019-03-08,53.63,53.03,53.45,53.53,10117100,53.53
2019-03-11,54.75,53.65,53.72,54.35,10738800,54.35
2019-03-12,55.31,54.54,54.66,54.84,9575300,54.84
2019-03-13,55.94,55,55.03,55.39,9198900,55.39
2019-03-14,55.87,55.25,55.53,55.4,7306100,55.4
2019-03-15,57.34,54.92,55,56.6,27985600,56.6
2019-03-18,57.19,56.44,56.62,56.83,13089300,56.83
2019-03-19,57.68,56.78,57.17,56.97,9363700,56.97
2019-03-20,57.69,56.75,57.03,57.16,8804800,57.16
2019-03-21,58.28,57.2,57.23,57.77,19542700,57.77
2019-03-22,58.09,56.75,57.68,56.82,10243500,56.82
2019-03-25,56.94,56.07,56.58,56.64,6929600,56.64
2019-03-26,58.39,56.67,57.15,58,16051800,58
2019-03-27,57.67,56.32,57.35,56.91,11934400,56.91
2019-03-28,57.39,56.34,57.03,56.55,11064300,56.55
2019-03-29,57.56,56.94,57,57.03,8529100,57.03
2019-04-01,58.15,57.11,57.64,57.81,12066500,57.81
2019-04-02,58.53,57.66,57.98,58.09,7614500,58.09
2019-04-03,58.29,57.18,58.2,57.68,11563400,57.68
2019-04-04,58.61,57.69,57.75,57.86,9905100,57.86
2019-04-05,58.19,57.69,57.98,57.99,12332600,57.99
2019-04-08,58.49,57.51,57.79,57.76,8942400,57.76
2019-04-09,57.66,57.03,57.57,57.44,11713400,57.44
2019-04-10,57.86,56.1,57.71,56.33,15976500,56.33
2019-04-11,56.9,55.79,56.44,55.9,13903800,55.9
2019-04-12,57.17,56.07,56.28,56.95,13483500,56.95
2019-04-15,57.67,57.03,57.14,57.18,10712500,57.18
2019-04-16,71.03,57.29,57.46,70.45,86755900,70.45
2019-04-17,82.52,76.49,78.82,79.08,156019300,79.08
2019-04-18,80.2,78.02,78.72,79.89,41621200,79.89
