2015-01-02,223.25,213.26,222.87,219.31,4764400,219.31
2015-01-05,216.5,207.16,214.55,210.09,5368500,210.09
2015-01-06,214.2,204.21,210.06,211.28,6261900,211.28
2015-01-07,214.78,209.78,213.35,210.95,2968400,210.95
2015-01-08,213.8,210.01,212.81,210.62,3442500,210.62
2015-01-09,209.98,204.96,208.92,206.66,4591300,206.66
2015-01-12,204.47,199.25,203.05,202.21,5944200,202.21
2015-01-13,207.61,200.91,203.32,204.25,4477300,204.25
2015-01-14,195.2,185,185.83,192.69,11551900,192.69
2015-01-15,195.75,190,194.49,191.87,5216500,191.87
2015-01-16,194.49,189.65,190.7,193.07,3603200,193.07
2015-01-20,194.12,187.04,193.87,191.93,4489400,191.93
2015-01-21,198.68,189.51,189.55,196.57,4153000,196.57
2015-01-22,203.24,195.2,197,201.62,4116900,201.62
2015-01-23,203.5,198.33,200.29,201.29,3438600,201.29
2015-01-26,208.62,201.05,201.83,206.55,3234500,206.55
2015-01-27,208.03,203.3,204.42,205.98,2781000,205.98
2015-01-28,206.37,198.42,206.11,199.37,3149600,199.37
2015-01-29,205.98,196.5,201.07,205.2,3548100,205.2
2015-01-30,207.47,203,203.96,203.6,3007000,203.6
2015-02-02,211.95,203.3,203.97,210.94,4149200,210.94
2015-02-03,220.37,211.27,213.22,218.36,4812900,218.36
2015-02-04,221.48,216.8,218.29,218.55,3305400,218.55
2015-02-05,225.48,219.64,219.88,220.99,3522900,220.99
2015-02-06,223.4,216.5,222,217.36,3233200,217.36
2015-02-09,217.93,211.99,215.38,217.48,3472400,217.48
2015-02-10,220.5,215,217.55,216.29,5390500,216.29
2015-02-11,214.74,207.28,212.21,212.8,9769100,212.8
2015-02-12,203.09,193.28,193.57,202.88,15649600,202.88
2015-02-13,205.99,200.91,202.9,203.77,6191000,203.77
2015-02-17,205.7,201.5,205.7,204.35,3979600,204.35
2015-02-18,206.17,202.6,204.17,204.46,2708800,204.46
2015-02-19,212.44,203.75,205,211.71,5154100,211.71
2015-02-20,217.6,209.81,210.78,217.11,5982100,217.11
2015-02-23,218.2,206.33,215.66,207.34,8499800,207.34
2015-02-24,207.29,201.7,207.29,204.11,6584900,204.11
2015-02-25,207.14,202.58,204.94,203.76,3909500,203.76
2015-02-26,211.09,202.22,204,207.19,6472900,207.19
2015-02-27,208.55,202.8,206.9,203.34,3882100,203.34
2015-03-02,203.34,195.83,202.7,197.33,7922100,197.33
2015-03-03,200.24,195.32,196.81,199.56,4432300,199.56
2015-03-04,202.52,197.21,199.25,202.44,4212000,202.44
2015-03-05,206.19,200.15,202.85,200.63,4877000,200.63
2015-03-06,200.75,192.15,199.21,193.88,6712400,193.88
2015-03-09,194.49,188.25,194.39,190.88,6736700,190.88
2015-03-10,193.5,187.6,188.46,190.32,5530900,190.32
2015-03-11,196.18,191.01,191.15,193.74,4974900,193.74
2015-03-12,194.45,189.75,193.75,191.07,4149300,191.07
2015-03-13,191.75,187.32,188.95,188.68,5434300,188.68
2015-03-16,195.91,189.8,192,195.7,5628800,195.7
2015-03-17,198.71,193.94,195.43,194.73,4883200,194.73
2015-03-18,200.88,193.11,194.96,200.71,4756300,200.71
2015-03-19,204.59,194.53,202,195.65,8475200,195.65
2015-03-20,198.99,195.62,197.45,198.08,4269500,198.08
2015-03-23,200.5,197.47,198.5,199.63,2620900,199.63
2015-03-24,203.79,199.75,201.58,201.72,3649900,201.72
2015-03-25,198.59,192.7,198.27,194.3,5730400,194.3
2015-03-26,194.79,189.7,193.92,190.41,4128000,190.41
2015-03-27,189.29,181.4,189.07,185,8526900,185
2015-03-30,192.25,181.8,185.85,190.57,10089500,190.57
2015-03-31,193.76,188.41,193.53,188.77,5026600,188.77
2015-04-01,192.3,186.05,188.7,187.59,3786000,187.59
2015-04-02,193.23,190,190.23,191,5010400,191
2015-04-06,207.75,197.5,198,203.1,12455800,203.1
2015-04-07,205.06,201.14,202.51,203.25,4347900,203.25
2015-04-08,210.9,205.87,208.2,207.67,6303100,207.67
2015-04-09,210.37,206.12,208.43,210.09,3800200,210.09
2015-04-10,211.65,209,209.85,210.9,4067700,210.9
2015-04-13,213,209.05,210.44,209.78,3758200,209.78
2015-04-14,209.49,205.5,208.57,207.46,3017000,207.46
2015-04-15,209.59,206.6,207.46,207.83,1952400,207.83
2015-04-16,209.17,206.29,207.7,206.7,1659100,206.7
2015-04-17,206.88,203.5,204.99,206.79,2469900,206.79
2015-04-20,207.85,203.85,206.78,205.27,2554700,205.27
2015-04-21,210.75,204.31,205.8,209.41,3432500,209.41
2015-04-22,221.88,211.69,212.5,219.44,7863000,219.44
2015-04-23,221.48,217.15,218.27,218.6,4411200,218.6
2015-04-24,220.8,218.01,220.5,218.43,2427800,218.43
2015-04-27,238.75,222,222.56,231.55,11672600,231.55
2015-04-28,235.5,228.03,234.75,230.48,6085400,230.48
2015-04-29,234.97,227.63,230.05,232.45,3936100,232.45
2015-04-30,232.89,225.17,230.39,226.05,3911900,226.05
2015-05-01,231.77,220.41,229.94,226.03,5281700,226.03
2015-05-04,234.73,227.11,228.18,230.51,4434600,230.51
2015-05-05,239.5,229.13,237.76,232.95,5796900,232.95
2015-05-06,234.47,228.2,234.1,230.43,5270900,230.43
2015-05-07,237.48,220.25,221,236.8,9455900,236.8
2015-05-08,238.41,233.7,235.99,236.61,4668200,236.61
2015-05-11,242.88,235.31,236.29,239.49,5672300,239.49
2015-05-12,246.35,238.19,240.11,244.74,6363400,244.74
2015-05-13,248.3,242.25,247.61,243.18,5440200,243.18
2015-05-14,244.89,241.25,244.82,244.1,2895900,244.1
2015-05-15,249.4,242.5,243.93,248.84,4527600,248.84
2015-05-18,249.9,246,247,248.75,3348000,248.75
2015-05-19,251,246.15,248.43,247.14,3674200,247.14
2015-05-20,247.74,241.37,247.13,244.35,3755600,244.35
2015-05-21,246.62,242.36,243.03,245.62,1970600,245.62
2015-05-22,248.6,245.01,245.38,247.73,2223100,247.73
2015-05-26,252,246.5,247.68,247.46,3498700,247.46
2015-05-27,249.5,245.55,248.51,247.43,3408200,247.43
2015-05-28,251.8,245.05,247.03,251.45,3647300,251.45
2015-05-29,252.87,249.43,251,250.8,3781700,250.8
2015-06-01,251.6,247.47,251.41,249.45,2505100,249.45
2015-06-02,249.4,246.3,248.92,248.35,2125800,248.35
2015-06-03,250.72,247.01,248.2,248.99,1781500,248.99
2015-06-04,249.3,245.71,247.5,245.92,2453600,245.92
2015-06-05,249.7,245.68,246,249.14,3022000,249.14
2015-06-08,258.75,250.31,250.85,256.29,5001200,256.29
2015-06-09,257.74,254.14,255.4,256,2611100,256
2015-06-10,254,248.5,251.9,250.7,3454500,250.7
2015-06-11,254.37,250.43,253.26,251.41,2044100,251.41
2015-06-12,253.46,250.21,250.21,250.69,1422300,250.69
2015-06-15,251.28,246.01,249.7,250.38,2186200,250.38
2015-06-16,253.44,249.1,250.13,253.12,1984700,253.12
2015-06-17,264.36,252.02,252.17,260.41,5512900,260.41
2015-06-18,263.46,260.02,262,261.89,2782700,261.89
2015-06-19,263.8,260.1,262.4,262.51,2463000,262.51
2015-06-22,264.4,255.69,262.15,259.79,4561100,259.79
2015-06-23,268,258.57,260.32,267.67,3870800,267.67
2015-06-24,267.35,263.72,266.98,265.17,2412300,265.17
2015-06-25,271.41,265.25,266.45,268.79,2849200,268.79
2015-06-26,269.11,266,268.89,267.09,3838400,267.09
2015-06-29,265.95,260.7,261.95,262.02,3478900,262.02
2015-06-30,270.92,264,264.8,268.26,3086900,268.26
2015-07-01,272.62,267.85,271.11,269.15,2101200,269.15
2015-07-02,282.45,273.31,280.2,280.02,7163900,280.02
2015-07-06,281.69,276.3,278.88,279.72,4121900,279.72
2015-07-07,275.2,260.77,275,267.88,6105100,267.88
2015-07-08,260.8,254.31,259.32,254.96,6221100,254.96
2015-07-09,262.95,256.79,259.08,257.92,3334100,257.92
2015-07-10,263,257.82,262.22,259.15,2610900,259.15
2015-07-13,262.55,256.05,262.25,262.16,2960300,262.16
2015-07-14,265.99,260.51,262.1,265.65,1907600,265.65
2015-07-15,267.49,262.08,266.74,263.14,2021600,263.14
2015-07-16,267.2,263.16,264.22,266.68,1616000,266.68
2015-07-17,275.54,268.25,272.5,274.66,5004100,274.66
2015-07-20,286.65,272.54,275,282.26,4978500,282.26
2015-07-21,273.5,266.55,270.05,266.77,6108700,266.77
2015-07-22,269.44,260.86,261.27,267.87,3105000,267.87
2015-07-23,269.9,265.27,269.65,267.2,2227200,267.2
2015-07-24,271.09,263.92,267.38,265.41,2836500,265.41
2015-07-27,264.43,250.79,262.43,253.01,4694200,253.01
2015-07-28,265.4,251.84,255.75,264.82,3895800,264.82
2015-07-29,267.89,262,264.27,263.82,2790100,263.82
2015-07-30,266.94,262.11,262.69,266.79,2034600,266.79
2015-07-31,269.36,265.12,267.6,266.15,2222600,266.15
2015-08-03,266.71,257.07,266.29,259.99,2553500,259.99
2015-08-04,266.72,258.34,260.01,266.28,2352500,266.28
2015-08-05,271,260.4,263.58,270.13,6214300,270.13
2015-08-06,255,236.12,249.54,246.13,14623800,246.13
2015-08-07,243.73,238.39,243.58,242.51,5073400,242.51
2015-08-10,242.97,236.05,238.15,241.14,4185900,241.14
2015-08-11,239.3,234.44,237.15,237.37,4253300,237.37
2015-08-12,239.77,232.74,235,238.17,3728000,238.17
2015-08-13,246.48,239.12,239.86,242.51,4689200,242.51
2015-08-14,247.93,241.77,247.24,243.15,4351700,243.15
2015-08-17,256.59,250.51,255.56,254.99,7176700,254.99
2015-08-18,260.95,253.56,255.38,260.72,4195000,260.72
2015-08-19,260.65,255.02,260.33,255.25,3604300,255.25
2015-08-20,254.56,241.9,252.06,242.18,4905800,242.18
2015-08-21,243.8,230.51,236,230.77,6590200,230.77
2015-08-24,231.4,195,202.79,218.87,9581600,218.87
2015-08-25,230.9,219.12,230.52,220.03,4327300,220.03
2015-08-26,228,215.51,227.93,224.84,4963000,224.84
2015-08-27,244.75,230.81,231,242.99,7656000,242.99
2015-08-28,251.45,241.57,241.86,248.48,5513700,248.48
2015-08-31,254.95,245.51,245.62,249.06,4680800,249.06
2015-09-01,246,236.97,240.34,238.63,5454800,238.63
2015-09-02,247.88,239.78,245.3,247.69,4629200,247.69
2015-09-03,252.08,245,252.06,245.57,4194800,245.57
2015-09-04,244.09,238.2,240.89,241.93,3689200,241.93
2015-09-08,249.16,244.05,245.05,248.17,3138200,248.17
2015-09-09,254.25,248.3,252.05,248.91,3384700,248.91
2015-09-10,250.72,245.33,247.23,248.48,2709000,248.48
2015-09-11,250.24,244.73,247.64,250.24,2350800,250.24
2015-09-14,254.25,249.67,251.1,253.19,2890900,253.19
2015-09-15,254.6,249.5,252.75,253.57,2929300,253.57
2015-09-16,262.88,252.88,253.04,262.25,4417100,262.25
2015-09-17,265.5,260.69,263.96,262.07,3585800,262.07
2015-09-18,263.82,257.5,257.96,260.62,3739800,260.62
2015-09-21,271.57,255.8,263.98,264.2,6120200,264.2
2015-09-22,262.65,255.87,259.03,260.94,3664400,260.94
2015-09-23,262.08,257.58,261.95,261.06,2600800,261.06
2015-09-24,263.45,256.21,259.53,263.12,3448200,263.12
2015-09-25,266.91,256.15,266.61,256.91,3773400,256.91
2015-09-28,259.79,246.61,257.35,248.43,4901100,248.43
2015-09-29,254.73,245.46,250.46,246.65,3703200,246.65
2015-09-30,252.4,242.34,252,248.4,4923300,248.4
2015-10-01,248.5,237.13,247.51,239.88,4573000,239.88
2015-10-02,247.7,234.93,235.6,247.57,4424000,247.57
2015-10-05,249.84,244.13,248.84,246.15,3689900,246.15
2015-10-06,243.03,235.58,240,241.46,5225200,241.46
2015-10-07,237.7,229.12,236.63,231.96,6814000,231.96
2015-10-08,230.72,221.31,230.08,226.72,6133200,226.72
2015-10-09,224.37,218.36,220.93,220.69,6158400,220.69
2015-10-12,223,215.27,222.99,215.58,3836300,215.58
2015-10-13,222.52,211.13,213.28,219.25,5171500,219.25
2015-10-14,220.95,215.43,220.67,216.88,3104400,216.88
2015-10-15,221.73,213.7,216.43,221.31,2844200,221.31
2015-10-16,230.48,222.87,223.04,227.01,4334500,227.01
2015-10-19,231.15,224.94,226.5,228.1,2507900,228.1
2015-10-20,228.6,202,227.72,213.03,14863300,213.03
2015-10-21,214.81,208.8,211.99,210.09,4151500,210.09
2015-10-22,215.75,209.4,211.56,211.72,2825200,211.72
2015-10-23,215.35,207.69,215,209.09,4235500,209.09
2015-10-26,215.88,210,211.38,215.26,3391400,215.26
2015-10-27,217.1,207.51,214.84,210.35,3519400,210.35
2015-10-28,213.45,208.3,211.31,212.96,2728600,212.96
2015-10-29,213.75,210.64,211.75,211.63,1782400,211.63
2015-10-30,211.63,203.89,210.4,206.93,4438900,206.93
2015-11-02,215.8,207.22,208.92,213.79,3927900,213.79
2015-11-03,214.44,207.75,213.85,208.35,8332500,208.35
2015-11-04,232.74,225.2,227,231.63,12706700,231.63
2015-11-05,234.58,229.19,230.58,231.77,4496800,231.77
2015-11-06,233.36,229.5,230.7,232.36,2445300,232.36
2015-11-09,232.99,224.31,232.99,225.33,3850900,225.33
2015-11-10,223.7,216.08,223.48,216.5,4617000,216.5
2015-11-11,219.48,213.63,217.77,219.08,3347800,219.08
2015-11-12,219,212.66,217.85,212.94,2915900,212.94
2015-11-13,212.99,206.52,212.95,207.19,3430300,207.19
2015-11-16,214.98,205.8,206.09,214.31,2925400,214.31
2015-11-17,216,211.4,215.2,214,2148700,214
2015-11-18,221.38,212.52,214.5,221.07,2811900,221.07
2015-11-19,226.19,220.3,220.54,221.8,2504400,221.8
2015-11-20,225,213.58,223.49,220.01,4400700,220.01
2015-11-23,219.18,214.68,217.35,217.75,2526200,217.75
2015-11-24,221,215,215.37,218.25,2480300,218.25
2015-11-25,230.83,220.38,221.34,229.64,3990800,229.64
2015-11-27,232.25,227.01,231.06,231.61,1949400,231.61
2015-11-30,234.28,229.08,231.79,230.26,2659800,230.26
2015-12-01,238,231.05,231.06,237.19,3734000,237.19
2015-12-02,238.6,231.23,237,231.99,2981500,231.99
2015-12-03,237.45,230,235.48,232.71,2939600,232.71
2015-12-04,233.27,227.66,232.46,230.38,2573600,230.38
2015-12-07,235.63,226.15,227.7,231.13,3144200,231.13
2015-12-08,228.8,224.2,227.52,226.72,2687600,226.72
2015-12-09,227.5,220.72,226.7,224.52,3057800,224.52
2015-12-10,228.49,223.64,224.71,227.07,2067000,227.07
2015-12-11,225.75,216.64,225.24,217.02,3268700,217.02
2015-12-14,220.92,214.87,217.51,218.58,2827100,218.58
2015-12-15,222.22,218,221.82,221.09,2244400,221.09
2015-12-16,234.88,220.73,222.1,234.51,5104300,234.51
2015-12-17,237.76,229.81,233.94,233.39,3298600,233.39
2015-12-18,235.9,229.29,232.89,230.46,3014200,230.46
2015-12-21,235.83,231.08,231.69,232.56,1953200,232.56
2015-12-22,236.55,229.63,234.99,229.95,1958700,229.95
2015-12-23,233.45,228.13,232.18,229.7,1555000,229.7
2015-12-24,231.88,228.28,230.56,230.57,710300,230.57
2015-12-28,231.98,225.54,231.49,228.95,1900200,228.95
2015-12-29,237.72,229.55,230.06,237.19,2406300,237.19
2015-12-30,243.63,235.67,236.6,238.09,3697900,238.09
2015-12-31,243.45,238.37,238.51,240.01,2715000,240.01
2016-01-04,231.38,219,230.72,223.41,6827100,223.41
2016-01-05,226.89,220,226.36,223.43,3186800,223.43
2016-01-06,220.05,215.98,220,219.04,3779100,219.04
2016-01-07,218.44,213.67,214.19,215.65,3554300,215.65
2016-01-08,220.44,210.77,217.86,211,3628100,211
2016-01-11,214.45,203,214.01,207.85,4089700,207.85
2016-01-12,213.74,205.31,211.6,209.97,3091900,209.97
2016-01-13,212.65,200,212.01,200.31,4126400,200.31
2016-01-14,210,193.38,202.21,206.18,6490700,206.18
2016-01-15,205.07,197.25,198.97,204.99,5578600,204.99
2016-01-19,210.47,200.78,208.71,204.72,4038700,204.72
2016-01-20,201.28,191.25,199.4,198.7,5838600,198.7
2016-01-21,203.23,195.02,201.55,199.97,3166200,199.97
2016-01-22,205.5,199.03,204.8,202.55,3124100,202.55
2016-01-25,203.57,195.88,200.06,196.38,2698700,196.38
2016-01-26,197.82,188.88,196.7,193.56,4946800,193.56
2016-01-27,193.26,185.77,192.38,188.07,3617200,188.07
2016-01-28,191.28,182.41,190.79,189.7,4592800,189.7
2016-01-29,193.74,188.08,189.95,191.2,2852300,191.2
2016-02-01,199.52,182.75,188.76,196.94,5297600,196.94
2016-02-02,193.12,180.23,192.42,182.78,5773600,182.78
2016-02-03,183.94,170.18,183.59,173.48,7931400,173.48
2016-02-04,175.98,166.99,170.7,175.33,4363900,175.33
2016-02-05,173,157.74,171.3,162.6,9437600,162.6
2016-02-08,157.15,146,157.1,147.99,9313000,147.99
2016-02-09,159.79,141.05,142.32,148.25,8575100,148.25
2016-02-10,154.97,141.74,150.5,143.67,10406500,143.67
2016-02-11,163.26,147,152,150.47,14252400,150.47
2016-02-12,157.01,143.7,155,151.04,7235800,151.04
2016-02-16,162.95,154.11,158.7,155.17,5593800,155.17
2016-02-17,169.34,156.68,159,168.68,5825200,168.68
2016-02-18,172.95,164.77,172.42,166.77,3887600,166.77
2016-02-19,167.49,162.5,163.66,166.58,2959400,166.58
2016-02-22,178.91,169.85,170.12,177.74,5060100,177.74
2016-02-23,181.73,173.68,176.16,177.21,5984400,177.21
2016-02-24,179.5,167.84,172.75,179,5395600,179
2016-02-25,188.52,175.2,178.65,187.43,5720500,187.43
2016-02-26,192,185,188.7,190.34,6065100,190.34
2016-02-29,196.35,189.22,192.4,191.93,4499000,191.93
2016-03-01,195.95,182.7,194.25,186.35,6712200,186.35
2016-03-02,188.52,181.5,183.73,188.34,4862400,188.34
2016-03-03,197.42,184.22,188.28,195.74,4820500,195.74
2016-03-04,204.03,197.5,198,201.04,6489100,201.04
2016-03-07,209.7,197.4,197.68,205.29,5329400,205.29
2016-03-08,207.5,202.2,203.5,202.6,4178700,202.6
2016-03-09,209.37,202.79,204.52,208.72,3208600,208.72
2016-03-10,213.29,200.67,210,205.18,5183200,205.18
2016-03-11,209.42,205.33,207.93,207.5,3343100,207.5
2016-03-14,216.72,210.64,212.65,215.15,4065700,215.15
2016-03-15,218.97,211.5,214.27,218.34,3180500,218.34
2016-03-16,222.58,217.02,218,221.93,3516700,221.93
2016-03-17,228.5,220,221.47,226.38,3782900,226.38
2016-03-18,234.48,228.06,229.1,232.74,4711800,232.74
2016-03-21,239.88,235,235.34,238.32,5307800,238.32
2016-03-22,238.99,232.56,237.21,234.24,4316000,234.24
2016-03-23,234.73,222.03,232.37,222.58,4948800,222.58
2016-03-24,228.89,215,215.78,227.75,4960900,227.75
2016-03-28,234.81,225,231.61,230.26,3925700,230.26
2016-03-29,232.38,225.33,229.89,230.13,4004900,230.13
2016-03-30,235.5,226.5,235.09,226.89,4033000,226.89
2016-03-31,237.42,225.01,229.34,229.77,8012900,229.77
2016-04-01,247.9,233.25,244.83,237.59,15997500,237.59
2016-04-04,252.12,243.64,249.12,246.99,13475300,246.99
2016-04-05,256.56,240,240.5,255.47,9948700,255.47
2016-04-06,267.74,253.45,253.97,265.42,11679900,265.42
2016-04-07,269.34,254.51,266.45,257.2,8856200,257.2
2016-04-08,260.82,248.02,260.5,250.07,7363900,250.07
2016-04-11,258.99,245.3,251,249.92,9161700,249.92
2016-04-12,251.8,243.63,249.5,247.82,5750800,247.82
2016-04-13,255.5,247.33,248.51,254.53,4925600,254.53
2016-04-14,256.84,251.05,253,251.86,4120000,251.86
2016-04-15,254.6,249.12,251.31,254.51,3752400,254.51
2016-04-18,258.31,251.66,252.23,253.88,4261800,253.88
2016-04-19,254.37,241.25,253.12,247.37,6357500,247.37
2016-04-20,253.66,241.5,246.26,249.97,5194100,249.97
2016-04-21,250.9,246.91,248.99,248.29,2783100,248.29
2016-04-22,254,245.71,248.89,253.75,3786300,253.75
2016-04-25,257.38,250.76,253.01,251.82,3670300,251.82
2016-04-26,255.73,249.39,252.05,253.74,3223800,253.74
2016-04-27,255,249.4,252.75,251.47,3205800,251.47
2016-04-28,253.43,247.44,249.85,247.71,2519000,247.71
2016-04-29,248.43,237.81,248.14,240.76,5413800,240.76
2016-05-02,243.19,234.82,241.5,241.8,3843900,241.8
2016-05-03,238.91,231.62,237.36,232.32,4302200,232.32
2016-05-04,234.46,220.4,230.29,222.56,8262500,222.56
2016-05-05,228.64,209.79,228.46,211.53,11254800,211.53
2016-05-06,216.37,208.11,210.87,214.93,5685200,214.93
2016-05-09,216.15,206.8,215.72,208.92,4776400,208.92
2016-05-10,209.47,205,207.55,208.69,4065200,208.69
2016-05-11,215.48,206.05,207.59,208.96,5161900,208.96
2016-05-12,211.67,203.66,211.44,207.28,3650500,207.28
2016-05-13,211.2,206.7,207.78,207.61,2822800,207.61
2016-05-16,213.15,207.92,208.15,208.29,2949400,208.29
2016-05-17,209.82,204.02,209.05,204.66,2843600,204.66
2016-05-18,215.31,207.75,209.15,211.17,5617500,211.17
2016-05-19,216.79,207.3,213.62,215.21,6866300,215.21
2016-05-20,220.55,216.35,216.99,220.28,9007100,220.28
2016-05-23,222.6,215.86,219.87,216.22,5093200,216.22
2016-05-24,218.74,215.18,216.6,217.91,3013800,217.91
2016-05-25,221.36,216.51,217.91,219.58,3126800,219.58
2016-05-26,225.26,219.05,220.5,225.12,4064000,225.12
2016-05-27,225.93,220.75,224.99,223.04,3650300,223.04
2016-05-31,224.75,221.5,223.04,223.23,2789000,223.23
2016-06-01,222.4,216.89,221.48,219.56,2982700,219.56
2016-06-02,219.91,217.11,219.59,218.96,2009400,218.96
2016-06-03,221.94,218.01,220,218.99,2229000,218.99
2016-06-06,220.9,215.45,218,220.68,2249500,220.68
2016-06-07,234.44,221.52,222.24,232.34,6213600,232.34
2016-06-08,240.85,232.61,233.8,235.52,5972000,235.52
2016-06-09,235.33,227.06,234.98,229.36,4492100,229.36
2016-06-10,227.97,218.42,227.39,218.79,6026600,218.79
2016-06-13,225.77,217.66,219.5,217.87,4193000,217.87
2016-06-14,222.2,212.53,218.88,214.96,3580200,214.96
2016-06-15,221.9,215.13,216.95,217.7,2908500,217.7
2016-06-16,218.04,213.5,217.42,217.93,2440300,217.93
2016-06-17,219.99,214.5,217.81,215.47,3112600,215.47
2016-06-20,223.75,218.23,219.5,219.7,3555500,219.7
2016-06-21,222.57,218.81,220.68,219.61,4529000,219.61
2016-06-22,205.95,195.75,199.47,196.66,23742400,196.66
2016-06-23,197.55,192.13,195.69,196.4,10130700,196.4
2016-06-24,195.12,189.73,190.05,193.15,7026500,193.15
2016-06-27,198.81,187.87,190.86,198.55,7205400,198.55
2016-06-28,204.05,199.41,201.89,201.79,6212400,201.79
2016-06-29,211.78,203,205.13,210.19,5994900,210.19
2016-06-30,213.5,209.02,212.97,212.28,4843100,212.28
2016-07-01,218.24,206,206.14,216.5,5400000,216.5
2016-07-05,214.54,208,209.73,213.98,5175300,213.98
2016-07-06,215.23,209,210,214.44,4919900,214.44
2016-07-07,218.12,213.01,213.1,215.94,3599700,215.94
2016-07-08,219.81,214.5,217.8,216.78,4074800,216.78
2016-07-11,226.78,219.51,219.96,224.78,5429800,224.78
2016-07-12,227.5,223.22,224.1,224.65,4571300,224.65
2016-07-13,225.59,220.29,225.5,222.53,3567100,222.53
2016-07-14,224.94,221.05,223.12,221.53,2675800,221.53
2016-07-15,222.75,219.64,222.52,220.4,2234200,220.4
2016-07-18,227.09,218.3,219.64,226.25,3412100,226.25
2016-07-19,229.1,224.75,225,225.26,3115100,225.26
2016-07-20,229.8,225,226.47,228.36,2568500,228.36
2016-07-21,227.85,219.1,226,220.5,4428700,220.5
2016-07-22,224.5,218.88,221.99,222.27,2579700,222.27
2016-07-25,231.39,221.37,222.27,230.01,4490700,230.01
2016-07-26,230,225.3,227.69,229.51,3430000,229.51
2016-07-27,233.36,226.92,229.34,228.49,2885200,228.49
2016-07-28,230.76,226.6,227.95,230.61,2419100,230.61
2016-07-29,235.28,230.24,230.7,234.79,3070800,234.79
2016-08-01,236.63,229.38,235.5,230.01,4016300,230.01
2016-08-02,229.87,221.4,229.37,227.2,3934400,227.2
2016-08-03,229.7,224.21,227.37,225.79,3887800,225.79
2016-08-04,230.86,222.05,225.69,230.61,4122800,230.61
2016-08-05,232,227.4,230,230.03,3205200,230.03
2016-08-08,229.6,226.09,228,226.16,2263600,226.16
2016-08-09,231.54,226.65,226.82,229.08,2207800,229.08
2016-08-10,229.87,224.62,228.24,225.65,2338300,225.65
2016-08-11,227.57,223.41,226.17,224.91,1875800,224.91
2016-08-12,226.65,224.04,225.41,225.61,1813500,225.61
2016-08-15,229.5,224.93,226.02,225.59,2034300,225.59
2016-08-16,227.19,223.41,225.49,223.61,2267100,223.61
2016-08-17,224.83,222.8,224.33,223.24,1787100,223.24
2016-08-18,225.66,222.29,223.82,223.51,1714500,223.51
2016-08-19,225.17,222.53,223.54,225,1659500,225
2016-08-22,225.11,222.68,224.17,222.93,2065500,222.93
2016-08-23,228.49,222.8,224.32,224.84,4784400,224.84
2016-08-24,227.15,222.22,227.05,222.62,2570700,222.62
2016-08-25,223.8,220.77,223.11,220.96,1762500,220.96
2016-08-26,222.86,218.82,222.14,219.99,2239000,219.99
2016-08-29,220.4,215,220.15,215.2,3257100,215.2
2016-08-30,216.11,210.52,216.11,211.34,3168900,211.34
2016-08-31,212.6,208.65,210.43,212.01,3276500,212.01
2016-09-01,211.1,200.5,209.01,200.77,7943100,200.77
2016-09-02,203.2,196.2,202.33,197.78,5977400,197.78
2016-09-06,203.25,199,199.02,202.83,4390600,202.83
2016-09-07,206.5,200.71,205.5,201.71,3640900,201.71
2016-09-08,199.89,196.36,199.55,197.36,3370000,197.36
2016-09-09,199.92,193.7,199.09,194.47,3757000,194.47
2016-09-12,201.37,194.1,195,198.3,3715200,198.3
2016-09-13,198.49,193.45,197.06,196.05,3589400,196.05
2016-09-14,197.92,194.86,195.75,196.41,2254500,196.41
2016-09-15,202.52,196.4,196.49,200.42,3077200,200.42
2016-09-16,205.7,199,200.42,205.4,3107800,205.4
2016-09-19,209.43,205,207,206.34,2297000,206.34
2016-09-20,207.75,203.91,206.85,204.64,2410500,204.64
2016-09-21,207,201.56,206.37,205.22,2633500,205.22
2016-09-22,207.28,203,206.4,206.43,2382900,206.43
2016-09-23,210.18,205.67,205.99,207.45,2905200,207.45
2016-09-26,211,206.5,206.5,208.99,2394400,208.99
2016-09-27,209.98,204.61,209.65,205.81,3373200,205.81
2016-09-28,208.25,205.26,207.51,206.27,2088400,206.27
2016-09-29,207.33,200.58,205.6,200.7,2727000,200.7
2016-09-30,204.98,199.55,202.21,204.03,2586300,204.03
2016-10-03,215.67,208.25,212.3,213.7,5999900,213.7
2016-10-04,213.32,208.82,213.1,211.41,3541500,211.41
2016-10-05,213.15,208.12,212.24,208.46,1877500,208.46
2016-10-06,204.21,200.21,202.46,201,4703400,201
2016-10-07,201.32,195.8,201,196.61,3493000,196.61
2016-10-10,204.14,199.66,201.35,200.95,3303100,200.95
2016-10-11,202.2,198.31,201.85,200.1,2328400,200.1
2016-10-12,203.88,200.42,200.95,201.51,1970700,201.51
2016-10-13,200.9,197.05,200.5,200.24,2494600,200.24
2016-10-14,201.43,196.3,200.66,196.51,4269900,196.51
2016-10-17,198.39,192,197.05,193.96,4554100,193.96
2016-10-18,199.47,193.26,195.99,199.1,5669000,199.1
2016-10-19,206.66,198.06,199.74,203.56,6991200,203.56
2016-10-20,203,197.05,202.12,199.1,5072900,199.1
2016-10-21,201.57,197.41,198.6,200.09,2943400,200.09
2016-10-24,203.95,200.25,201,202.76,2751600,202.76
2016-10-25,204.69,201.2,202.9,202.34,2445000,202.34
2016-10-26,203.19,200.1,201,202.24,5632800,202.24
2016-10-27,213.7,201.65,211.34,204.01,13093700,204.01
2016-10-28,205.32,199.83,204,199.97,4280100,199.97
2016-10-31,202.49,195.81,202.49,197.73,4692300,197.73
2016-11-01,198.5,188.11,198.04,190.79,7060000,190.79
2016-11-02,192.7,187.51,190.05,188.02,4253400,188.02
2016-11-03,191.47,187.04,189,187.42,2653000,187.42
2016-11-04,193.46,185.96,189,190.56,5146000,190.56
2016-11-07,194.29,190.05,193.59,193.21,3870100,193.21
2016-11-08,197.49,191.26,193.79,194.94,3251400,194.94
2016-11-09,192,183.95,186.88,190.06,8173100,190.06
2016-11-10,191.61,180.42,191.05,185.35,6750300,185.35
2016-11-11,188.88,183,184.24,188.56,3988500,188.56
2016-11-14,188.25,178.19,188,181.45,6542200,181.45
2016-11-15,186.43,182.05,182.78,183.77,3902000,183.77
2016-11-16,184.73,181.21,182.65,183.93,3430400,183.93
2016-11-17,189.49,182.11,183.49,188.66,4887100,188.66
2016-11-18,193,185,190.65,185.02,5210300,185.02
2016-11-21,188.89,184.41,185.04,184.52,4361000,184.52
2016-11-22,191.47,183.71,185.84,191.17,5603400,191.17
2016-11-23,195.64,189,190.61,193.14,4885300,193.14
2016-11-25,197.24,193.64,193.64,196.65,2366100,196.65
2016-11-28,199.35,194.55,195.48,196.12,4529200,196.12
2016-11-29,196.73,189.5,195.56,189.57,4439300,189.57
2016-11-30,191.89,187.5,191,189.4,3547100,189.4
2016-12-01,188.53,181,188.25,181.88,5126400,181.88
2016-12-02,184.88,180,182.88,181.47,4042300,181.47
2016-12-05,188.89,182.51,182.51,186.8,4072200,186.8
2016-12-06,186.58,182.68,185.52,185.85,3391600,185.85
2016-12-07,193.4,185,186.15,193.15,5461900,193.15
2016-12-08,192.5,189.54,192.05,192.29,3194100,192.29
2016-12-09,193.84,190.81,190.87,192.18,2722500,192.18
2016-12-12,194.42,191.18,192.8,192.43,2438900,192.43
2016-12-13,201.28,193,193.18,198.15,6823900,198.15
2016-12-14,203,196.76,198.74,198.69,4150900,198.69
2016-12-15,200.74,197.39,198.41,197.58,3219600,197.58
2016-12-16,202.59,197.6,198.08,202.49,3779800,202.49
2016-12-19,204.45,199.84,202.49,202.73,3488100,202.73
2016-12-20,209,202.5,203.05,208.79,4689100,208.79
2016-12-21,212.23,207.41,208.45,207.7,5207600,207.7
2016-12-22,209.99,206.5,208.22,208.45,3111100,208.45
2016-12-23,213.45,207.71,208,213.34,4662900,213.34
2016-12-27,222.25,214.42,214.88,219.53,5915700,219.53
2016-12-28,223.8,217.2,221.53,219.74,3782500,219.74
2016-12-29,219.2,214.12,218.56,214.68,4035900,214.68
2016-12-30,217.5,211.68,216.3,213.69,4642600,213.69
2017-01-03,220.33,210.96,214.86,216.99,5923300,216.99
2017-01-04,228,214.31,214.75,226.99,11213500,226.99
2017-01-05,227.48,221.95,226.42,226.75,5911700,226.75
2017-01-06,230.31,225.45,226.93,229.01,5527900,229.01
2017-01-09,231.92,228,228.97,231.28,3957000,231.28
2017-01-10,232,226.89,232,229.87,3660000,229.87
2017-01-11,229.98,226.68,229.07,229.73,3650800,229.73
2017-01-12,230.7,225.58,229.06,229.59,3790200,229.59
2017-01-13,237.85,229.59,230,237.75,6093000,237.75
2017-01-17,239.96,234.37,236.7,235.58,4611900,235.58
2017-01-18,239.71,235.58,236.65,238.36,3769000,238.36
2017-01-19,248.68,240.75,247.25,243.76,7732300,243.76
2017-01-20,246,243.01,245.46,244.73,4204300,244.73
2017-01-23,250.89,245.5,245.85,248.92,6262900,248.92
2017-01-24,254.8,249.65,250,254.61,4965500,254.61
2017-01-25,258.46,251.8,257.31,254.47,5142600,254.47
2017-01-26,255.74,250.75,254.29,252.51,3152100,252.51
2017-01-27,253,248.52,251.38,252.95,3166300,252.95
2017-01-30,255.29,247.1,252.53,250.63,3801100,250.63
2017-01-31,255.89,247.7,249.24,251.93,4116100,251.93
2017-02-01,253.2,249.05,253.05,249.24,3958800,249.24
2017-02-02,252.42,247.71,248.34,251.55,2499800,251.55
2017-02-03,252.18,249.68,251.91,251.33,2186700,251.33
2017-02-06,257.82,250.63,251,257.77,3562500,257.77
2017-02-07,260,256.42,258.19,257.48,4244800,257.48
2017-02-08,263.36,256.2,257.35,262.08,3933000,262.08
2017-02-09,271.18,266.15,266.25,269.2,7820200,269.2
2017-02-10,270.95,266.11,269.79,269.23,3619700,269.23
2017-02-13,280.79,270.51,270.74,280.6,7029600,280.6
2017-02-14,287.39,278.61,279.03,280.98,7329400,280.98
2017-02-15,282.24,276.44,280,279.76,4947900,279.76
2017-02-16,280,268.5,277.6,268.95,7077300,268.95
2017-02-17,272.89,264.15,265.8,272.23,6257100,272.23
2017-02-21,281.4,274.01,275.45,277.39,5676700,277.39
2017-02-22,283.45,272.6,280.31,273.51,8755000,273.51
2017-02-23,264.66,255.56,264,255.99,14915200,255.99
2017-02-24,258.25,250.2,252.66,257,8171600,257
2017-02-27,248.36,242.01,248.17,246.23,11460800,246.23
2017-02-28,251,243.9,244.19,249.99,6078100,249.99
2017-03-01,254.85,249.11,254.18,250.02,4809500,250.02
2017-03-02,253.28,248.27,249.71,250.48,3351800,250.48
2017-03-03,251.9,249,250.74,251.57,2919400,251.57
2017-03-06,251.7,247.51,247.91,251.21,3355500,251.21
2017-03-07,253.89,248.32,251.92,248.59,3459500,248.59
2017-03-08,250.07,245.32,247,246.87,3725200,246.87
2017-03-09,248.66,243,247.63,244.9,3879300,244.9
2017-03-10,246.5,243,246.21,243.69,3066300,243.69
2017-03-13,246.85,242.78,244.82,246.17,3022600,246.17
2017-03-14,258.12,246.02,246.11,258,7598400,258
2017-03-15,261,254.27,257,255.73,5330800,255.73
2017-03-16,265.75,259.06,262.4,262.05,7132200,262.05
2017-03-17,265.33,261.2,264,261.5,6497500,261.5
2017-03-20,264.55,258.82,260.6,261.92,3614300,261.92
2017-03-21,264.8,250.24,262.83,250.68,6908600,250.68
2017-03-22,255.07,250.51,251.56,255.01,4059300,255.01
2017-03-23,257.67,253.3,255.39,254.78,3320200,254.78
2017-03-24,263.89,255.01,255.7,263.16,5647300,263.16
2017-03-27,270.57,259.75,260.6,270.22,6230800,270.22
2017-03-28,280.68,275,277.02,277.45,7987600,277.45
2017-03-29,279.6,275.54,278.34,277.38,3676200,277.38
2017-03-30,282,277.21,278.04,277.92,4148400,277.92
2017-03-31,279.68,276.32,278.73,278.3,3294600,278.3
2017-04-03,299,284.58,286.9,298.52,13888600,298.52
2017-04-04,304.81,294.53,296.89,303.7,10134600,303.7
2017-04-05,304.88,294.2,302.04,295,7880900,295
2017-04-06,301.94,294.1,296.88,298.7,5520600,298.7
2017-04-07,302.69,297.15,297.5,302.54,4579600,302.54
2017-04-10,313.73,308.71,309.15,312.39,7664500,312.39
2017-04-11,313.47,305.5,313.38,308.71,5724600,308.71
2017-04-12,308.45,296.32,306.34,296.84,6050700,296.84
2017-04-13,307.39,295.3,296.7,304,9284600,304
2017-04-17,304,298.68,302.7,301.44,4138700,301.44
2017-04-18,300.84,297.9,299.7,300.25,3035700,300.25
2017-04-19,306.62,302.11,302.46,305.52,3898000,305.52
2017-04-20,309.15,300.23,306.51,302.51,6149400,302.51
2017-04-21,306.4,300.42,302,305.6,4509800,305.6
2017-04-24,310.55,306.02,309.22,308.03,5083500,308.03
2017-04-25,313.98,305.86,308,313.79,6737700,313.79
2017-04-26,314.5,309,312.37,310.17,4695000,310.17
2017-04-27,313.09,307.5,311.69,308.63,3468600,308.63
2017-04-28,314.8,308,309.83,314.07,4463400,314.07
2017-05-01,327.25,314.81,314.88,322.83,8829600,322.83
2017-05-02,327.66,316.56,324,318.89,5382800,318.89
2017-05-03,321.53,310.45,317.67,311.02,7133400,311.02
2017-05-04,307.77,290.76,307.44,295.46,14152000,295.46
2017-05-05,308.55,296.8,298,308.35,8177300,308.35
2017-05-08,313.79,305.82,310.9,307.19,7006500,307.19
2017-05-09,321.99,309.1,309.38,321.26,9676500,321.26
2017-05-10,325.5,318.12,321.56,325.22,5741600,325.22
2017-05-11,326,319.6,323.4,323.1,4753800,323.1
2017-05-12,327,321.53,325.48,324.81,4121600,324.81
2017-05-15,320.2,312.53,318.38,315.88,7622000,315.88
2017-05-16,320.06,315.14,317.59,317.01,4152500,317.01
2017-05-17,314.63,305.5,314.39,306.11,6711900,306.11
2017-05-18,313.94,305.31,307,313.06,5653800,313.06
2017-05-19,316.5,310.2,315.5,310.83,4687600,310.83
2017-05-22,314.37,306.8,312.8,310.35,4329200,310.35
2017-05-23,310.73,303.48,310.46,303.86,4318400,303.86
2017-05-24,311,305.4,306.51,310.22,5033300,310.22
2017-05-25,316.97,307.81,311.02,316.83,5014000,316.83
2017-05-26,325.49,316.31,317.28,325.14,7802200,325.14
2017-05-30,336.28,325.76,326,335.1,7782900,335.1
2017-05-31,342.89,335.16,337.69,341.01,9963400,341.01
2017-06-01,344.88,337.29,344,340.37,7608000,340.37
2017-06-02,342.88,335.93,339.77,339.85,5590200,339.85
2017-06-05,348.44,334.21,338.5,347.32,6784400,347.32
2017-06-06,359.49,339.97,344.7,352.85,11086800,352.85
2017-06-07,360.5,355.14,356.34,359.65,9398000,359.65
2017-06-08,371.9,360.22,363.75,370,9009800,370
2017-06-09,376.87,354.8,374.42,357.32,17261400,357.32
2017-06-12,364.5,350.62,357.99,359.01,10517700,359.01
2017-06-13,376,366.61,367.62,375.95,11807900,375.95
2017-06-14,384.25,376.31,381.09,380.66,12818400,380.66
2017-06-15,375.46,366.49,372.5,375.34,10426500,375.34
2017-06-16,378.01,370.1,377.98,371.4,6731000,371.4
2017-06-19,376.7,367.8,375,369.8,6549300,369.8
2017-06-20,378.88,369.73,376.67,372.24,7438700,372.24
2017-06-21,376.99,368.02,374.35,376.4,4923200,376.4
2017-06-22,385,373.57,377.99,382.61,7529800,382.61
2017-06-23,386.99,379.35,382.45,383.45,6445800,383.45
2017-06-26,386.95,373.1,386.69,377.49,6604100,377.49
2017-06-27,376.4,362.02,376.4,362.37,6996400,362.37
2017-06-28,371.74,362.52,366.68,371.24,6302500,371.24
2017-06-29,371,354.1,370.61,360.75,8221000,360.75
2017-06-30,366.77,359.62,363.71,361.61,5848500,361.61
2017-07-03,371.35,351.5,370.24,352.62,6305400,352.62
2017-07-05,347.24,326.33,347.2,327.09,17046700,327.09
2017-07-06,320.79,306.3,317.26,308.83,19324500,308.83
2017-07-07,317,307.38,313.5,313.22,14176900,313.22
2017-07-10,317.94,303.13,312.9,316.05,13820900,316.05
2017-07-11,327.28,314.3,316,327.22,11559400,327.22
2017-07-12,333.1,324.5,330.4,329.52,10346100,329.52
2017-07-13,331.6,319.97,330.11,323.41,8594500,323.41
2017-07-14,328.42,321.22,323.19,327.78,5625200,327.78
2017-07-17,327.1,313.45,325.54,319.57,9876900,319.57
2017-07-18,329.13,315.66,317.5,328.24,6373700,328.24
2017-07-19,331.65,323.22,328.23,325.26,6357000,325.26
2017-07-20,330.22,324.2,326.9,329.92,5166200,329.92
2017-07-21,331.26,325.8,329.46,328.4,4901600,328.4
2017-07-24,343.4,330.01,330.24,342.52,8637100,342.52
2017-07-25,345.6,334.15,345,339.6,6989200,339.6
2017-07-26,345.5,338.12,340.36,343.85,4820800,343.85
2017-07-27,347.5,326.29,346,334.46,8302400,334.46
2017-07-28,339.6,332.51,336.89,335.07,4880400,335.07
2017-07-31,341.49,321.04,335.5,323.47,8535100,323.47
2017-08-01,324.45,316.13,323,319.57,8303100,319.57
2017-08-02,327.12,311.22,318.94,325.89,13091500,325.89
2017-08-03,350,343.15,345.33,347.09,13535000,347.09
2017-08-04,357.27,343.3,347,356.91,9268900,356.91
2017-08-07,359.48,352.75,357.35,355.17,6324500,355.17
2017-08-08,368.58,357.4,357.53,365.22,7449800,365.22
2017-08-09,370,358.95,361,363.53,6892100,363.53
2017-08-10,366.65,354.66,361.6,355.4,7092900,355.4
2017-08-11,361.26,353.62,356.97,357.87,4365800,357.87
2017-08-14,367.66,362.6,364.63,363.8,4502700,363.8
2017-08-15,365.49,359.37,365.2,362.33,3085100,362.33
2017-08-16,366.5,362.52,363,362.91,3413800,362.91
2017-08-17,363.3,351.59,361.21,351.92,5027700,351.92
2017-08-18,354,345.8,352.91,347.46,5408200,347.46
2017-08-21,345.82,331.85,345.82,337.86,6495400,337.86
2017-08-22,342.24,337.37,341.13,341.35,4322000,341.35
2017-08-23,353.49,338.3,338.99,352.77,4954500,352.77
2017-08-24,356.66,349.74,352.52,352.93,4584700,352.93
2017-08-25,355.69,347.3,354.24,348.05,3484000,348.05
2017-08-28,347.35,339.72,347.28,345.66,3764000,345.66
2017-08-29,349.05,338.75,339.48,347.36,4073700,347.36
2017-08-30,353.47,347,349.67,353.18,3412900,353.18
2017-08-31,358.44,352.82,353.55,355.9,4072800,355.9
2017-09-01,357.59,353.69,356.12,355.4,3049500,355.4
2017-09-05,355.49,345.89,353.8,349.59,3835100,349.59
2017-09-06,350.98,341.56,349.5,344.53,4091400,344.53
2017-09-07,352.48,343.45,345.98,350.61,4239200,350.61
2017-09-08,349.78,342.3,348.99,343.4,3263500,343.4
2017-09-11,363.71,350,351.35,363.69,7667100,363.69
2017-09-12,368.76,360.4,364.49,362.75,5972900,362.75
2017-09-13,368.07,359.59,363.82,366.23,4185200,366.23
2017-09-14,377.96,362.63,364.33,377.64,7202500,377.64
2017-09-15,380,372.7,374.51,379.81,5420500,379.81
2017-09-18,389.61,377.68,380.25,385,7188000,385
2017-09-19,382.39,373.57,380,375.1,6451900,375.1
2017-09-20,378.25,371.07,373,373.91,4919100,373.91
2017-09-21,376.83,364.51,374.9,366.48,4618200,366.48
2017-09-22,369.9,350.88,366.49,351.09,8159400,351.09
2017-09-25,357.47,342.88,353.15,344.99,7605900,344.99
2017-09-26,351.24,340.9,350.93,345.25,7156300,345.25
2017-09-27,351.49,340.5,349.9,340.97,6060300,340.97
2017-09-28,342.75,335.4,339.88,339.6,5319600,339.6
2017-09-29,344.68,338.6,341.86,341.1,5107100,341.1
2017-10-02,343.7,335.51,342.52,341.53,5286800,341.53
2017-10-03,348.55,331.28,335.9,348.14,10153600,348.14
2017-10-04,358.62,349.6,351.25,355.01,8163500,355.01
2017-10-05,357.44,351.35,356,355.33,4171700,355.33
2017-10-06,360.1,352.25,353.1,356.88,4297500,356.88
2017-10-09,351.75,342.67,349.65,342.94,7493700,342.94
2017-10-10,355.63,345.53,346.8,355.59,6978500,355.59
2017-10-11,357.6,351.15,353.89,354.6,4500800,354.6
2017-10-12,359.78,352.64,352.95,355.68,4087000,355.68
2017-10-13,358.49,353.68,356.98,355.57,3540500,355.57
2017-10-16,354.48,347.16,353.76,350.6,5375500,350.6
2017-10-17,356.22,350.07,350.91,355.75,3293300,355.75
2017-10-18,363,354.13,355.97,359.65,4939100,359.65
2017-10-19,357.15,348.2,355.56,351.81,5061800,351.81
2017-10-20,354.55,344.34,352.69,345.1,4930400,345.1
2017-10-23,349.95,336.25,349.88,337.02,5747300,337.02
2017-10-24,342.8,336.16,338.8,337.34,4491700,337.34
2017-10-25,337.5,323.56,336.7,325.84,8594100,325.84
2017-10-26,330.23,323.2,327.78,326.17,5023500,326.17
2017-10-27,324.59,316.66,319.75,320.87,6979700,320.87
2017-10-30,323.78,317.25,319.18,320.08,4254400,320.08
2017-10-31,331.95,320.18,320.23,331.53,5672300,331.53
2017-11-01,332.61,320.26,332.25,321.08,8457300,321.08
2017-11-02,308.69,292.63,300.13,299.26,19791400,299.26
2017-11-03,306.25,295.13,299.5,306.09,8894000,306.09
2017-11-06,307.5,299.01,307,302.78,6474100,302.78
2017-11-07,306.5,300.03,301.02,306.05,5294300,306.05
2017-11-08,306.89,301.3,305.5,304.39,4725300,304.39
2017-11-09,304.46,296.3,302.5,302.99,5447100,302.99
2017-11-10,308.36,301.85,302.5,302.99,4625400,302.99
2017-11-13,316.8,299.11,300.13,315.4,7584900,315.4
2017-11-14,316.35,306.9,315,308.7,5676100,308.7
2017-11-15,312.49,301.5,306.01,311.3,5978700,311.3
2017-11-16,318.14,311.3,313.99,312.5,5822100,312.5
2017-11-17,326.67,313.15,325.67,315.05,13735100,315.05
2017-11-20,315.5,304.75,313.79,308.74,8247700,308.74
2017-11-21,318.23,308.71,310.86,317.81,7261300,317.81
2017-11-22,317.42,311.84,316.77,312.6,4917600,312.6
2017-11-24,316.41,311,313.79,315.55,3244100,315.55
2017-11-27,317.34,309.51,313.25,316.81,4555900,316.81
2017-11-28,320,313.92,316.36,317.55,4949500,317.55
2017-11-29,318,301.23,317.3,307.54,8767400,307.54
2017-11-30,310.7,304.54,308.56,308.85,4351600,308.85
2017-12-01,310.32,305.05,305.44,306.53,4292900,306.53
2017-12-04,308.27,300.61,306.5,305.2,5835100,305.2
2017-12-05,308,301,302,303.7,4646500,303.7
2017-12-06,313.39,300,300.1,313.26,7195300,313.26
2017-12-07,318.63,311.05,312,311.24,4780600,311.24
2017-12-08,316.98,311.26,314.6,315.13,3468500,315.13
2017-12-11,329.01,313.75,314.63,328.91,7938000,328.91
2017-12-12,341.44,330.03,330.45,341.03,8733200,341.03
2017-12-13,344.22,336.5,340.93,339.03,6221500,339.03
2017-12-14,347.44,336.9,341.01,337.89,5799900,337.89
2017-12-15,343.9,335.76,342.04,343.45,6933200,343.45
2017-12-18,346.73,337.58,344.9,338.87,5476200,338.87
2017-12-19,341.49,330.3,340.26,331.1,6825000,331.1
2017-12-20,333.1,325.04,332.69,328.98,5953800,328.98
2017-12-21,333.74,327.21,329.59,331.66,4385200,331.66
2017-12-22,330.92,324.82,329.51,325.2,4215800,325.2
2017-12-26,323.94,316.58,323.83,317.29,4378400,317.29
2017-12-27,317.68,310.75,316,311.64,4712100,311.64
2017-12-28,315.82,309.54,311.75,315.36,4316300,315.36
2017-12-29,316.41,310,316.18,311.35,3777200,311.35
2018-01-02,322.11,311,312,320.53,4352200,320.53
2018-01-03,325.25,315.55,321,317.25,4521500,317.25
2018-01-04,318.55,305.68,312.87,314.62,9946300,314.62
2018-01-05,317.24,312,316.62,316.58,4591200,316.58
2018-01-08,337.02,315.5,316,336.41,9859400,336.41
2018-01-09,338.8,327.4,335.16,333.69,7146600,333.69
2018-01-10,337,330,332.2,334.8,4309900,334.8
2018-01-11,344.81,333.26,335.24,337.95,6645500,337.95
2018-01-12,340.41,333.67,338.63,336.22,4825100,336.22
2018-01-16,345,334.8,337.54,340.06,6474300,340.06
2018-01-17,349,339.75,340.47,347.16,7083700,347.16
2018-01-18,352.3,343.74,345.67,344.57,5685800,344.57
2018-01-19,350.59,342.6,345,350.02,4888300,350.02
2018-01-22,357.83,349.2,349.4,351.56,6210400,351.56
2018-01-23,360.5,351,360,352.79,5465400,352.79
2018-01-24,354.75,343.52,354.58,345.89,5287500,345.89
2018-01-25,349.2,336.4,348.27,337.64,6740300,337.64
2018-01-26,344,335.71,341.5,342.85,4539400,342.85
2018-01-29,350.85,338.28,339.85,349.53,4747100,349.53
2018-01-30,348.27,342.17,345.14,345.82,4717700,345.82
2018-01-31,356.19,345.19,347.51,354.31,6214100,354.31
2018-02-01,359.66,348.63,351,349.25,4197700,349.25
2018-02-02,351.95,340.51,348.44,343.75,3704800,343.75
2018-02-05,344.47,333,337.97,333.13,4464100,333.13
2018-02-06,336.22,323.5,325.21,333.97,5088400,333.97
2018-02-07,346,335.66,338.99,345,6969200,345
2018-02-08,348.62,314.6,343.31,315.23,10314600,315.23
2018-02-09,320.98,294.76,319.93,310.42,12933700,310.42
2018-02-12,318.08,306.25,316.13,315.73,6227800,315.73
2018-02-13,324.19,312.51,315.02,323.66,4560200,323.66
2018-02-14,326.17,318.52,320.84,322.31,3950700,322.31
2018-02-15,334.12,322.4,324.5,334.07,5912900,334.07
2018-02-16,343.12,331.64,332.5,335.49,5642600,335.49
2018-02-20,340.84,331.5,334.47,334.77,4009400,334.77
2018-02-21,339.69,333.17,336.03,333.3,3219600,333.3
2018-02-22,347.44,334.75,335.53,346.17,6969800,346.17
2018-02-23,354.99,347.1,347.83,352.05,5817400,352.05
2018-02-26,359,352.36,353.5,357.42,4340000,357.42
2018-02-27,359.99,350.01,356.25,350.99,4797400,350.99
2018-02-28,355.24,342.22,352.57,343.06,6069700,343.06
2018-03-01,348.67,330.07,345.01,330.93,6885600,330.93
2018-03-02,335.22,322.97,326.98,335.12,5092800,335.12
2018-03-05,337.75,329.29,332.39,333.35,3823800,333.35
2018-03-06,336.37,327.03,333.75,328.2,4285700,328.2
2018-03-07,332.5,321.74,325.44,332.3,5007300,332.3
2018-03-08,333.3,326.27,332.86,329.1,3566200,329.1
2018-03-09,328.49,322.37,324.1,327.17,5506800,327.17
2018-03-12,347.21,326.5,328.61,345.51,8264000,345.51
2018-03-13,347.21,326.5,328.61,341.84,5965800,341.84
2018-03-14,339.81,323.93,336.76,326.63,7967400,326.63
2018-03-15,332.85,321.1,329.38,325.6,6564800,325.6
2018-03-16,327.4,319.07,322.93,321.35,6117300,321.35
2018-03-19,320.75,309.67,316.5,313.56,7484300,313.56
2018-03-20,316.25,308.76,314.87,310.55,4764300,310.55
2018-03-21,322.44,310.19,310.25,316.53,5958400,316.53
2018-03-22,318.82,308.18,313.89,309.1,4939800,309.1
2018-03-23,311.25,300.45,311.25,301.54,6654900,301.54
2018-03-26,307.59,291.36,307.34,304.18,8375200,304.18
2018-03-27,304.27,277.18,304,279.18,13872000,279.18
2018-03-28,268.68,252.1,264.58,257.78,21001400,257.78
2018-03-29,270.96,248.21,256.49,266.13,15170700,266.13
2018-04-02,260.33,244.59,256.26,252.48,16114000,252.48
2018-04-03,273.35,254.49,269.82,267.53,18844400,267.53
2018-04-04,288.37,252,252.78,286.94,19896700,286.94
2018-04-05,306.26,288.2,289.34,305.72,19121100,305.72
2018-04-06,309.28,295.5,301,299.3,13520300,299.3
2018-04-09,309.5,289.21,300.37,289.66,10249800,289.66
2018-04-10,307.1,293.68,298.97,304.7,10989800,304.7
2018-04-11,308.98,299.66,300.74,300.93,7482900,300.93
2018-04-12,303.95,293.68,302.32,294.08,7608800,294.08
2018-04-13,303.95,295.98,303.6,300.34,7327200,300.34
2018-04-16,299.66,289.01,299,291.21,6338500,291.21
2018-04-17,292.17,282.51,288.87,287.69,7000000,287.69
2018-04-18,300.24,288.16,291.08,293.35,6557700,293.35
2018-04-19,301.01,288.55,291.08,300.08,6090600,300.08
2018-04-20,299.98,289.75,295.17,290.24,5627900,290.24
2018-04-23,291.62,282.33,291.29,283.37,4893400,283.37
2018-04-24,287.09,278.46,285,283.46,5685300,283.46
2018-04-25,285.16,277.25,283.5,280.69,4013600,280.69
2018-04-26,285.79,276.5,278.75,285.48,4356000,285.48
2018-04-27,294.47,283.83,285.37,294.08,4364600,294.08
2018-04-30,298.73,292.5,293.61,293.9,4228200,293.9
2018-05-01,300.82,293.22,293.51,299.92,4625600,299.92
2018-05-02,306.85,297.78,298.57,301.15,8970400,301.15
2018-05-03,288.04,275.23,278.79,284.45,17352100,284.45
2018-05-04,296.86,279.52,283,294.09,8569400,294.09
2018-05-07,305.96,295.17,297.5,302.77,8678200,302.77
2018-05-08,307.75,299,300.8,301.97,5930000,301.97
2018-05-09,307.01,300.05,300.41,306.85,5727400,306.85
2018-05-10,312.99,304.11,307.5,305.02,5651600,305.02
2018-05-11,308.88,299.08,307.7,301.06,4679600,301.06
2018-05-14,304.94,291.62,303.32,291.97,7286800,291.97
2018-05-15,286.96,280.5,285.01,284.18,9519200,284.18
2018-05-16,288.81,281.56,283.83,286.48,5674000,286.48
2018-05-17,289.19,283.97,285.9,284.54,4420600,284.54
2018-05-18,284.65,274,284.65,276.82,7251900,276.82
2018-05-21,291.49,281.3,281.33,284.49,9182600,284.49
2018-05-22,288,273.42,287.76,275.01,8945800,275.01
2018-05-23,279.91,274,277.76,279.07,5953100,279.07
2018-05-24,281.11,274.89,278.4,277.85,4176700,277.85
2018-05-25,279.64,275.61,277.63,278.85,3875100,278.85
2018-05-29,286.5,276.15,278.51,283.76,5666600,283.76
2018-05-30,295.01,281.6,283.29,291.72,7489700,291.72
2018-05-31,290.37,282.93,287.21,284.73,5919700,284.73
2018-06-01,291.95,283.84,285.86,291.82,5424400,291.82
2018-06-04,299,293.55,294.34,296.74,4797800,296.74
2018-06-05,297.8,286.74,297.7,291.13,5995200,291.13
2018-06-06,322.17,297.48,300.5,319.5,18767300,319.5
2018-06-07,330,313.58,316.15,316.09,14345300,316.09
2018-06-08,324.48,317.15,319,317.66,8205200,317.66
2018-06-11,334.66,322.5,322.51,332.1,13183500,332.1
2018-06-12,354.97,338,344.7,342.77,22347400,342.77
2018-06-13,347.2,339.8,346.71,344.78,9469800,344.78
2018-06-14,358.75,346.6,347.63,357.72,10981000,357.72
2018-06-15,364.67,351.25,353.84,358.17,10848300,358.17
2018-06-18,373.73,354.5,355.4,370.83,12073200,370.83
2018-06-19,370,346.25,365.16,352.55,12761900,352.55
2018-06-20,364.38,352,358.04,362.22,8383700,362.22
2018-06-21,366.21,346.27,362,347.51,7967100,347.51
2018-06-22,352.25,332,351.54,333.63,10266100,333.63
2018-06-25,338.47,327.5,330.12,333.01,6931300,333.01
2018-06-26,343.55,325.8,336.05,342,7452500,342
2018-06-27,350.79,339.5,345,344.5,8333700,344.5
2018-06-28,357.02,346.11,348.66,349.93,8398000,349.93
2018-06-29,353.86,342.41,353.33,342.95,6492400,342.95
2018-07-02,364.78,329.85,360.07,335.07,18759800,335.07
2018-07-03,332.49,309.69,331.75,310.86,12282600,310.86
2018-07-05,314.39,296.22,313.76,309.16,17476400,309.16
2018-07-06,312.07,302,304.95,308.9,8865500,308.9
2018-07-09,318.52,308,311.99,318.51,7596800,318.51
2018-07-10,327.68,319.2,324.56,322.47,9471500,322.47
2018-07-11,321.94,315.07,315.8,318.96,4884100,318.96
2018-07-12,323.23,312.77,321.43,316.71,5721200,316.71
2018-07-13,319.58,309.25,315.58,318.87,5869800,318.87
2018-07-16,315.16,306.25,311.71,310.1,7818700,310.1
2018-07-17,324.74,308.5,308.81,322.69,6996200,322.69
2018-07-18,325.5,316.25,325,323.85,5624200,323.85
2018-07-19,323.54,314.01,316.33,320.23,5915300,320.23
2018-07-20,323.24,311.71,321.23,313.58,5162200,313.58
2018-07-23,305.5,292.86,301.84,303.2,10992900,303.2
2018-07-24,307.72,292.55,304.42,297.43,9590800,297.43
2018-07-25,309.62,294.5,296.74,308.74,7075400,308.74
2018-07-26,310.7,303.64,304.85,306.65,4630500,306.65
2018-07-27,307.69,295.34,307.25,297.18,5703300,297.18
2018-07-30,296.1,286.13,295.9,290.17,6814100,290.17
2018-07-31,298.32,289.07,292.25,298.14,5076900,298.14
2018-08-01,303,293,297.99,300.84,10129400,300.84
2018-08-02,349.99,323.16,328.44,349.54,23215000,349.54
2018-08-03,355,342.53,347.81,348.17,13656500,348.17
2018-08-06,354.98,341.82,345.46,341.99,8564300,341.99
2018-08-07,387.46,339.15,343.84,379.57,30875800,379.57
2018-08-08,382.64,367.12,369.09,370.34,24571200,370.34
2018-08-09,367.01,345.73,365.55,352.45,17103700,352.45
2018-08-10,360,346,354,355.49,11552000,355.49
2018-08-13,363.19,349.02,361.13,356.41,10450200,356.41
2018-08-14,359.2,347.1,358.45,347.64,6986400,347.64
2018-08-15,344.49,332.14,341.91,338.69,9101300,338.69
2018-08-16,342.28,333.82,339.91,335.45,6064000,335.45
2018-08-17,326.77,303.53,323.5,305.5,18958600,305.5
2018-08-20,308.5,288.2,291.7,308.44,17402300,308.44
2018-08-21,324.79,309,310.61,321.9,13172200,321.9
2018-08-22,323.88,314.67,320.87,321.64,5946000,321.64
2018-08-23,327.32,318.1,319.14,320.1,5147300,320.1
2018-08-24,323.85,319.4,320.7,322.82,3602600,322.82
2018-08-27,322.44,308.81,318,319.27,13079300,319.27
2018-08-28,318.88,311.19,318.41,311.86,7649100,311.86
2018-08-29,311.85,303.69,310.27,305.01,7447400,305.01
2018-08-30,304.6,297.72,302.26,303.15,7216700,303.15
2018-08-31,305.31,298.6,302,301.66,5375100,301.66
2018-09-04,298.19,288,296.94,288.95,8350500,288.95
2018-09-05,286.78,277.18,285.05,280.74,7720800,280.74
2018-09-06,291.17,278.88,284.8,280.95,7480800,280.95
2018-09-07,268.35,252.25,260.1,263.24,22491900,263.24
2018-09-10,286.03,271,273.26,285.5,14283500,285.5
2018-09-11,282,273.55,279.47,279.44,9170000,279.44
2018-09-12,292.5,278.65,281.44,290.54,10015400,290.54
2018-09-13,295,285.18,288.02,289.46,6340300,289.46
2018-09-14,297.33,286.52,288.76,295.2,6765600,295.2
2018-09-17,300.87,288.13,290.04,294.84,6887600,294.84
2018-09-18,302.64,275.5,296.69,284.96,16547500,284.96
2018-09-19,300,280.5,280.51,299.02,8294900,299.02
2018-09-20,305.98,293.33,303.56,298.33,7349400,298.33
2018-09-21,300.58,295.37,297.7,299.1,5050500,299.1
2018-09-24,303,293.58,298.48,299.68,4843000,299.68
2018-09-25,304.6,296.5,300,300.99,4481700,300.99
2018-09-26,313.89,301.11,301.91,309.58,7843200,309.58
2018-09-27,314.96,306.91,312.9,307.52,8509100,307.52
2018-09-28,278,260.56,270.26,264.77,33649700,264.77
2018-10-01,311.44,301.05,305.77,310.7,21777600,310.7
2018-10-02,316.84,299.15,313.95,301.02,11743500,301.02
2018-10-03,304.6,291.57,303.33,294.8,7995000,294.8
2018-10-04,294,277.67,293.95,281.83,9814200,281.83
2018-10-05,274.88,260,274.65,261.95,17944500,261.95
2018-10-08,267.76,249,264.52,250.56,13472700,250.56
2018-10-09,266.77,253.3,255.25,262.8,12060600,262.8
2018-10-10,265.51,247.77,264.61,256.88,12815300,256.88
2018-10-11,262.25,249.03,257.53,252.23,8167700,252.23
2018-10-12,261.99,252.01,261,258.78,7201400,258.78
2018-10-15,263.28,254.54,259.06,259.59,6200000,259.59
2018-10-16,277.38,262.24,265.7,276.59,9526400,276.59
2018-10-17,282.7,265.8,282.4,271.78,8655500,271.78
2018-10-18,271,263,269.29,263.91,5421200,263.91
2018-10-19,269.66,253.5,267.39,260,9375500,260
2018-10-22,261.86,252.59,260.68,260.95,5600300,260.95
2018-10-23,297.93,262.1,263.87,294.14,19027800,294.14
2018-10-24,304.44,285.73,301.05,288.5,20058300,288.5
2018-10-25,321,301.01,317.22,314.86,20840700,314.86
2018-10-26,339.9,306.65,308.25,330.9,27425500,330.9
2018-10-29,347.16,326.5,337.47,334.85,14486000,334.85
2018-10-30,337.9,322.26,328.39,329.9,9126700,329.9
2018-10-31,342,329.1,332.54,337.32,7624300,337.32
2018-11-01,347.84,334.73,338.26,344.28,8000100,344.28
2018-11-02,349.2,340.91,343.74,346.41,7808000,346.41
2018-11-05,343.96,330.14,340.5,341.4,7831000,341.4
2018-11-06,348.8,336.09,339.07,341.06,6762900,341.06
2018-11-07,351.18,340.8,343.34,348.16,7374500,348.16
2018-11-08,357.58,348.44,348.5,351.4,7090700,351.4
2018-11-09,354,345.23,349,350.51,5098800,350.51
2018-11-12,349.78,330.34,348.37,331.28,6941500,331.28
2018-11-13,344.7,332.2,333.16,338.73,5448600,338.73
2018-11-14,347.11,337.15,342.7,344,5040300,344
2018-11-15,348.58,339.04,342.33,348.44,4625700,348.44
2018-11-16,355.7,345.12,345.19,354.31,7206200,354.31
2018-11-19,366.75,352.88,356.34,353.47,9708900,353.47
2018-11-20,349.8,333.55,341.75,347.49,8004700,347.49
2018-11-21,353.1,337.4,352,338.19,4686800,338.19
2018-11-23,337.5,325.55,334.35,325.83,4202600,325.83
2018-11-26,346.22,325,325,346,7992100,346
2018-11-27,346.96,335.5,340.05,343.92,6358300,343.92
2018-11-28,348.28,342.21,345.99,347.87,4127600,347.87
2018-11-29,347.5,339.55,347,341.17,3080700,341.17
2018-11-30,351.6,338.26,341.83,350.48,5629100,350.48
2018-12-03,366,352,360,358.49,8306500,358.49
2018-12-04,368.68,352,356.05,359.7,8461900,359.7
2018-12-06,367.38,350.76,356.01,363.06,7842500,363.06
2018-12-07,379.49,357.65,369,357.97,11511200,357.97
2018-12-10,365.98,353.12,360,365.15,6613500,365.15
2018-12-11,372.17,360.23,369.91,366.76,6308800,366.76
2018-12-12,371.91,365.16,369.42,366.6,5027000,366.6
2018-12-13,377.44,366.75,370.15,376.79,7365900,376.79
2018-12-14,377.87,364.33,375,365.71,6337600,365.71
2018-12-17,365.7,343.88,362,348.42,7674000,348.42
2018-12-18,351.55,333.69,350.54,337.03,7100000,337.03
2018-12-19,347.01,329.74,337.6,332.97,8274200,332.97
2018-12-20,330.29,311.87,327.05,315.38,9071900,315.38
2018-12-21,323.47,312.44,317.4,319.77,8016800,319.77
2018-12-24,314.5,295.2,313.5,295.39,5559900,295.39
2018-12-26,326.97,294.09,300,326.09,8163100,326.09
2018-12-27,322.17,301.5,319.84,316.13,8575100,316.13
2018-12-28,336.24,318.41,323.1,333.87,9939000,333.87
2018-12-31,339.21,325.26,337.79,332.8,6302300,332.8
2019-01-02,315.13,298.8,306.1,310.12,11658600,310.12
2019-01-03,309.4,297.38,307,300.36,6954400,300.36
2019-01-04,318,302.73,306,317.69,7394100,317.69
2019-01-07,336.74,317.75,321.72,334.96,7551200,334.96
2019-01-08,344.01,327.02,341.96,335.35,7008500,335.35
2019-01-09,343.5,331.47,335.5,338.53,5432900,338.53
2019-01-10,345.39,331.79,334.4,344.97,6056400,344.97
2019-01-11,348.41,338.77,342.09,347.26,5039100,347.26
2019-01-14,342.5,334,342.38,334.4,5247300,334.4
2019-01-15,348.8,334.5,335,344.43,6056600,344.43
2019-01-16,352,343.5,344.78,346.05,4691700,346.05
2019-01-17,351.5,344.15,346.21,347.31,3676700,347.31
2019-01-18,327.13,299.73,323,302.26,24150800,302.26
2019-01-22,308,295.5,304.82,298.92,12066700,298.92
2019-01-23,294.5,281.69,292.5,287.59,12530000,287.59
2019-01-24,293.68,279.28,283.03,291.51,8012200,291.51
2019-01-25,298.52,289.55,294.39,297.04,7249600,297.04
2019-01-28,297.46,287.75,292.91,296.38,6423300,296.38
2019-01-29,298.56,291.8,295.27,297.46,4621700,297.46
2019-01-30,309,298.49,300.45,308.77,11250300,308.77
2019-01-31,311.56,294,301,307.02,12569200,307.02
2019-02-01,316.1,303.5,305.42,312.21,7283400,312.21
2019-02-04,315.3,301.88,312.98,312.89,7352100,312.89
2019-02-05,322.44,312.25,312.49,321.35,6742800,321.35
2019-02-06,324.24,315.62,319.59,317.22,5038500,317.22
2019-02-07,314.7,303,313.3,307.51,6520600,307.51
2019-02-08,307.45,298.5,306.83,305.8,5844200,305.8
2019-02-11,318.6,310.5,311.6,312.84,7129700,312.84
2019-02-12,318.19,309.62,316.2,311.81,5517600,311.81
2019-02-13,312.75,305.57,312.35,308.17,5141600,308.17
2019-02-14,306.77,301,303.38,303.77,5200800,303.77
2019-02-15,308,303.9,304.5,307.88,3904900,307.88
2019-02-19,311.54,305.47,306.56,305.64,4168400,305.64
2019-02-20,306.3,299,304.41,302.56,7142100,302.56
2019-02-21,303.24,290.5,301.81,291.23,8909200,291.23
2019-02-22,296.5,292.1,294.49,294.71,5740600,294.71
2019-02-25,302.9,297,297.91,298.77,6626500,298.77
2019-02-26,302.01,288.77,292.22,297.86,8582500,297.86
2019-02-27,316.3,300.55,301.78,314.74,11183900,314.74
2019-02-28,320,310.81,318.92,319.88,10520700,319.88
2019-03-01,307.13,291.9,306.94,294.79,22911400,294.79
2019-03-04,299,282.78,298.12,285.36,17096800,285.36
2019-03-05,284,270.1,282,276.54,18764700,276.54
2019-03-06,281.51,274.39,276.48,276.24,10335500,276.24
2019-03-07,284.7,274.25,278.84,276.59,9420000,276.59
2019-03-08,285.59,275.89,276.91,284.14,8819600,284.14
2019-03-11,291.28,280.5,283.52,290.92,7392300,290.92
2019-03-12,288.07,281.06,286.49,283.36,7504100,283.36
2019-03-13,291.99,282.7,283.9,288.96,6844700,288.96
2019-03-14,295.39,288.29,292.45,289.96,7103400,289.96
2019-03-15,283.72,274.4,283.51,275.43,14785500,275.43
2019-03-18,278.05,267.3,276,269.49,10281000,269.49
2019-03-19,273.3,263.46,267.5,267.47,11800600,267.47
2019-03-20,274.97,266.3,269.69,273.6,6908200,273.6
2019-03-21,276.45,268.45,272.6,274.02,5947100,274.02
2019-03-22,272.8,264,272.58,264.53,8745600,264.53
2019-03-25,263.18,254.46,259.71,260.42,10215000,260.42
2019-03-26,270.26,264.43,264.44,267.77,7350900,267.77
2019-03-27,275.37,268.18,268.75,274.83,8779200,274.83
2019-03-28,280.33,275.1,277.16,278.62,6774100,278.62
2019-03-29,280.16,274.5,278.7,279.86,5991300,279.86
2019-04-01,289.2,281.28,282.62,289.18,8110400,289.18
2019-04-02,289.44,283.88,288.3,285.88,5478900,285.88
2019-04-03,296.17,287.17,287.32,291.81,7929900,291.81
2019-04-04,271.2,260.59,261.89,267.78,23720700,267.78
2019-04-05,276.1,266.11,269.86,274.96,13038300,274.96
2019-04-08,281.16,270.44,277.69,273.2,10410400,273.2
2019-04-09,275,269.61,271.65,272.31,5904000,272.31
2019-04-10,278.38,272.89,276.74,276.06,7061300,276.06
2019-04-11,270.5,265.6,268.3,268.42,9835900,268.42
2019-04-12,271.95,266.83,270.22,267.7,6746000,267.7
2019-04-15,268.88,258.63,268.63,266.38,10038600,266.38
2019-04-16,275,264.72,265.75,273.36,7272900,273.36
2019-04-17,274.79,268.54,274.75,271.23,5126500,271.23
2019-04-18,274.84,269.75,271.23,273.26,5876300,273.26
